Marital_status,Application_mode,Application_order,Course,Daytime_evening_attendance,Previous_qualification,Previous_qualification_grade,Nacionality,Mothers_qualification,Fathers_qualification,Mothers_occupation,Fathers_occupation,Admission_grade,Displaced,Educational_special_needs,Debtor,Tuition_fees_up_to_date,Gender,Scholarship_holder,Age_at_enrollment,International,Curricular_units_1st_sem_credited,Curricular_units_1st_sem_enrolled,Curricular_units_1st_sem_evaluations,Curricular_units_1st_sem_approved,Curricular_units_1st_sem_grade,Curricular_units_1st_sem_without_evaluations,Curricular_units_2nd_sem_credited,Curricular_units_2nd_sem_enrolled,Curricular_units_2nd_sem_evaluations,Curricular_units_2nd_sem_approved,Curricular_units_2nd_sem_grade,Curricular_units_2nd_sem_without_evaluations,Unemployment_rate,Inflation_rate,GDP,Status,Dropout,DropoutRiskScore,DropoutRiskCategory
1,17,5,171,1,1,122.0,1,19,12,5,9,127.3,1,0,0,1,1,0,20,0,0,0,0,0,0.0,0,0,0,0,0,0.0,0,10.8,1.4,1.74,Dropout,1,0.7983422901691083,High
1,15,1,9254,1,1,160.0,1,1,3,3,3,142.5,1,0,0,0,1,0,19,0,0,6,6,6,14.0,0,0,6,6,6,13.666666666666666,0,13.9,-0.3,0.79,Graduate,0,0.13475370826069274,Low
1,1,5,9070,1,1,122.0,1,37,37,9,9,124.8,1,0,0,0,1,0,19,0,0,6,0,0,0.0,0,0,6,0,0,0.0,0,10.8,1.4,1.74,Dropout,1,0.9895341903168041,High
1,17,2,9773,1,1,122.0,1,38,37,5,3,119.6,1,0,0,1,0,0,20,0,0,6,8,6,13.428571428571429,0,0,6,10,5,12.4,0,9.4,-0.8,-3.12,Graduate,0,0.16620199606571434,Low
2,39,1,8014,0,1,100.0,1,37,38,9,9,141.5,0,0,0,1,0,0,45,0,0,6,9,5,12.333333333333334,0,0,6,6,6,13.0,0,13.9,-0.3,0.79,Graduate,0,0.06551027016496674,Low
2,39,1,9991,0,19,133.1,1,37,37,9,7,114.8,0,0,1,1,1,0,50,0,0,5,10,5,11.857142857142858,0,0,5,17,5,11.5,5,16.2,0.3,-0.92,Graduate,0,0.21952549013503106,Low
1,1,1,9500,1,1,142.0,1,19,38,7,10,128.4,1,0,0,1,0,1,18,0,0,7,9,7,13.3,0,0,8,8,8,14.345,0,15.5,2.8,-4.06,Graduate,0,0.029983531064998223,Low
1,18,4,9254,1,1,119.0,1,37,37,9,9,113.1,1,0,0,0,1,0,22,0,0,5,5,0,0.0,0,0,5,5,0,0.0,0,15.5,2.8,-4.06,Dropout,1,0.99381868645966,High
1,1,3,9238,1,1,137.0,62,1,1,9,9,129.3,0,0,0,1,0,1,21,1,0,6,8,6,13.875,0,0,6,7,6,14.142857142857142,0,16.2,0.3,-0.92,Graduate,0,0.048515026145212574,Low
1,1,1,9238,1,1,138.0,1,1,19,4,7,123.0,1,0,1,0,0,0,18,0,0,6,9,5,11.4,0,0,6,14,2,13.5,0,8.9,1.4,3.51,Dropout,1,0.8845506832167136,High
1,1,1,9670,1,1,139.0,1,38,19,5,7,130.6,1,0,0,1,0,0,18,0,0,6,6,6,12.333333333333334,0,0,6,7,5,14.2,0,13.9,-0.3,0.79,Graduate,0,0.10435560006692603,Low
1,1,1,9500,1,1,136.0,1,19,38,9,9,119.3,1,0,0,1,0,1,18,0,0,8,8,7,13.214285714285714,0,0,8,8,7,13.214285714285714,0,12.7,3.7,-1.7,Graduate,0,0.011425751971622383,Low
1,1,2,9853,1,1,133.0,1,19,37,4,9,130.2,1,0,0,1,0,0,19,0,0,6,6,0,0.0,0,0,6,0,0,0.0,0,12.7,3.7,-1.7,Dropout,1,0.9812448908033569,High
1,53,1,9254,1,42,110.0,1,1,1,4,7,111.8,1,0,0,1,0,1,21,0,0,6,7,6,10.571428571428571,0,0,6,8,5,11.0,0,8.9,1.4,3.51,Graduate,0,0.11052837228950871,Low
1,1,1,9085,1,1,149.0,1,38,37,5,5,137.1,1,0,0,1,0,1,18,0,0,5,7,4,13.25,0,0,5,5,5,12.0,0,10.8,1.4,1.74,Graduate,0,0.02565192589385093,Low
1,1,1,9773,1,1,127.0,1,19,37,9,3,120.7,1,0,0,1,0,0,20,0,0,6,6,5,13.2,0,0,6,7,0,0.0,0,15.5,2.8,-4.06,Dropout,1,0.9061717585617665,High
1,18,1,9238,1,1,137.0,1,19,38,5,8,137.4,1,0,0,1,0,0,18,0,0,6,10,1,12.0,0,0,6,14,2,11.0,0,10.8,1.4,1.74,Enrolled,0,0.43374960946846575,Medium
1,17,2,9500,1,1,135.0,1,19,1,5,4,127.3,1,0,0,1,0,0,18,0,0,7,8,7,13.30625,0,0,8,8,8,14.545,0,15.5,2.8,-4.06,Graduate,0,0.07439415393586332,Low
1,1,1,9130,1,1,137.0,1,3,19,3,5,136.3,1,0,0,1,0,0,20,0,0,5,8,4,12.5,1,0,5,8,4,12.25,2,10.8,1.4,1.74,Graduate,0,0.05903281971327247,Low
1,1,1,9853,1,1,140.0,1,19,19,7,7,124.6,1,0,0,1,0,0,18,0,0,7,7,6,11.666666666666666,0,0,7,8,6,13.5,0,16.2,0.3,-0.92,Enrolled,0,0.08982461026045511,Low
1,1,3,171,1,1,122.0,1,1,1,9,8,120.3,0,0,0,1,0,1,21,0,0,0,0,0,0.0,0,0,0,0,0,0.0,0,11.1,0.6,2.02,Graduate,0,0.14797077922077922,Low
1,18,4,9556,1,1,127.0,1,1,38,4,7,121.8,1,0,0,1,0,0,20,0,0,7,14,7,11.4375,0,0,8,9,8,11.425,0,12.7,3.7,-1.7,Enrolled,0,0.08422441577109317,Low
1,1,4,9500,1,1,142.0,1,19,19,1,1,125.5,1,0,0,1,0,0,18,0,0,8,12,7,12.857142857142858,0,0,8,12,7,12.857142857142858,0,12.7,3.7,-1.7,Graduate,0,0.09178020505995962,Low
1,1,4,9670,1,1,125.0,1,1,38,4,7,114.9,1,0,0,1,0,1,19,0,0,6,8,6,13.375,0,0,6,7,6,12.285714285714286,0,11.1,0.6,2.02,Graduate,0,0.0665271166598904,Low
1,1,1,9500,1,1,126.0,1,19,19,3,7,123.9,0,0,0,1,0,0,19,0,0,7,8,6,13.296666666666669,0,0,8,9,7,14.114285714285714,0,11.1,0.6,2.02,Graduate,0,0.06502087768953188,Low
1,1,1,9238,1,1,151.0,1,19,38,9,9,157.0,1,0,1,1,0,1,18,0,0,6,8,5,11.6,0,0,6,12,4,11.0,0,7.6,2.6,0.32,Enrolled,0,0.3732357696392359,Medium
1,17,2,9238,1,1,115.0,1,19,38,7,8,116.4,1,0,0,1,0,0,21,0,0,6,9,6,11.375,0,0,6,9,6,13.285714285714286,0,16.2,0.3,-0.92,Graduate,0,0.06818328275920364,Low
1,1,1,9085,1,1,138.0,1,19,19,3,3,131.0,1,0,0,1,0,0,18,0,0,5,9,5,12.666666666666666,2,0,5,7,4,13.0,0,9.4,-0.8,-3.12,Enrolled,0,0.11721942241105322,Low
1,1,1,9147,1,1,135.0,1,19,1,9,9,122.1,1,0,0,1,0,0,20,0,0,5,6,5,12.0,0,0,5,6,5,12.333333333333334,0,16.2,0.3,-0.92,Graduate,0,0.03830669756576317,Low
1,17,2,9500,1,1,127.0,1,3,3,1,10,118.8,1,0,0,1,1,0,19,0,0,7,9,6,12.933333333333332,0,0,7,7,6,13.716666666666669,0,16.2,0.3,-0.92,Enrolled,0,0.08379557008892163,Low
1,44,1,9003,1,39,150.0,1,4,5,4,2,150.0,0,0,0,1,1,0,21,0,0,6,15,5,11.857142857142858,0,0,6,17,5,10.571428571428571,0,16.2,0.3,-0.92,Enrolled,0,0.13416587289431794,Low
1,51,1,9070,1,1,125.0,1,42,3,125,124,130.0,1,0,0,1,1,0,20,0,2,6,7,6,12.833333333333334,0,0,6,9,4,13.4,0,8.9,1.4,3.51,Graduate,0,0.16844599518839692,Low
1,1,1,9147,1,1,143.0,1,1,1,4,6,138.8,0,0,0,0,1,0,18,0,0,5,9,3,11.333333333333334,0,0,5,8,2,13.5,0,8.9,1.4,3.51,Enrolled,0,0.34511233156203475,Medium
1,18,1,8014,0,1,138.0,1,19,1,9,5,134.5,1,0,0,1,0,0,19,0,0,6,6,6,12.666666666666666,0,0,6,8,6,14.375,0,12.4,0.5,1.79,Graduate,0,0.04965728431553555,Low
1,1,1,9991,0,1,130.0,1,2,37,3,9,131.4,0,0,0,1,1,0,34,0,0,5,6,5,12.4,0,0,5,9,5,13.428571428571429,0,13.9,-0.3,0.79,Graduate,0,0.09562413180499574,Low
1,39,1,33,1,1,130.0,1,38,37,9,6,102.5,0,0,1,0,1,0,37,0,0,7,7,0,0.0,0,0,7,7,1,10.0,0,8.9,1.4,3.51,Dropout,1,0.8717462713811489,High
1,39,1,9119,1,10,133.1,1,34,37,0,0,128.8,1,0,0,1,1,0,43,0,0,5,0,0,0.0,0,0,5,0,0,0.0,0,7.6,2.6,0.32,Dropout,1,0.9952701247742859,High
1,43,1,9147,1,1,140.0,1,37,37,6,6,122.9,0,0,0,1,0,0,55,0,0,5,10,1,10.0,0,0,5,8,2,12.0,2,16.2,0.3,-0.92,Dropout,1,0.9011853486303708,High
4,39,1,9991,0,1,120.0,1,19,19,9,3,113.9,1,0,0,1,0,0,39,0,0,5,8,5,11.0,0,0,5,5,5,11.6,0,7.6,2.6,0.32,Graduate,0,0.09602779684229562,Low
1,44,1,9130,1,39,120.0,6,4,4,3,6,120.0,0,0,1,0,0,0,20,1,2,6,13,3,11.666666666666666,0,1,6,11,3,12.0,0,12.4,0.5,1.79,Dropout,1,0.9173420153953138,High
1,1,5,9773,1,1,126.0,1,3,3,2,2,121.1,0,0,1,1,0,0,18,0,0,6,6,4,12.75,0,0,5,5,0,0.0,0,12.7,3.7,-1.7,Dropout,1,0.9388578906278555,High
1,1,2,9147,1,1,133.0,1,3,19,2,7,120.4,1,0,0,1,0,0,22,0,0,5,5,5,14.8,0,0,5,5,5,15.8,0,8.9,1.4,3.51,Graduate,0,0.05360876201481044,Low
1,1,6,9500,1,1,103.0,1,1,3,2,2,100.6,1,1,0,1,0,0,22,0,0,7,9,5,13.928,0,0,8,9,7,14.342857142857142,0,11.1,0.6,2.02,Graduate,0,0.06839526098904158,Low
1,17,1,9773,1,1,120.0,1,1,38,5,5,121.4,0,0,0,0,0,0,20,0,0,6,7,4,13.0,0,0,6,7,5,13.8,0,12.4,0.5,1.79,Dropout,1,0.821186420430928,High
1,39,1,9991,0,1,133.1,1,37,37,9,9,109.7,0,0,0,1,0,0,29,0,0,5,0,0,0.0,0,0,5,0,0,0.0,0,16.2,0.3,-0.92,Dropout,1,0.9943630325638702,High
1,17,1,9991,0,1,154.0,1,38,38,4,5,134.1,0,0,0,1,0,0,24,0,0,5,9,2,11.5,0,0,5,11,3,14.333333333333334,1,7.6,2.6,0.32,Enrolled,0,0.2960404991844071,Low
1,17,2,9238,1,1,130.0,1,19,19,9,9,127.6,1,0,0,1,0,0,18,0,0,6,6,6,11.666666666666666,0,0,6,8,5,13.2,0,11.1,0.6,2.02,Graduate,0,0.0806775994776025,Low
1,17,6,9500,1,1,132.0,1,37,19,7,7,132.4,1,0,0,1,0,1,22,0,0,7,8,6,13.516666666666666,0,0,8,9,7,13.771428571428572,0,11.1,0.6,2.02,Graduate,0,0.0745902264556292,Low
1,44,1,8014,0,39,130.0,1,1,19,9,9,133.4,0,0,0,1,0,1,21,0,3,6,6,6,11.5,0,2,6,7,6,13.285714285714286,0,12.4,0.5,1.79,Graduate,0,0.07165188390755842,Low
1,1,1,9238,1,1,139.0,1,37,38,9,9,126.1,0,0,0,1,0,1,19,0,0,6,7,5,12.333333333333334,0,0,6,7,6,12.833333333333334,0,12.7,3.7,-1.7,Graduate,0,0.022463148155698776,Low
1,39,1,9254,1,1,130.0,1,19,38,9,7,113.5,0,0,0,1,0,1,24,0,0,6,6,6,13.666666666666666,0,0,6,6,6,14.166666666666666,0,12.4,0.5,1.79,Graduate,0,0.027432943413776792,Low
1,1,1,9500,1,1,139.0,1,37,38,6,6,121.3,1,0,0,1,0,1,19,0,0,8,10,6,11.833333333333334,0,0,8,10,6,11.833333333333334,0,9.4,-0.8,-3.12,Enrolled,0,0.05507791263931755,Low
1,1,1,9773,1,1,127.0,1,1,19,7,7,121.8,1,0,0,1,0,1,20,0,0,6,11,4,14.0,0,0,6,12,3,11.0,0,9.4,-0.8,-3.12,Enrolled,0,0.19856046913910785,Low
1,1,3,9130,1,1,167.0,1,37,37,90,90,159.3,0,0,0,1,0,0,19,0,0,5,7,5,14.714285714285714,0,0,5,5,5,15.8,0,7.6,2.6,0.32,Graduate,0,0.028207909536014857,Low
1,39,1,9991,0,1,130.0,1,38,38,9,9,120.0,0,0,0,1,0,0,27,0,0,5,12,5,10.6,0,0,5,10,5,11.0,0,9.4,-0.8,-3.12,Dropout,1,0.5414890040716872,Medium
1,1,1,9500,1,1,130.0,1,1,19,5,5,129.1,1,0,0,1,0,0,18,0,0,7,9,7,13.044444444444444,0,0,8,10,8,13.595,0,15.5,2.8,-4.06,Graduate,0,0.05177847434248451,Low
2,7,1,9254,1,3,130.0,1,1,3,4,3,130.0,0,0,0,1,0,0,39,0,0,6,10,0,0.0,0,0,6,6,0,0.0,0,12.4,0.5,1.79,Dropout,1,0.9871739449836654,High
1,39,1,9130,1,40,129.0,1,3,3,2,2,155.3,1,0,0,1,0,0,27,0,0,6,9,5,13.0,0,5,11,13,10,12.9,0,12.4,0.5,1.79,Dropout,1,0.5414467482204477,Medium
1,17,1,9500,1,1,141.0,1,38,38,7,10,139.8,1,0,0,1,0,0,18,0,0,8,8,8,14.935,0,0,8,8,8,14.935,0,9.4,-0.8,-3.12,Graduate,0,0.05208622335603112,Low
1,1,3,171,1,1,125.0,1,38,37,4,9,115.2,1,0,0,1,0,0,18,0,0,0,0,0,0.0,0,0,0,0,0,0.0,0,7.6,2.6,0.32,Enrolled,0,0.17414248969747695,Low
1,1,2,9500,1,1,125.0,1,19,19,9,9,114.9,0,0,0,1,0,0,18,0,0,7,8,6,13.133333333333333,0,0,8,12,7,12.221428571428572,0,16.2,0.3,-0.92,Graduate,0,0.049385585610543986,Low
1,44,1,9238,1,39,130.0,1,19,1,9,9,131.9,0,0,0,1,0,1,21,0,3,6,7,6,12.0,0,2,6,7,6,12.0,0,13.9,-0.3,0.79,Graduate,0,0.05018291155390982,Low
1,17,3,171,1,1,133.0,1,1,37,4,7,126.0,1,0,0,1,1,1,19,0,0,0,0,0,0.0,0,0,0,0,0,0.0,0,10.8,1.4,1.74,Enrolled,0,0.4542770230470659,Medium
1,17,1,9070,1,1,127.0,1,1,1,3,4,130.2,1,0,0,1,1,0,19,0,0,6,6,5,11.4,0,0,6,8,1,10.0,0,10.8,1.4,1.74,Enrolled,0,0.2493864106988377,Low
1,43,1,9070,1,1,116.0,1,1,1,3,3,120.9,0,0,0,1,1,0,24,0,0,6,6,0,0.0,0,0,6,6,0,0.0,0,12.7,3.7,-1.7,Enrolled,0,0.5471118462514001,Medium
4,42,1,9500,1,19,133.1,1,1,1,5,5,126.0,1,0,0,1,1,0,29,0,2,7,10,5,11.9,0,1,8,10,5,11.0,0,13.9,-0.3,0.79,Dropout,1,0.8062613203734234,High
1,1,3,171,1,1,139.0,1,19,19,5,3,128.2,1,0,0,1,1,1,19,0,0,0,0,0,0.0,0,0,0,0,0,0.0,0,10.8,1.4,1.74,Graduate,0,0.1461601231712093,Low
1,44,1,9003,1,39,130.0,1,19,37,9,9,130.0,1,0,0,1,1,0,23,0,0,6,8,6,12.571428571428571,0,0,6,7,6,12.428571428571429,0,8.9,1.4,3.51,Graduate,0,0.0656679525255781,Low
1,1,3,9147,1,1,125.0,1,1,38,7,7,120.1,0,0,1,1,1,0,19,0,0,5,8,5,11.2,0,0,5,10,4,10.75,3,16.2,0.3,-0.92,Dropout,1,0.6809001671177503,High
1,39,1,9254,1,1,160.0,1,19,37,7,10,100.0,0,0,0,1,1,0,26,0,0,6,7,6,12.0,0,0,6,8,5,10.8,0,12.7,3.7,-1.7,Enrolled,0,0.13027707509806877,Low
1,17,1,9147,1,1,148.0,1,38,37,5,5,134.0,0,0,0,1,1,0,18,0,0,5,9,0,0.0,0,0,5,5,0,0.0,0,7.6,2.6,0.32,Enrolled,0,0.5267258612865453,Medium
1,17,1,9500,1,1,150.0,1,37,19,8,4,130.8,0,0,0,1,1,0,24,0,0,7,8,7,11.975,0,0,8,8,8,13.75,0,13.9,-0.3,0.79,Graduate,0,0.10375333319098333,Low
1,1,1,171,1,1,141.0,1,19,19,5,10,135.8,1,0,0,1,1,0,19,0,0,0,0,0,0.0,0,0,0,0,0,0.0,0,15.5,2.8,-4.06,Dropout,1,0.43752139803259466,Medium
1,17,4,9254,1,1,118.0,1,38,37,5,7,111.7,1,0,0,1,1,0,18,0,0,6,12,3,11.666666666666666,0,0,6,12,1,12.0,0,12.4,0.5,1.79,Dropout,1,0.882105542488315,High
1,1,2,9773,1,1,142.0,1,38,38,9,9,132.9,1,0,0,1,1,0,18,0,0,6,8,6,12.333333333333334,0,0,6,11,3,12.333333333333334,0,10.8,1.4,1.74,Graduate,0,0.29064413243895154,Low
1,17,3,9147,1,1,120.0,1,19,19,4,7,115.5,1,0,1,1,1,0,18,0,0,5,8,3,10.333333333333334,0,0,5,11,3,10.857142857142858,0,10.8,1.4,1.74,Dropout,1,0.8073962678436867,High
1,18,4,9254,1,1,106.0,1,19,37,7,7,106.0,1,0,0,1,1,1,21,0,0,6,8,4,10.5,0,0,6,11,1,11.0,0,9.4,-0.8,-3.12,Dropout,1,0.8440728854367551,High
1,17,4,9773,1,1,121.0,1,1,19,9,8,120.3,1,0,1,1,1,1,19,0,0,6,6,6,13.666666666666666,0,0,6,6,6,13.333333333333334,0,8.9,1.4,3.51,Graduate,0,0.04661197829762127,Low
1,17,4,9500,1,1,150.0,1,38,37,9,9,130.8,0,0,0,1,1,1,22,0,0,7,7,7,14.842857142857142,0,0,8,9,8,15.055555555555555,0,16.2,0.3,-0.92,Graduate,0,0.07355518138621107,Low
2,39,1,8014,0,1,120.0,1,37,37,9,6,117.0,0,0,0,1,1,0,33,0,0,6,8,6,12.0,0,0,6,6,6,11.666666666666666,0,10.8,1.4,1.74,Graduate,0,0.0406347195061759,Low
1,1,6,9853,1,1,114.0,1,19,19,9,9,110.2,1,0,0,1,1,0,20,0,0,6,8,5,12.2,0,0,6,7,5,12.2,0,10.8,1.4,1.74,Dropout,1,0.13045289205909072,Low
1,39,1,9991,0,2,140.0,1,3,3,2,2,155.7,1,0,0,1,1,0,35,0,0,1,1,0,0.0,1,0,5,0,0,0.0,0,10.8,1.4,1.74,Dropout,1,0.970831336506645,High
1,39,1,9003,1,4,160.0,1,3,3,4,2,180.4,0,0,1,1,1,0,24,0,6,12,17,6,12.166666666666666,0,7,12,14,10,13.3,0,12.4,0.5,1.79,Dropout,1,0.6780906780242627,High
1,17,1,9254,1,1,120.0,1,19,19,4,4,125.5,0,0,0,1,1,0,18,0,0,5,6,5,12.0,0,0,5,8,3,11.333333333333334,0,12.7,3.7,-1.7,Enrolled,0,0.16670098236935804,Low
2,39,1,8014,0,1,130.0,1,37,37,9,6,110.0,1,0,0,1,0,0,33,0,0,6,7,6,11.0,0,0,6,11,5,11.0,0,9.4,-0.8,-3.12,Graduate,0,0.10032092319366753,Low
1,42,1,9500,1,1,160.0,1,37,38,9,7,161.0,1,0,0,1,0,1,22,0,0,8,8,7,13.08,0,0,8,8,7,13.08,0,10.8,1.4,1.74,Graduate,0,0.02113869325958531,Low
1,39,1,9670,1,1,120.0,1,1,19,4,5,100.0,0,0,0,1,0,1,25,0,0,5,7,4,10.5,0,0,5,7,5,11.6,0,9.4,-0.8,-3.12,Graduate,0,0.07988719201836313,Low
1,17,1,9070,1,1,124.0,1,19,38,4,0,117.6,1,0,0,1,1,0,20,0,0,6,9,6,10.666666666666666,1,0,6,6,5,11.2,0,7.6,2.6,0.32,Graduate,0,0.0763483170131193,Low
1,1,6,9147,1,1,143.0,1,38,37,9,9,128.7,1,0,0,1,1,0,23,0,0,5,6,4,14.0,0,0,5,5,5,13.8,0,11.1,0.6,2.02,Enrolled,0,0.06934182761595777,Low
1,43,2,9119,1,1,115.0,1,38,19,9,6,112.2,1,0,1,1,1,0,18,0,0,5,9,2,10.0,0,0,5,9,0,0.0,0,15.5,2.8,-4.06,Enrolled,0,0.778378889271256,High
1,39,1,9500,1,1,133.1,1,1,1,4,10,100.8,0,0,0,1,1,0,24,0,0,7,18,0,0.0,0,0,7,7,0,0.0,0,13.9,-0.3,0.79,Dropout,1,0.9504733855092365,High
1,17,2,9773,1,1,133.1,41,19,1,9,9,105.0,1,0,0,0,0,0,21,1,0,6,6,6,14.0,0,0,6,6,6,13.5,0,8.9,1.4,3.51,Graduate,0,0.07586038070167209,Low
1,15,1,9130,1,1,133.1,41,1,1,4,4,100.0,0,0,0,1,0,0,26,1,0,6,7,2,12.0,1,0,6,6,0,0.0,0,8.9,1.4,3.51,Dropout,1,0.957209477514656,High
2,39,1,9853,1,10,133.1,1,37,34,0,0,115.5,0,0,0,1,0,0,39,0,0,6,12,3,12.666666666666666,0,0,6,14,0,0.0,1,7.6,2.6,0.32,Dropout,1,0.973031690737491,High
2,39,1,8014,0,1,133.1,1,37,19,9,9,114.0,0,0,0,1,0,0,44,0,2,8,11,8,11.875,0,0,6,7,6,12.333333333333334,0,12.7,3.7,-1.7,Graduate,0,0.031678605304967695,Low
1,15,1,9119,1,1,130.0,26,38,3,9,2,137.0,1,0,0,1,1,0,19,1,0,5,9,5,14.0,0,0,5,11,3,13.25,0,13.9,-0.3,0.79,Enrolled,0,0.22855832688583608,Low
1,1,5,9773,1,1,135.0,1,37,1,5,5,124.9,1,0,0,1,0,0,18,0,0,6,6,6,13.666666666666666,0,0,6,6,6,13.333333333333334,0,8.9,1.4,3.51,Graduate,0,0.07677901886732585,Low
1,1,5,9500,1,1,132.0,1,37,37,7,7,120.3,1,0,0,1,0,1,18,0,0,7,7,7,13.75,0,0,8,9,8,14.47777777777778,0,12.4,0.5,1.79,Graduate,0,0.036733732496447444,Low
1,1,1,9085,1,1,135.0,1,1,2,9,1,134.3,1,0,0,1,0,0,19,0,0,5,7,5,14.2,2,0,5,7,5,13.8,0,12.7,3.7,-1.7,Enrolled,0,0.05844497040119132,Low
1,1,4,9500,1,1,115.0,1,3,3,2,2,111.5,1,0,1,0,0,0,19,0,0,7,10,4,11.96,0,0,7,7,0,0.0,0,13.9,-0.3,0.79,Dropout,1,0.9688736193906643,High
1,53,1,9085,1,42,130.0,1,38,38,9,9,128.8,0,0,0,1,0,0,21,0,7,10,12,8,12.875,0,4,9,14,5,13.4,0,8.9,1.4,3.51,Dropout,1,0.5503662142303395,Medium
1,1,4,171,1,1,133.1,1,1,1,9,10,110.0,1,0,0,1,0,0,20,0,0,0,0,0,0.0,0,0,0,0,0,0.0,0,16.2,0.3,-0.92,Graduate,0,0.3295631426493191,Medium
2,39,1,8014,0,1,130.0,1,37,37,6,5,113.5,1,0,0,1,0,0,36,0,0,6,0,0,0.0,0,0,6,0,0,0.0,0,9.4,-0.8,-3.12,Dropout,1,0.9851130874567923,High
4,39,1,9003,1,12,133.1,1,37,37,9,6,160.0,0,0,0,1,0,0,43,0,13,18,19,18,14.63157894736842,0,10,13,14,13,14.23076923076923,1,15.5,2.8,-4.06,Graduate,0,0.04156370355864455,Low
1,18,1,9853,1,1,123.0,1,19,19,9,7,117.4,1,0,0,1,0,0,19,0,0,6,0,0,0.0,0,0,6,0,0,0.0,0,11.1,0.6,2.02,Dropout,1,0.9947076203212547,High
1,51,1,9070,1,1,130.0,1,3,1,2,8,122.2,0,0,1,1,0,0,20,0,4,10,12,10,13.0,0,5,11,11,11,12.272727272727272,0,11.1,0.6,2.02,Graduate,0,0.09041261592178032,Low
1,1,2,9238,1,1,122.0,1,37,38,4,7,118.2,1,0,0,1,0,0,19,0,0,6,0,0,0.0,0,0,6,0,0,0.0,0,16.2,0.3,-0.92,Dropout,1,0.9946695526316872,High
1,1,1,9085,1,1,113.0,1,1,1,4,4,106.7,1,0,0,1,0,0,20,0,0,6,15,4,14.2,0,0,6,17,4,13.25,0,15.5,2.8,-4.06,Dropout,1,0.6228031577251233,High
1,1,5,9500,1,1,111.0,1,3,4,4,3,108.2,1,0,0,1,0,0,20,0,2,7,9,6,13.266666666666666,0,0,7,10,5,12.3,0,12.4,0.5,1.79,Dropout,1,0.3874150834237304,Medium
1,17,2,9853,1,1,133.1,1,19,1,9,3,107.0,1,0,0,1,0,0,20,0,0,7,12,6,11.666666666666666,0,0,7,10,3,13.0,0,16.2,0.3,-0.92,Enrolled,0,0.3011117292015129,Medium
1,1,1,9238,1,1,142.0,1,37,37,6,7,136.1,1,0,0,1,0,0,18,0,0,6,8,6,13.857142857142858,0,0,6,6,6,15.0,0,13.9,-0.3,0.79,Graduate,0,0.05748154947908759,Low
1,17,2,9147,1,1,123.0,1,1,38,4,7,115.3,1,0,0,1,0,1,18,0,0,5,9,3,13.0,0,0,5,11,3,11.0,0,8.9,1.4,3.51,Enrolled,0,0.12706299256085551,Low
1,1,1,9085,1,1,131.0,1,19,19,9,9,139.8,1,0,0,1,0,0,19,0,0,5,6,5,13.4,0,0,5,5,5,12.8,0,10.8,1.4,1.74,Graduate,0,0.03198672525033814,Low
1,1,3,9773,1,1,158.0,1,1,38,4,7,157.0,1,0,0,1,0,0,18,0,0,6,6,6,12.666666666666666,0,0,6,7,6,12.571428571428571,0,10.8,1.4,1.74,Graduate,0,0.1962545450799058,Low
1,17,2,9500,1,1,122.0,1,37,37,9,9,131.0,1,0,0,1,0,0,18,0,0,7,7,6,12.516666666666666,1,0,7,7,6,12.516666666666666,1,7.6,2.6,0.32,Dropout,1,0.4353545182140568,Medium
1,43,1,9500,1,1,130.0,1,38,38,9,5,100.0,0,0,0,1,0,0,20,0,0,7,11,6,11.616666666666667,0,0,7,7,7,13.0,0,13.9,-0.3,0.79,Enrolled,0,0.044036986811351896,Low
1,17,1,9238,1,1,154.0,1,19,37,9,7,140.4,1,0,0,1,0,1,20,0,0,6,13,2,10.0,0,0,6,12,4,10.75,0,7.6,2.6,0.32,Enrolled,0,0.18679559619096592,Low
1,17,1,9147,1,1,120.0,1,19,19,3,3,113.4,0,0,0,1,0,0,20,0,0,5,11,3,10.333333333333334,0,0,5,10,3,10.666666666666666,0,12.4,0.5,1.79,Enrolled,0,0.2820283560175541,Low
1,1,2,9085,1,1,140.0,1,37,38,9,7,137.0,0,0,0,1,0,0,18,0,0,5,12,5,13.142857142857142,2,0,5,6,5,11.4,0,9.4,-0.8,-3.12,Graduate,0,0.04966045015899529,Low
1,1,1,9147,1,1,127.0,1,2,19,4,5,121.8,0,0,0,1,0,0,18,0,0,5,5,5,12.6,0,0,5,5,5,14.0,0,11.1,0.6,2.02,Graduate,0,0.03916000570399368,Low
1,17,1,9254,1,1,133.1,1,1,1,4,5,131.0,1,0,0,1,0,0,21,0,0,6,12,3,11.0,0,0,6,12,2,11.0,0,9.4,-0.8,-3.12,Dropout,1,0.7904869113036034,High
1,1,2,9147,1,1,120.0,1,19,19,9,7,118.6,1,0,0,1,0,0,19,0,0,5,8,5,10.8,0,0,5,9,4,11.25,2,16.2,0.3,-0.92,Graduate,0,0.09528717326173781,Low
1,1,1,171,1,1,137.0,1,3,19,2,9,122.3,0,0,0,1,0,0,19,0,0,0,0,0,0.0,0,0,0,0,0,0.0,0,10.8,1.4,1.74,Dropout,1,0.7656872535653763,High
1,1,1,9670,1,1,131.0,1,38,38,9,9,127.9,0,0,0,1,0,1,19,0,0,5,5,5,12.8,0,0,5,5,5,14.2,0,9.4,-0.8,-3.12,Graduate,0,0.04037911922051926,Low
1,1,1,9085,1,1,130.0,1,19,38,4,7,121.3,1,0,0,1,0,0,19,0,0,6,15,6,14.166666666666666,0,0,6,13,6,12.2,0,15.5,2.8,-4.06,Graduate,0,0.05361257546132452,Low
1,17,6,9556,1,1,122.0,1,1,1,4,5,117.1,1,0,0,1,0,0,19,0,0,7,12,5,12.1,0,0,7,0,0,0.0,0,13.9,-0.3,0.79,Dropout,1,0.9256183430399195,High
1,44,1,9085,1,39,160.0,1,37,37,9,9,160.0,1,0,0,1,0,0,20,0,1,6,7,6,14.166666666666666,0,1,6,17,5,13.77777777777778,0,12.4,0.5,1.79,Graduate,0,0.08689006718845398,Low
1,1,1,9853,1,1,146.0,1,19,38,9,3,145.3,1,0,0,1,0,1,18,0,0,6,8,5,12.8,0,0,6,7,5,13.4,0,9.4,-0.8,-3.12,Enrolled,0,0.06725358614006899,Low
1,17,3,9238,1,1,131.0,1,1,39,5,3,122.6,1,0,0,1,0,0,18,0,0,6,7,6,13.0,0,0,6,6,6,13.666666666666666,0,12.4,0.5,1.79,Graduate,0,0.14762002080441858,Low
1,17,6,9500,1,1,132.0,1,1,37,8,9,128.0,1,0,0,1,0,0,19,0,0,7,7,7,13.467142857142855,0,0,8,9,8,15.011111111111113,0,12.4,0.5,1.79,Graduate,0,0.10144181632550678,Low
1,1,3,9500,1,1,138.0,1,19,19,5,8,124.9,1,0,0,1,0,1,18,0,0,7,9,7,13.2375,0,0,8,9,7,13.742857142857144,0,13.9,-0.3,0.79,Dropout,1,0.21637733759200994,Low
1,17,2,9070,1,1,130.0,1,37,37,9,9,123.7,1,0,0,1,0,0,18,0,0,6,6,6,12.333333333333334,0,0,6,6,6,13.0,0,7.6,2.6,0.32,Graduate,0,0.030327232383766254,Low
1,1,4,9147,1,1,126.0,1,1,19,4,8,120.1,1,0,0,1,0,0,19,0,0,5,7,5,12.4,0,0,5,5,5,14.6,0,8.9,1.4,3.51,Graduate,0,0.045081826485387624,Low
1,17,6,9500,1,1,148.0,1,1,19,3,3,131.7,1,0,0,1,0,0,19,0,0,7,8,5,14.0,0,0,7,7,0,0.0,0,13.9,-0.3,0.79,Dropout,1,0.8481392319526837,High
1,43,1,9238,1,1,130.0,1,38,37,9,7,133.2,0,0,0,1,0,0,20,0,5,9,15,9,11.666666666666666,0,2,7,8,7,11.714285714285714,0,7.6,2.6,0.32,Graduate,0,0.06755702856692822,Low
1,1,1,9670,1,1,117.0,1,1,38,3,9,109.3,0,0,1,0,0,1,19,0,0,6,7,5,12.0,0,0,6,9,4,12.5,0,12.4,0.5,1.79,Dropout,1,0.8708254282704421,High
1,17,1,9670,1,1,120.0,1,19,19,5,5,113.0,1,0,0,1,0,0,20,0,0,5,7,4,12.2,0,0,5,5,4,11.5,0,7.6,2.6,0.32,Graduate,0,0.1583947961962806,Low
1,1,1,9773,1,1,153.0,1,1,1,141,175,157.9,0,0,1,1,0,1,18,0,0,6,6,6,14.833333333333334,0,0,6,6,6,14.833333333333334,0,8.9,1.4,3.51,Graduate,0,0.07216057781531297,Low
1,1,2,9500,1,1,117.0,1,19,1,4,7,112.1,0,0,0,1,0,1,20,0,0,7,9,5,13.188,0,0,8,9,7,12.892857142857142,0,11.1,0.6,2.02,Enrolled,0,0.02796814635926015,Low
1,18,1,9500,1,1,178.0,1,19,1,4,8,174.7,0,0,0,1,0,0,18,0,0,7,8,7,17.125,0,0,8,8,8,17.5875,0,13.9,-0.3,0.79,Graduate,0,0.16466427910325807,Low
1,1,5,9500,1,1,129.0,1,37,37,9,9,128.8,1,0,0,1,0,0,19,0,0,7,7,6,12.666666666666666,0,0,7,7,6,12.666666666666666,0,7.6,2.6,0.32,Graduate,0,0.0442894378931693,Low
1,1,6,9773,1,1,116.0,1,19,1,4,4,110.1,1,0,0,1,0,1,19,0,0,6,8,6,12.666666666666666,0,0,6,10,5,12.0,0,12.4,0.5,1.79,Graduate,0,0.12823440892710825,Low
1,51,1,9147,1,1,99.0,1,3,1,3,3,99.7,1,0,1,0,0,0,22,0,0,5,8,0,0.0,0,0,5,7,0,0.0,0,8.9,1.4,3.51,Enrolled,0,0.4071446903402143,Medium
1,1,3,9238,1,1,135.0,1,1,12,9,10,121.0,1,0,0,1,0,1,19,0,0,6,7,6,11.333333333333334,0,0,6,6,6,11.5,0,12.4,0.5,1.79,Graduate,0,0.04559381514233832,Low
1,1,3,9500,1,1,141.0,1,19,19,9,7,131.7,1,0,0,1,0,1,19,0,0,7,10,7,13.605,0,0,8,11,8,12.33125,0,15.5,2.8,-4.06,Graduate,0,0.031225353478743743,Low
1,17,5,9853,1,1,132.0,1,37,38,5,6,119.1,1,0,0,1,0,1,19,0,0,6,10,5,12.0,0,0,6,9,5,10.8,0,9.4,-0.8,-3.12,Graduate,0,0.2991805604410031,Low
1,1,4,9254,1,1,132.0,1,12,19,9,9,124.7,1,0,0,1,0,0,19,0,0,5,10,0,0.0,0,0,5,10,0,0.0,0,7.6,2.6,0.32,Dropout,1,0.9012146713256838,High
1,17,1,9254,1,1,113.0,1,1,37,9,10,117.2,1,0,0,1,0,0,20,0,0,6,8,5,11.2,0,0,6,12,3,11.666666666666666,0,7.6,2.6,0.32,Dropout,1,0.5903751573622481,Medium
1,1,1,9147,1,1,134.0,1,3,19,2,10,128.8,0,0,0,1,0,0,18,0,0,5,10,5,13.375,0,0,5,9,5,14.166666666666666,0,13.9,-0.3,0.79,Graduate,0,0.07917325192860424,Low
1,1,1,9500,1,1,136.0,1,1,19,9,9,131.5,0,0,0,1,0,1,20,0,0,7,8,6,13.863333333333337,0,0,8,9,7,14.178571428571429,0,11.1,0.6,2.02,Graduate,0,0.03532189635778166,Low
1,1,1,171,1,1,136.0,1,3,37,2,8,121.7,1,0,0,1,0,0,18,0,0,0,0,0,0.0,0,0,0,0,0,0.0,0,9.4,-0.8,-3.12,Enrolled,0,0.18492669278129867,Low
1,1,1,9085,1,1,129.0,1,1,38,4,7,123.4,0,0,0,1,0,0,19,0,0,5,6,5,12.4,0,0,5,6,5,13.4,0,7.6,2.6,0.32,Graduate,0,0.02657609489620189,Low
1,17,1,9853,1,1,138.0,1,38,38,7,6,124.7,1,0,0,1,0,0,18,0,0,6,11,3,12.333333333333334,0,0,6,10,5,10.833333333333334,0,9.4,-0.8,-3.12,Enrolled,0,0.21974884988019913,Low
1,1,1,9853,1,1,137.0,1,37,37,9,9,132.8,1,0,0,1,0,0,18,0,0,6,7,6,13.333333333333334,0,0,6,8,5,11.8,0,7.6,2.6,0.32,Graduate,0,0.09296293696697785,Low
1,43,1,9853,1,1,115.0,1,3,37,2,5,108.7,1,0,0,1,0,0,21,0,0,6,10,3,12.666666666666666,0,0,6,12,3,10.0,0,9.4,-0.8,-3.12,Dropout,1,0.7883673109896153,High
1,1,1,9853,1,1,129.0,1,38,37,6,6,138.1,0,0,0,1,0,0,19,0,0,6,8,6,12.0,0,0,6,10,4,11.5,0,7.6,2.6,0.32,Dropout,1,0.5855755903268468,Medium
1,1,1,9147,1,1,131.0,1,38,38,9,9,126.5,0,0,0,1,0,1,18,0,0,5,5,5,10.6,0,0,5,5,5,11.8,0,12.4,0.5,1.79,Graduate,0,0.028113463621346244,Low
1,17,2,9238,1,1,133.0,1,1,37,7,9,127.4,1,0,0,1,0,1,18,0,0,6,8,6,12.25,0,0,6,7,6,11.857142857142858,0,12.7,3.7,-1.7,Graduate,0,0.03625658759286053,Low
1,1,3,9238,1,1,125.0,1,19,1,9,10,123.6,1,0,0,1,0,0,20,0,0,6,10,4,11.0,0,0,6,9,6,11.833333333333334,0,9.4,-0.8,-3.12,Graduate,0,0.08486387217609562,Low
1,39,1,8014,0,1,120.0,1,1,19,6,8,122.0,0,0,0,1,0,1,24,0,0,6,11,5,11.0,0,0,6,9,5,12.6,0,11.1,0.6,2.02,Graduate,0,0.09973347170528693,Low
1,1,1,9670,1,1,128.0,1,19,1,4,1,118.2,0,0,0,1,0,0,19,0,0,6,6,6,13.166666666666666,0,0,6,9,6,13.0,0,10.8,1.4,1.74,Dropout,1,0.26786889885026194,Low
1,1,1,9500,1,1,127.0,1,19,37,9,7,123.9,1,0,0,1,0,1,18,0,0,7,9,7,12.855555555555554,0,0,8,12,7,12.761111111111113,0,15.5,2.8,-4.06,Graduate,0,0.024398257316564354,Low
1,1,2,9500,1,1,134.0,1,19,19,9,9,125.8,1,0,0,1,0,0,18,0,0,7,8,7,14.91875,0,0,8,8,8,15.355,0,15.5,2.8,-4.06,Graduate,0,0.05037490114359235,Low
1,17,5,9853,1,1,132.0,1,12,12,4,4,123.3,1,0,0,1,0,0,21,0,0,6,13,4,11.5,0,0,6,10,3,11.0,0,10.8,1.4,1.74,Dropout,1,0.7671461351769951,High
1,17,2,9670,1,1,124.0,1,1,19,5,4,124.4,0,0,0,1,0,0,19,0,0,5,5,5,14.2,0,0,5,5,5,14.2,0,7.6,2.6,0.32,Graduate,0,0.07631955410800055,Low
1,17,1,9773,1,1,133.1,1,19,37,7,7,126.0,0,0,0,1,0,1,19,0,0,6,6,6,12.5,0,0,6,7,6,13.0,0,15.5,2.8,-4.06,Graduate,0,0.0426711925667864,Low
3,39,1,9003,1,1,170.0,1,1,37,6,6,170.0,0,0,1,1,0,0,47,0,0,1,1,0,0.0,0,0,6,0,0,0.0,0,8.9,1.4,3.51,Enrolled,0,0.38083622683790624,Medium
1,17,3,9238,1,1,125.0,1,19,19,7,8,121.5,0,0,0,1,0,0,19,0,0,6,10,5,11.666666666666666,0,0,6,12,4,11.0,0,13.9,-0.3,0.79,Graduate,0,0.2674636177300011,Low
1,39,1,9500,1,3,130.0,1,2,2,1,1,130.0,0,0,0,1,0,0,29,0,1,8,8,7,14.257142857142856,0,1,8,8,7,14.257142857142856,0,12.7,3.7,-1.7,Graduate,0,0.07026249048501432,Low
1,43,1,9238,1,1,125.0,1,19,19,4,8,117.0,1,0,0,1,0,0,21,0,0,6,13,3,12.0,0,0,6,12,2,11.333333333333334,0,16.2,0.3,-0.92,Dropout,1,0.7696854578996133,High
1,39,1,9085,1,1,130.0,1,37,19,9,7,130.0,1,0,0,1,0,0,28,0,0,5,13,4,11.25,1,0,5,11,4,10.5,0,12.7,3.7,-1.7,Enrolled,0,0.23301176108122695,Low
1,17,2,9556,1,1,133.1,1,37,37,3,10,108.0,0,0,0,1,0,0,20,0,0,7,8,7,12.457142857142856,0,0,8,8,8,13.5625,0,15.5,2.8,-4.06,Graduate,0,0.03928215788840544,Low
1,17,1,9500,1,1,131.0,1,2,38,4,5,132.3,1,0,0,1,0,0,19,0,0,7,7,6,11.683333333333332,0,0,7,7,6,11.683333333333332,0,7.6,2.6,0.32,Graduate,0,0.0408768813230003,Low
1,42,1,8014,0,1,150.0,1,19,2,4,6,148.0,0,0,0,1,0,0,26,0,0,6,10,3,11.666666666666666,0,0,6,8,5,12.0,0,9.4,-0.8,-3.12,Graduate,0,0.1669260881105825,Low
1,17,2,9254,1,1,125.0,1,37,37,9,8,122.6,1,0,1,0,0,0,20,0,0,6,8,4,11.75,0,0,6,6,6,13.166666666666666,0,11.1,0.6,2.02,Dropout,1,0.8302219036955112,High
1,1,1,9670,1,1,131.0,1,37,37,9,9,123.0,1,0,0,1,0,1,18,0,0,5,6,3,11.666666666666666,0,0,5,6,4,13.5,0,7.6,2.6,0.32,Enrolled,0,0.10012893526714499,Low
1,39,1,9853,1,1,130.0,1,37,19,9,5,102.5,0,0,0,1,0,0,27,0,0,6,9,5,13.2,0,0,6,10,5,12.0,0,7.6,2.6,0.32,Graduate,0,0.19636276250727255,Low
1,1,2,9500,1,1,123.0,1,34,34,90,90,113.3,1,0,0,1,0,0,20,0,0,7,8,4,11.95,0,0,7,8,4,11.95,0,7.6,2.6,0.32,Dropout,1,0.6540894570368122,High
1,1,5,9853,1,1,141.0,1,37,19,9,5,133.0,1,0,0,1,0,0,18,0,0,6,8,5,12.4,0,0,6,12,5,10.4,0,9.4,-0.8,-3.12,Dropout,1,0.6018500453392295,High
1,7,1,9500,1,3,140.0,1,1,1,9,5,140.0,0,0,0,1,0,0,33,0,2,7,8,6,14.35,0,3,8,10,6,14.583333333333334,0,16.2,0.3,-0.92,Dropout,1,0.4621311960707637,Medium
1,43,1,9853,1,1,140.0,1,3,1,3,3,128.3,1,0,0,1,0,0,35,0,19,21,21,21,12.61904761904762,0,13,19,19,19,12.789473684210526,0,12.4,0.5,1.79,Graduate,0,0.2144060032922539,Low
1,44,1,9991,0,39,140.0,1,37,19,9,8,140.0,0,0,0,1,0,1,26,0,2,6,7,6,12.666666666666666,0,2,6,7,6,13.166666666666666,1,9.4,-0.8,-3.12,Enrolled,0,0.069276002494418,Low
1,39,1,9773,1,19,133.1,1,19,19,3,4,104.0,0,0,1,0,0,0,27,0,0,6,6,5,12.0,0,0,6,6,0,0.0,0,11.1,0.6,2.02,Dropout,1,0.9654896249231226,High
1,18,3,9070,1,1,131.0,1,1,37,5,5,122.3,1,0,0,0,0,0,19,0,0,6,6,6,12.166666666666666,0,0,6,6,0,0.0,0,15.5,2.8,-4.06,Dropout,1,0.9479403607031761,High
1,17,2,9254,1,1,143.0,1,1,19,4,6,135.0,0,0,0,1,0,0,20,0,0,6,0,0,0.0,0,0,6,0,0,0.0,0,11.1,0.6,2.02,Dropout,1,0.9952851675066601,High
1,18,2,9147,1,1,132.0,1,3,3,5,7,119.1,1,0,1,0,0,0,20,0,0,5,9,3,10.0,0,0,5,9,3,10.571428571428571,0,10.8,1.4,1.74,Dropout,1,0.9197747996172952,High
1,43,1,9238,1,1,143.0,1,1,37,5,9,126.6,0,0,1,0,0,0,21,0,5,10,18,8,11.5,0,0,6,12,4,10.0,0,9.4,-0.8,-3.12,Enrolled,0,0.26048486732939824,Low
1,17,3,9500,1,1,141.0,1,38,1,9,4,129.0,1,0,0,1,0,1,18,0,0,7,7,6,13.05,0,0,7,7,6,13.05,0,7.6,2.6,0.32,Graduate,0,0.04333999768562366,Low
1,39,1,9085,1,1,133.1,1,1,19,9,9,162.3,1,0,0,1,0,0,24,0,0,6,10,2,11.0,0,0,6,6,0,0.0,0,8.9,1.4,3.51,Dropout,1,0.9219481974438882,High
1,17,4,9070,1,1,148.0,1,1,3,4,1,163.4,1,0,0,1,0,0,20,0,0,6,7,6,11.5,0,0,6,6,6,12.0,0,16.2,0.3,-0.92,Graduate,0,0.12566914900254694,Low
1,1,1,9254,1,1,125.0,1,19,38,9,8,121.5,0,0,0,1,0,1,21,0,0,6,7,6,12.0,0,0,6,6,6,12.5,0,13.9,-0.3,0.79,Graduate,0,0.025713831657616686,Low
1,1,1,8014,0,1,120.0,1,1,37,7,3,122.8,0,0,0,1,0,0,23,0,0,6,13,2,10.0,0,0,5,12,1,10.0,0,9.4,-0.8,-3.12,Enrolled,0,0.6999583784053751,High
1,39,1,9147,1,1,140.0,1,12,3,4,3,118.0,1,0,0,1,0,0,24,0,0,5,5,0,0.0,0,0,5,5,0,0.0,0,7.6,2.6,0.32,Dropout,1,0.9803802228243179,High
1,51,1,9853,1,1,139.0,1,1,1,4,10,134.0,0,0,0,1,0,0,21,0,0,6,0,0,0.0,0,0,6,0,0,0.0,0,12.4,0.5,1.79,Dropout,1,0.9867185134428329,High
1,1,4,9500,1,1,142.0,1,38,38,9,8,129.8,1,0,0,1,0,0,18,0,0,8,8,7,12.242857142857144,0,0,8,8,7,12.242857142857144,0,12.7,3.7,-1.7,Graduate,0,0.04527919103363315,Low
1,39,1,9991,0,40,130.0,1,19,1,3,4,152.0,1,0,0,1,0,0,27,0,0,5,0,0,0.0,0,0,5,0,0,0.0,0,8.9,1.4,3.51,Dropout,1,0.9786025152844775,High
1,18,6,9500,1,1,126.0,1,37,37,5,5,122.8,1,0,0,1,0,0,18,0,0,8,8,8,12.93375,0,0,8,8,8,12.93375,0,9.4,-0.8,-3.12,Graduate,0,0.05322543711204253,Low
1,7,1,9119,1,3,150.0,1,3,2,2,2,150.0,0,0,0,1,0,0,35,0,0,5,0,0,0.0,0,0,5,0,0,0.0,0,13.9,-0.3,0.79,Dropout,1,0.9911657529324079,High
1,1,1,9853,1,1,130.0,1,19,19,3,8,131.8,0,0,0,1,0,0,18,0,0,7,9,7,12.571428571428571,0,0,7,8,7,14.428571428571429,0,11.1,0.6,2.02,Graduate,0,0.07427771609940627,Low
1,39,1,9500,1,1,120.0,1,1,3,175,121,105.9,0,0,0,1,0,0,35,0,0,3,4,3,11.816666666666668,0,0,3,3,3,11.333333333333334,0,11.1,0.6,2.02,Enrolled,0,0.19415148476399086,Low
1,1,1,9085,1,1,138.0,1,1,1,4,7,132.1,1,0,0,1,0,0,19,0,0,5,9,4,13.75,0,0,5,13,4,14.333333333333334,2,10.8,1.4,1.74,Graduate,0,0.08155129131296286,Low
1,1,4,9238,1,1,127.0,1,19,19,4,0,127.4,1,0,0,1,0,0,20,0,0,6,8,6,11.166666666666666,0,0,6,6,6,11.333333333333334,0,7.6,2.6,0.32,Graduate,0,0.05699797234528187,Low
1,1,4,9500,1,1,140.0,1,19,19,7,7,129.5,1,0,0,1,0,0,18,0,0,8,8,7,12.324285714285711,0,0,8,8,7,12.324285714285711,0,10.8,1.4,1.74,Graduate,0,0.047828882287887294,Low
1,44,1,9238,1,39,130.0,1,38,38,5,10,126.7,0,0,1,1,0,0,21,0,3,6,6,6,12.166666666666666,0,2,6,7,6,11.714285714285714,0,13.9,-0.3,0.79,Graduate,0,0.0745128975910477,Low
1,17,2,9238,1,1,128.0,1,19,37,9,8,116.5,0,0,0,1,0,1,18,0,0,6,11,5,11.142857142857142,0,0,6,11,4,11.25,0,16.2,0.3,-0.92,Graduate,0,0.13750588380252085,Low
1,1,1,9238,1,1,132.0,1,34,34,0,0,119.1,1,0,0,1,0,0,18,0,0,6,9,4,11.0,0,0,6,9,4,10.75,0,7.6,2.6,0.32,Graduate,0,0.409000127489575,Medium
1,1,2,9500,1,1,149.0,1,19,38,9,9,126.5,1,0,0,1,0,0,18,0,0,8,8,7,12.914285714285713,0,0,8,8,7,12.914285714285713,0,12.7,3.7,-1.7,Graduate,0,0.034094631933399316,Low
1,1,4,9773,1,1,155.0,1,3,19,1,4,149.8,1,0,0,1,0,1,18,0,0,6,6,6,13.833333333333334,0,0,6,6,6,14.166666666666666,0,16.2,0.3,-0.92,Graduate,0,0.12694976076939724,Low
1,1,1,9085,1,1,120.0,1,19,1,8,7,115.1,1,0,0,1,0,0,19,0,0,6,8,6,13.857142857142858,0,0,6,9,5,13.4,0,13.9,-0.3,0.79,Graduate,0,0.08819051114390833,Low
1,39,1,9254,1,19,133.1,1,3,19,2,3,124.5,0,0,0,1,0,1,36,0,0,6,7,6,13.714285714285714,0,0,6,6,5,12.8,0,16.2,0.3,-0.92,Dropout,1,0.37901782145502233,Medium
1,1,2,9500,1,1,131.0,1,38,1,7,4,128.3,1,0,0,1,0,1,18,0,0,8,8,7,12.642857142857142,0,0,8,8,7,12.642857142857142,0,12.7,3.7,-1.7,Graduate,0,0.02142234567990065,Low
1,1,1,9500,1,1,149.0,1,37,37,9,9,136.0,0,0,0,1,0,1,18,0,0,7,7,6,12.916666666666666,0,0,7,7,6,12.916666666666666,0,7.6,2.6,0.32,Graduate,0,0.01427034764508785,Low
1,43,1,9130,1,1,140.0,1,1,3,9,2,140.0,1,0,0,1,0,1,20,0,0,6,8,6,15.625,0,0,6,8,6,15.857142857142858,0,13.9,-0.3,0.79,Graduate,0,0.0714876153374577,Low
1,39,1,9991,0,1,133.1,1,37,37,9,9,126.3,0,0,0,1,0,1,26,0,0,5,7,0,0.0,0,0,5,8,0,0.0,0,16.2,0.3,-0.92,Dropout,1,0.9504276866415959,High
1,43,1,9773,1,1,122.0,1,1,1,4,5,126.9,0,0,0,1,0,0,21,0,0,6,8,6,11.714285714285714,0,0,6,7,6,12.0,0,7.6,2.6,0.32,Graduate,0,0.11392067115478804,Low
1,39,1,9556,1,40,130.0,1,1,1,4,5,145.0,0,0,0,1,0,0,25,0,0,7,10,6,12.125,0,0,8,9,8,13.3125,0,15.5,2.8,-4.06,Enrolled,0,0.10760930127723213,Low
1,18,1,9147,1,1,121.0,1,19,3,5,5,115.8,1,0,0,1,0,1,19,0,0,5,7,5,11.6,0,0,5,5,5,11.6,0,12.4,0.5,1.79,Graduate,0,0.04387181092744309,Low
1,39,1,8014,0,1,120.0,1,19,37,8,7,100.0,1,0,0,1,0,0,24,0,0,6,11,1,10.0,0,0,6,6,0,0.0,6,9.4,-0.8,-3.12,Dropout,1,0.9627882789836965,High
1,39,1,8014,0,1,133.1,1,1,19,5,4,102.5,0,0,0,1,0,1,27,0,0,6,16,1,10.0,0,0,6,13,0,0.0,0,8.9,1.4,3.51,Dropout,1,0.9143319427120703,High
1,17,1,9085,1,1,121.0,1,19,37,1,3,131.5,0,0,0,1,0,0,21,0,0,5,10,0,0.0,1,0,5,9,2,13.5,0,7.6,2.6,0.32,Dropout,1,0.846221422364729,High
1,1,1,9147,1,1,133.0,1,38,38,7,7,147.0,0,0,0,1,0,1,18,0,0,5,7,4,13.0,0,0,5,8,3,12.333333333333334,0,9.4,-0.8,-3.12,Graduate,0,0.1781611570671151,Low
2,1,4,9853,1,1,134.0,1,37,37,5,7,122.5,0,1,0,1,0,1,19,0,0,6,6,6,13.333333333333334,0,0,6,6,6,14.5,0,10.8,1.4,1.74,Graduate,0,0.14344471284643576,Low
1,1,3,9254,1,1,115.0,1,1,1,3,3,117.5,1,0,0,1,0,0,18,0,0,6,9,4,11.25,0,0,6,13,2,12.5,0,9.4,-0.8,-3.12,Dropout,1,0.49706357857155126,Medium
1,51,1,9500,1,1,127.0,1,19,1,5,9,150.0,0,0,0,1,0,1,19,0,0,7,9,5,13.85,0,0,8,9,7,12.19285714285714,0,11.1,0.6,2.02,Graduate,0,0.10885397450645554,Low
1,18,1,9500,1,1,135.0,1,1,38,4,5,127.5,1,0,0,1,0,1,19,0,0,7,8,6,13.741666666666667,0,0,8,9,7,14.9125,0,16.2,0.3,-0.92,Graduate,0,0.05026022007726305,Low
2,7,1,9991,0,43,140.0,1,40,5,3,3,140.0,0,0,0,1,0,0,33,0,2,6,7,6,15.333333333333334,0,0,5,5,5,15.8,0,11.1,0.6,2.02,Graduate,0,0.15601840630693434,Low
2,7,1,9147,1,3,130.0,1,1,4,3,10,130.0,0,0,0,1,0,0,45,0,0,5,6,5,11.0,0,0,5,5,5,13.8,0,12.4,0.5,1.79,Graduate,0,0.10659574973513572,Low
1,1,1,9238,1,1,135.0,1,1,1,9,9,133.3,0,0,0,1,0,1,20,0,0,6,6,6,12.0,0,0,6,7,6,12.857142857142858,0,11.1,0.6,2.02,Graduate,0,0.04310179429832454,Low
1,39,2,9670,1,1,140.0,1,34,34,0,0,97.0,1,0,0,1,0,0,28,0,0,5,5,0,0.0,0,0,5,5,0,0.0,0,7.6,2.6,0.32,Dropout,1,0.9805342893828769,High
1,43,1,9500,1,1,120.0,1,1,1,5,8,112.0,1,0,0,1,0,1,19,0,0,8,15,7,11.571428571428571,0,0,8,15,7,11.571428571428571,0,12.7,3.7,-1.7,Graduate,0,0.09470025515107523,Low
1,1,2,9254,1,1,140.0,1,1,37,4,5,123.6,1,0,0,1,0,0,18,0,0,6,10,6,12.857142857142858,0,0,6,6,3,12.666666666666666,0,12.7,3.7,-1.7,Graduate,0,0.28904702337466043,Low
1,39,1,9254,1,3,133.1,1,19,19,4,6,130.5,0,0,0,1,0,0,38,0,0,6,0,0,0.0,0,0,6,0,0,0.0,0,15.5,2.8,-4.06,Dropout,1,0.9950569666072352,High
1,1,2,9670,1,1,135.0,1,1,3,4,3,133.3,0,0,0,1,0,0,19,0,0,5,5,5,13.0,0,0,5,5,5,13.2,0,9.4,-0.8,-3.12,Graduate,0,0.06672690381253231,Low
1,1,1,9254,1,1,123.0,1,1,37,9,9,132.1,0,0,0,1,0,1,21,0,0,6,9,5,11.0,0,0,6,8,5,12.0,0,15.5,2.8,-4.06,Graduate,0,0.054288618646552475,Low
1,1,1,9147,1,1,133.1,1,37,1,9,10,100.0,0,0,0,1,0,0,21,0,0,5,12,3,12.0,0,0,5,12,1,15.0,3,16.2,0.3,-0.92,Dropout,1,0.7881113315630486,High
1,1,1,9238,1,1,154.0,1,38,37,9,9,140.4,0,0,0,1,0,1,22,0,0,6,6,5,12.6,0,0,6,6,6,13.0,0,10.8,1.4,1.74,Graduate,0,0.03482234830377354,Low
1,1,1,9853,1,1,148.0,1,19,19,5,7,141.7,0,0,0,1,0,1,18,0,0,6,8,5,13.4,0,0,6,7,6,13.166666666666666,0,9.4,-0.8,-3.12,Graduate,0,0.06300554359939513,Low
1,17,2,9238,1,1,133.0,1,37,37,3,9,119.7,0,1,0,1,0,1,18,0,0,6,9,6,11.333333333333334,0,0,6,9,6,11.571428571428571,0,15.5,2.8,-4.06,Graduate,0,0.05341933737771642,Low
1,1,1,9130,1,1,126.0,1,19,1,9,9,122.5,1,0,0,0,0,0,25,0,0,5,14,4,13.5,2,0,5,10,4,14.25,0,9.4,-0.8,-3.12,Dropout,1,0.8514987325937856,High
1,39,1,9085,1,19,133.1,1,19,19,9,7,140.0,0,0,1,0,0,0,24,0,2,6,11,3,11.75,0,1,6,14,3,10.333333333333334,0,16.2,0.3,-0.92,Dropout,1,0.8764565648167273,High
1,1,3,9500,1,1,125.0,1,3,1,4,4,119.4,1,0,0,1,0,0,19,0,0,7,10,6,12.471428571428572,0,0,7,8,7,11.4625,0,12.4,0.5,1.79,Enrolled,0,0.05248782388025169,Low
1,16,1,171,1,1,145.0,1,3,3,3,3,155.0,1,0,0,1,0,0,24,0,11,17,19,11,12.909090909090908,0,9,13,15,9,13.555555555555555,0,12.4,0.5,1.79,Enrolled,0,0.12167200837364876,Low
1,1,2,9147,1,1,118.0,1,37,19,5,5,119.1,1,0,0,1,0,1,20,0,0,5,5,5,11.6,0,0,5,5,5,13.6,0,12.4,0.5,1.79,Graduate,0,0.028363543782265223,Low
1,39,1,9147,1,1,120.0,1,37,1,9,1,122.7,0,0,0,0,0,0,25,0,0,5,5,0,0.0,0,0,5,9,0,0.0,0,10.8,1.4,1.74,Dropout,1,0.9901011612773514,High
1,1,1,9147,1,1,127.0,1,38,19,9,10,117.9,0,0,0,1,0,1,20,0,5,10,13,9,12.9,0,4,10,12,10,12.363636363636363,0,8.9,1.4,3.51,Graduate,0,0.03604265843333649,Low
1,7,1,9500,1,3,130.0,1,19,38,5,3,130.0,0,0,0,1,0,0,23,0,0,8,8,8,13.22,0,0,8,8,8,13.22,0,9.4,-0.8,-3.12,Graduate,0,0.0573074856520948,Low
1,17,3,9500,1,1,129.0,1,19,37,7,6,120.0,1,0,0,1,0,1,19,0,0,8,8,7,13.151428571428571,0,0,8,8,7,13.151428571428571,0,10.8,1.4,1.74,Graduate,0,0.020509252436036723,Low
1,44,1,9003,1,39,130.0,1,37,37,9,10,130.0,0,0,1,0,0,0,29,0,0,6,13,3,12.75,0,0,6,8,3,11.333333333333334,0,13.9,-0.3,0.79,Dropout,1,0.891401695096732,High
1,1,3,9254,1,1,121.0,1,19,37,4,7,116.8,1,0,0,1,0,0,21,0,0,6,8,6,11.333333333333334,0,0,6,8,4,12.25,0,11.1,0.6,2.02,Graduate,0,0.13552857225750997,Low
1,1,1,9670,1,1,136.0,1,19,1,9,8,123.4,1,0,0,1,0,1,18,0,0,6,10,6,13.25,0,0,6,13,5,14.142857142857142,0,11.1,0.6,2.02,Graduate,0,0.08699316037571198,Low
1,1,3,9070,1,1,125.0,1,19,38,9,9,125.4,1,0,0,1,0,0,19,0,0,6,7,5,12.4,0,0,6,6,5,12.4,0,9.4,-0.8,-3.12,Enrolled,0,0.05720621987658083,Low
1,1,3,9773,1,1,131.0,1,38,37,7,7,127.2,1,0,0,1,0,1,18,0,0,6,6,6,15.0,0,0,6,6,6,12.833333333333334,0,8.9,1.4,3.51,Dropout,1,0.11461870475817894,Low
1,1,1,9085,1,1,122.0,1,9,19,90,6,103.4,0,0,0,1,0,0,19,0,0,5,6,5,14.4,0,0,5,6,5,13.0,0,7.6,2.6,0.32,Graduate,0,0.02236395540419261,Low
1,1,1,9773,1,1,127.0,1,37,37,9,8,123.2,1,0,0,1,0,0,18,0,0,6,12,1,11.0,0,0,6,12,0,0.0,0,9.4,-0.8,-3.12,Enrolled,0,0.49554360725423435,Medium
1,17,1,9147,1,1,136.0,1,1,1,4,4,124.1,0,0,0,1,0,0,18,0,0,5,8,5,12.4,0,0,5,6,5,10.8,0,8.9,1.4,3.51,Graduate,0,0.10038788171391375,Low
2,39,1,9556,1,19,133.1,1,38,37,7,7,99.5,1,0,1,0,0,1,37,0,0,7,13,1,16.0,0,0,7,12,0,0.0,0,8.9,1.4,3.51,Dropout,1,0.797803025612608,High
1,17,1,9991,0,40,127.0,1,37,37,6,6,124.9,0,0,0,1,0,0,29,0,0,5,10,5,13.571428571428571,0,0,5,14,5,12.333333333333334,3,16.2,0.3,-0.92,Graduate,0,0.1543920830557783,Low
1,17,3,9070,1,1,116.0,1,37,37,9,9,110.8,0,0,0,1,0,0,18,0,0,6,6,6,11.833333333333334,0,0,6,6,6,12.5,0,7.6,2.6,0.32,Enrolled,0,0.029374513856319683,Low
1,1,1,9238,1,1,121.0,1,1,1,9,8,118.9,1,0,0,1,0,1,19,0,0,6,8,5,11.666666666666666,0,0,6,9,5,12.666666666666666,0,12.4,0.5,1.79,Graduate,0,0.04319470956406382,Low
1,43,1,9238,1,1,124.0,1,1,1,3,1,118.8,1,0,1,0,0,0,22,0,6,10,16,6,11.833333333333334,0,2,7,8,2,13.0,0,16.2,0.3,-0.92,Dropout,1,0.8830290291411537,High
1,1,1,9254,1,1,131.0,1,37,38,9,7,137.0,0,0,0,1,0,1,20,0,0,6,8,6,11.166666666666666,0,0,6,10,5,10.6,0,15.5,2.8,-4.06,Graduate,0,0.06276056242953587,Low
1,39,1,8014,0,1,100.0,1,37,37,99,99,100.0,0,0,0,1,0,0,34,0,0,6,0,0,0.0,0,0,6,0,0,0.0,0,12.7,3.7,-1.7,Dropout,1,0.9604597835195873,High
1,43,1,9119,1,1,130.0,1,37,38,9,9,120.0,0,0,1,0,0,0,30,0,8,12,17,8,11.75,0,6,12,19,6,12.166666666666666,2,7.6,2.6,0.32,Dropout,1,0.8339963348377344,High
1,1,1,9238,1,1,135.0,1,1,1,4,4,122.8,0,0,0,1,0,0,18,0,0,6,7,6,14.0,0,0,6,7,6,14.0,0,10.8,1.4,1.74,Graduate,0,0.0433402926775713,Low
1,1,1,9238,1,1,130.0,1,38,19,9,5,121.6,0,0,0,1,0,0,18,0,0,6,6,6,12.833333333333334,0,0,6,6,6,12.0,0,12.4,0.5,1.79,Graduate,0,0.02646360137600239,Low
1,1,2,9773,1,1,146.0,1,3,1,1,3,149.2,1,0,0,1,0,0,18,0,0,6,11,4,12.25,0,0,6,10,3,11.666666666666666,0,9.4,-0.8,-3.12,Graduate,0,0.21224317734902381,Low
1,17,4,9500,1,1,146.0,1,4,1,2,3,140.0,1,0,0,1,0,0,18,0,0,8,8,7,14.828571428571427,0,0,8,8,7,14.828571428571427,0,12.7,3.7,-1.7,Graduate,0,0.1394468964510833,Low
1,1,2,9773,1,1,154.0,1,38,38,9,9,133.4,1,0,0,1,0,1,19,0,0,6,7,5,11.4,0,0,6,8,5,12.8,0,12.7,3.7,-1.7,Graduate,0,0.10368306602634333,Low
1,1,1,9070,1,1,137.0,1,37,37,9,9,126.2,1,0,0,1,0,1,19,0,0,6,6,6,13.0,0,0,6,8,6,12.5,0,10.8,1.4,1.74,Graduate,0,0.023458346140833215,Low
1,1,5,9500,1,1,151.0,1,1,1,9,9,127.8,0,0,0,1,0,1,18,0,0,8,8,7,13.671428571428573,0,0,8,8,7,13.671428571428573,0,12.7,3.7,-1.7,Graduate,0,0.029477700004996166,Low
1,44,1,9003,1,39,150.0,1,37,38,4,8,150.0,0,0,0,1,0,1,21,0,0,6,9,6,12.666666666666666,0,0,6,8,5,12.8,0,13.9,-0.3,0.79,Graduate,0,0.06182183300360254,Low
1,1,2,9147,1,1,121.0,1,1,19,9,9,113.7,1,0,0,0,0,0,20,0,0,5,10,2,10.0,0,0,5,12,1,13.0,0,7.6,2.6,0.32,Dropout,1,0.8747253855143066,High
1,17,1,9147,1,1,122.0,1,12,19,4,8,117.8,1,0,0,1,0,0,20,0,0,5,10,5,13.5,0,0,5,8,5,12.333333333333334,0,13.9,-0.3,0.79,Graduate,0,0.06444031418733763,Low
1,1,1,9500,1,1,143.0,1,5,1,2,5,136.7,0,0,0,1,0,0,19,0,2,7,8,7,12.67,0,1,8,8,8,13.55,0,11.1,0.6,2.02,Graduate,0,0.05609919649640021,Low
1,1,1,9238,1,1,152.0,1,1,38,4,5,144.7,0,0,0,1,0,0,20,0,0,6,8,6,14.5,0,0,6,7,6,15.428571428571429,0,16.2,0.3,-0.92,Graduate,0,0.041607882857966905,Low
1,17,3,9500,1,1,145.0,1,12,1,4,10,139.8,1,0,0,1,0,0,18,0,0,7,7,7,13.685714285714283,0,0,8,8,8,15.3875,0,13.9,-0.3,0.79,Graduate,0,0.14420054097399568,Low
1,42,1,9853,1,1,120.0,1,37,38,3,3,113.7,0,0,0,1,0,0,20,0,0,6,8,5,11.0,0,0,6,10,3,10.666666666666666,0,12.7,3.7,-1.7,Dropout,1,0.6907343830220178,High
2,7,1,9130,1,3,140.0,1,5,4,2,0,140.0,0,0,1,0,0,0,29,0,7,9,16,7,11.555555555555555,4,5,7,12,5,13.2,2,7.6,2.6,0.32,Dropout,1,0.6816846194101575,High
1,1,1,9500,1,1,143.0,1,19,19,5,6,142.3,0,0,0,1,0,1,18,0,0,7,7,7,13.79714285714286,0,0,8,8,8,13.775,0,12.4,0.5,1.79,Enrolled,0,0.026066270072015483,Low
1,1,1,9500,1,1,129.0,1,19,19,5,5,119.6,1,0,0,1,0,1,20,0,0,7,8,7,14.00375,0,0,8,11,7,13.812857142857142,0,15.5,2.8,-4.06,Graduate,0,0.024355020843791084,Low
1,16,2,9147,1,1,139.0,1,38,37,9,9,123.7,1,0,0,1,0,1,22,0,0,5,8,4,12.0,0,0,5,8,4,11.4,2,16.2,0.3,-0.92,Graduate,0,0.1311092454563454,Low
4,1,1,8014,0,1,133.1,1,39,19,4,10,143.0,1,0,0,1,0,1,47,0,0,6,9,5,14.166666666666666,0,0,6,7,6,14.166666666666666,0,16.2,0.3,-0.92,Graduate,0,0.07306706900775416,Low
2,51,1,9991,0,1,127.0,1,37,37,8,4,100.1,0,0,0,1,0,0,31,0,1,5,5,5,14.0,0,0,5,5,5,13.8,0,8.9,1.4,3.51,Graduate,0,0.08678718702437126,Low
1,1,1,9070,1,1,126.0,1,19,37,7,5,119.4,0,0,0,1,0,1,21,0,0,6,7,5,13.8,0,0,6,6,6,12.833333333333334,0,16.2,0.3,-0.92,Graduate,0,0.01871033240942686,Low
1,1,1,8014,0,1,128.0,1,38,38,0,0,122.1,0,0,0,1,0,0,21,0,0,6,8,5,12.8,0,0,6,10,6,11.857142857142858,0,7.6,2.6,0.32,Graduate,0,0.15639245127658796,Low
2,39,1,9773,1,12,100.0,1,1,1,4,4,100.0,0,0,0,1,0,0,24,0,0,6,6,6,12.166666666666666,0,0,6,6,6,13.833333333333334,0,7.6,2.6,0.32,Graduate,0,0.13053757875429822,Low
1,17,1,9070,1,1,123.0,1,4,37,2,9,113.9,0,0,0,1,0,0,18,0,0,6,8,6,12.5,0,0,6,6,6,12.333333333333334,0,15.5,2.8,-4.06,Enrolled,0,0.04879238180904285,Low
1,39,1,8014,0,15,170.0,1,34,1,90,2,101.0,0,0,0,1,0,0,32,0,0,6,9,4,12.0,0,0,6,12,4,11.5,0,7.6,2.6,0.32,Graduate,0,0.29398443198712715,Low
1,18,2,8014,0,1,117.0,1,3,1,3,4,111.8,1,0,0,1,0,1,19,0,0,6,8,6,10.833333333333334,0,0,6,9,6,11.5,0,10.8,1.4,1.74,Graduate,0,0.0772245084194942,Low
1,39,1,9500,1,1,140.0,1,3,3,1,1,140.0,1,0,0,1,0,0,24,0,0,8,8,8,13.385,0,0,8,8,8,13.385,0,9.4,-0.8,-3.12,Graduate,0,0.08666613822762657,Low
1,17,4,9085,1,1,123.0,1,19,19,4,10,124.4,1,0,0,1,0,0,19,0,0,6,14,6,15.666666666666666,0,0,6,9,6,14.5,0,15.5,2.8,-4.06,Graduate,0,0.0704958220837911,Low
1,44,1,9003,1,39,150.0,1,19,37,6,6,150.0,0,0,1,1,0,1,19,0,0,6,9,6,14.333333333333334,0,0,6,7,6,13.833333333333334,0,13.9,-0.3,0.79,Graduate,0,0.05417531584309869,Low
1,44,1,9003,1,39,140.0,1,37,37,9,4,140.0,0,0,0,1,0,0,24,0,0,6,10,6,11.428571428571429,0,0,6,12,5,13.0,0,12.4,0.5,1.79,Enrolled,0,0.10118448934286506,Low
1,17,4,9238,1,1,123.0,1,19,19,191,144,116.0,1,0,0,1,0,1,18,0,0,6,9,6,11.666666666666666,0,0,6,8,6,11.666666666666666,0,8.9,1.4,3.51,Graduate,0,0.038009659735635117,Low
1,1,1,9070,1,1,130.0,1,38,37,3,6,135.6,1,0,0,1,0,1,19,0,0,6,9,5,12.0,0,0,6,10,2,11.333333333333334,0,8.9,1.4,3.51,Dropout,1,0.7127335583465478,High
2,1,1,9500,1,1,137.0,1,3,38,2,4,121.0,0,0,0,1,0,1,19,0,0,8,8,7,14.725714285714288,0,0,8,8,7,14.725714285714288,0,10.8,1.4,1.74,Graduate,0,0.018135584578076156,Low
1,17,2,9773,1,1,126.0,1,19,38,9,8,118.7,1,0,0,1,0,1,18,0,0,6,6,6,14.166666666666666,0,0,6,6,6,13.666666666666666,0,12.4,0.5,1.79,Graduate,0,0.04018806834069839,Low
1,1,1,9238,1,1,125.0,1,1,1,3,3,125.7,1,0,0,1,0,0,18,0,0,6,10,6,11.571428571428571,0,0,6,8,6,12.333333333333334,0,12.4,0.5,1.79,Graduate,0,0.06866924390819083,Low
1,17,4,9556,1,1,112.0,1,1,1,4,10,107.1,1,0,0,1,0,0,20,0,0,7,7,7,12.5,0,0,8,8,8,13.1375,0,12.4,0.5,1.79,Graduate,0,0.06750230622627029,Low
1,1,1,9500,1,1,141.0,1,19,38,5,7,125.5,0,0,0,1,0,0,18,0,0,8,10,8,12.86,2,0,8,10,8,12.86,2,9.4,-0.8,-3.12,Graduate,0,0.07548934910145909,Low
1,17,4,9670,1,1,135.0,1,38,38,9,7,127.0,1,0,0,1,0,0,18,0,0,6,10,6,12.25,0,0,6,9,6,13.714285714285714,0,11.1,0.6,2.02,Graduate,0,0.15755853590249033,Low
1,1,2,9085,1,1,117.0,1,38,37,9,9,113.5,1,0,0,1,0,1,21,0,0,5,7,4,12.0,0,0,5,5,5,12.2,0,10.8,1.4,1.74,Graduate,0,0.0499787629236663,Low
1,1,1,9500,1,1,160.0,1,19,19,4,9,154.4,0,0,0,1,0,1,18,0,0,7,9,7,15.116666666666667,0,0,8,9,8,16.168888888888887,0,15.5,2.8,-4.06,Graduate,0,0.03330158992873554,Low
1,51,1,9670,1,1,136.0,1,19,19,5,5,122.0,0,0,1,0,0,0,18,0,0,5,6,2,12.5,0,0,5,6,4,10.25,0,9.4,-0.8,-3.12,Dropout,1,0.8846240883586808,High
1,17,2,9238,1,1,143.0,1,1,11,4,3,128.0,1,0,0,1,0,0,19,0,0,6,11,0,0.0,0,0,6,0,0,0.0,0,9.4,-0.8,-3.12,Dropout,1,0.9499750837989202,High
1,1,1,9670,1,1,119.0,1,1,19,4,10,115.5,1,0,0,1,0,0,19,0,0,6,8,4,11.0,0,0,6,9,4,11.0,0,10.8,1.4,1.74,Enrolled,0,0.23203162873748917,Low
1,17,4,9670,1,1,120.0,1,1,19,5,5,117.2,1,0,0,1,0,0,18,0,0,6,8,6,11.875,0,0,6,11,4,14.6,0,11.1,0.6,2.02,Graduate,0,0.2268945695236189,Low
1,39,1,9130,1,3,150.0,1,3,1,90,90,150.0,1,0,0,1,0,0,34,0,1,5,6,1,11.0,0,0,5,5,0,0.0,0,12.7,3.7,-1.7,Dropout,1,0.9364427282567759,High
1,1,3,9085,1,1,142.0,1,11,11,90,90,155.3,0,0,0,1,0,0,19,0,0,5,5,5,15.2,0,0,5,6,5,13.2,0,7.6,2.6,0.32,Graduate,0,0.03340846925854059,Low
1,44,1,9130,1,39,120.0,1,37,37,7,8,120.0,1,0,1,0,0,0,19,0,2,6,7,5,11.6,0,1,6,12,2,11.0,0,12.4,0.5,1.79,Dropout,1,0.9293919979424466,High
1,51,1,9238,1,1,160.0,1,3,19,2,1,116.1,0,0,1,1,0,0,26,0,0,6,6,6,14.833333333333334,0,0,6,7,6,15.142857142857142,0,11.1,0.6,2.02,Graduate,0,0.0687156807975518,Low
1,17,1,9853,1,1,133.1,1,34,34,0,0,118.9,1,0,0,1,0,0,21,0,0,6,12,3,11.333333333333334,0,0,6,10,3,11.333333333333334,0,7.6,2.6,0.32,Dropout,1,0.7742803417645916,High
1,17,2,9147,1,1,142.0,1,19,19,4,8,127.3,0,0,0,1,0,1,18,0,0,5,5,5,11.2,0,0,5,5,5,11.8,0,11.1,0.6,2.02,Graduate,0,0.05412172141708192,Low
1,17,4,9853,1,1,121.0,1,38,38,5,7,113.7,1,0,0,1,0,1,20,0,0,6,8,5,13.4,0,0,6,9,5,13.666666666666666,0,9.4,-0.8,-3.12,Graduate,0,0.09213739116583998,Low
1,51,1,9147,1,1,135.0,1,1,1,4,4,118.5,0,0,0,1,0,0,25,0,0,5,12,2,10.5,0,0,5,5,0,0.0,0,11.1,0.6,2.02,Dropout,1,0.9404971599853692,High
1,1,1,9147,1,1,153.0,1,1,38,4,3,146.7,0,0,0,1,0,0,18,0,0,5,5,5,16.2,0,0,5,5,5,16.4,0,11.1,0.6,2.02,Graduate,0,0.06723171587698072,Low
1,1,1,9500,1,1,140.0,1,19,19,3,6,124.3,1,0,0,1,0,1,18,0,0,7,7,7,14.542857142857144,0,0,8,11,8,14.88181818181818,0,16.2,0.3,-0.92,Graduate,0,0.04220054105466272,Low
1,1,1,9500,1,1,152.0,1,41,19,3,5,137.8,0,0,0,1,0,0,19,0,0,7,7,7,13.694285714285714,0,0,8,9,8,14.355555555555554,0,11.1,0.6,2.02,Graduate,0,0.11049350087901946,Low
1,1,1,9238,1,1,120.0,1,19,38,5,9,130.2,0,0,0,1,0,1,18,0,0,6,8,6,11.285714285714286,0,0,6,10,6,11.857142857142858,0,12.4,0.5,1.79,Graduate,0,0.0546838672584461,Low
1,17,1,9500,1,1,160.0,1,38,38,7,7,147.8,0,0,0,1,0,0,20,0,0,7,11,6,11.757142857142856,0,0,8,12,6,13.083333333333334,0,15.5,2.8,-4.06,Enrolled,0,0.057858059003874536,Low
1,7,1,9085,1,40,150.0,1,19,19,9,5,150.0,0,0,1,0,0,0,26,0,0,3,3,0,0.0,0,0,6,0,0,0.0,0,8.9,1.4,3.51,Dropout,1,0.9611839771871385,High
1,42,1,9500,1,1,100.0,1,37,37,7,9,100.0,1,0,0,1,0,1,19,0,0,8,8,7,13.058571428571428,0,0,8,8,7,13.058571428571428,0,10.8,1.4,1.74,Graduate,0,0.015066459014343938,Low
1,1,1,9500,1,1,150.0,1,1,1,5,1,155.6,0,0,0,1,0,0,19,0,0,7,7,7,14.3,0,0,8,9,8,14.055555555555555,0,16.2,0.3,-0.92,Graduate,0,0.0477092342332289,Low
1,43,4,9147,1,1,124.0,1,37,37,9,9,117.4,0,0,0,1,0,0,19,0,3,10,15,5,11.8,0,4,10,14,8,12.0,0,7.6,2.6,0.32,Graduate,0,0.13766935152269183,Low
1,5,3,9085,1,1,141.0,1,1,19,7,5,128.8,1,0,0,1,0,0,19,0,0,5,9,3,10.333333333333334,1,0,5,8,3,13.0,0,7.6,2.6,0.32,Enrolled,0,0.17829614214095552,Low
1,1,1,9254,1,1,121.0,1,19,19,5,8,117.5,1,0,0,1,0,0,18,0,0,6,7,6,10.571428571428571,0,0,6,11,3,11.666666666666666,0,16.2,0.3,-0.92,Graduate,0,0.2668645498653578,Low
1,43,1,9500,1,6,134.0,1,1,37,9,9,120.4,1,0,0,1,0,0,19,0,0,7,7,6,13.333333333333334,0,0,7,7,6,13.333333333333334,0,7.6,2.6,0.32,Graduate,0,0.030473177807140744,Low
1,1,1,9238,1,1,134.0,1,1,1,9,6,130.9,0,0,1,1,0,0,18,0,0,6,10,6,11.857142857142858,0,0,6,9,5,11.0,0,13.9,-0.3,0.79,Graduate,0,0.17103369823930475,Low
1,1,1,9853,1,1,132.0,1,2,19,4,4,125.0,1,0,0,1,0,0,18,0,0,6,9,5,12.6,0,0,6,8,5,11.4,0,9.4,-0.8,-3.12,Enrolled,0,0.10165093919660936,Low
1,1,1,9085,1,1,135.0,1,19,38,9,5,136.8,1,0,0,1,0,0,18,0,0,5,11,5,14.0,3,0,5,7,5,11.6,0,9.4,-0.8,-3.12,Enrolled,0,0.04196341267068413,Low
1,1,1,9853,1,1,123.0,1,1,38,9,6,121.6,1,0,0,1,0,0,18,0,0,7,12,5,12.0,0,0,7,9,6,12.666666666666666,0,11.1,0.6,2.02,Enrolled,0,0.1321273060880599,Low
1,44,1,9119,1,39,151.0,1,19,37,4,7,151.0,0,0,1,1,0,0,26,0,0,5,6,0,0.0,0,0,5,5,0,0.0,0,16.2,0.3,-0.92,Dropout,1,0.9859484073676407,High
1,1,1,9238,1,1,107.0,1,38,38,7,7,103.5,1,0,0,1,0,0,20,0,0,6,7,6,12.0,0,0,6,7,6,13.0,0,12.4,0.5,1.79,Graduate,0,0.030526468345275,Low
1,1,1,8014,0,1,126.0,1,37,38,9,10,119.4,0,0,0,1,0,0,19,0,0,6,6,6,12.666666666666666,0,0,6,6,6,11.666666666666666,0,12.7,3.7,-1.7,Graduate,0,0.020261109855082778,Low
1,1,1,9238,1,1,133.0,1,34,37,4,9,134.4,1,0,0,1,0,1,18,0,0,6,6,6,12.166666666666666,0,0,6,9,6,13.666666666666666,0,9.4,-0.8,-3.12,Graduate,0,0.04774503874675703,Low
1,44,1,9238,1,39,140.0,1,38,37,7,7,143.0,0,0,0,1,0,0,19,0,3,6,6,6,13.333333333333334,0,2,6,6,6,14.666666666666666,0,13.9,-0.3,0.79,Graduate,0,0.04342178392553796,Low
1,7,1,9853,1,40,110.0,1,41,3,2,1,110.0,0,0,1,1,0,0,40,0,0,7,8,7,15.0,0,0,7,7,7,14.571428571428571,0,12.4,0.5,1.79,Graduate,0,0.09674075486409192,Low
1,1,4,9500,1,1,141.0,1,38,38,7,7,132.5,1,0,0,1,0,1,18,0,0,8,8,8,13.39125,0,0,8,8,8,13.39125,0,9.4,-0.8,-3.12,Graduate,0,0.03975870869500668,Low
1,17,1,9238,1,1,122.0,1,3,1,9,10,114.7,0,0,0,1,0,0,19,0,0,6,9,5,12.166666666666666,0,0,6,8,6,12.428571428571429,0,13.9,-0.3,0.79,Graduate,0,0.05427979463823725,Low
1,17,1,9130,1,1,156.0,1,2,9,3,5,166.9,0,0,0,1,0,0,18,0,0,5,9,4,11.25,0,0,5,6,4,12.5,0,7.6,2.6,0.32,Graduate,0,0.09494766922935267,Low
1,1,1,9085,1,1,129.0,1,1,2,3,1,125.9,1,0,0,1,0,0,19,0,0,5,13,4,12.0,2,0,5,8,3,12.0,0,9.4,-0.8,-3.12,Enrolled,0,0.09528064705284132,Low
1,1,1,171,1,1,188.0,1,3,3,2,2,178.3,1,0,0,1,0,0,18,0,0,0,0,0,0.0,0,0,0,0,0,0.0,0,15.5,2.8,-4.06,Dropout,1,0.3564262862427946,Medium
2,39,1,8014,0,1,120.0,1,37,37,9,9,117.0,1,0,0,1,0,0,33,0,0,6,7,6,12.833333333333334,0,0,6,8,6,12.857142857142858,0,12.4,0.5,1.79,Graduate,0,0.026069427748064287,Low
1,39,1,9003,1,3,130.0,1,3,3,1,2,150.0,0,0,0,1,0,0,35,0,0,6,10,6,14.0,0,0,6,11,6,13.1,0,16.2,0.3,-0.92,Graduate,0,0.08995698095368522,Low
1,42,1,9147,1,1,130.0,1,37,38,9,1,130.0,1,0,0,1,0,0,26,0,3,5,5,4,13.0,0,1,5,7,2,12.0,0,9.4,-0.8,-3.12,Enrolled,0,0.3032317055849968,Medium
1,1,1,9773,1,1,140.0,1,19,19,7,5,135.1,1,0,0,1,0,0,18,0,0,6,7,6,13.5,0,0,6,8,6,12.5,0,9.4,-0.8,-3.12,Graduate,0,0.06693108065070334,Low
1,43,1,9238,1,1,110.0,1,37,37,9,9,110.0,0,0,0,1,0,0,36,0,10,16,24,13,10.692307692307692,1,9,13,19,9,12.307692307692308,0,15.5,2.8,-4.06,Enrolled,0,0.2091254131557735,Low
4,39,1,9991,0,1,133.1,1,37,37,6,6,136.2,0,0,0,1,0,0,39,0,0,5,6,5,11.0,0,0,5,9,5,11.666666666666666,0,10.8,1.4,1.74,Graduate,0,0.18864263460914396,Low
2,39,1,9238,1,1,120.0,1,37,37,9,9,116.0,0,0,0,1,0,0,44,0,0,6,8,6,13.0,0,0,6,6,6,13.833333333333334,0,12.7,3.7,-1.7,Graduate,0,0.031847323142419955,Low
1,1,2,8014,0,1,96.0,1,3,1,3,9,100.0,0,0,0,1,0,0,20,0,0,6,10,5,12.0,0,0,6,9,4,11.25,0,9.4,-0.8,-3.12,Enrolled,0,0.0800980708640241,Low
1,1,1,9254,1,1,117.0,1,19,19,9,9,116.3,1,0,0,1,0,0,24,0,0,6,9,4,12.6,0,0,6,6,4,11.5,0,12.7,3.7,-1.7,Dropout,1,0.6594545107451485,High
1,43,1,9773,1,1,123.0,1,19,19,9,8,134.0,0,0,0,1,0,1,20,0,0,6,6,6,13.666666666666666,0,0,6,6,6,13.333333333333334,0,12.4,0.5,1.79,Graduate,0,0.05348521437785724,Low
1,1,4,171,1,1,127.0,1,1,1,9,5,124.2,1,0,0,0,0,0,19,0,0,0,0,0,0.0,0,0,0,0,0,0.0,0,9.4,-0.8,-3.12,Dropout,1,0.9113246641494492,High
2,1,1,9500,1,1,151.0,1,37,38,9,7,134.5,0,0,1,1,0,1,18,0,0,7,7,6,14.2,0,0,7,7,6,14.2,0,7.6,2.6,0.32,Graduate,0,0.04337483793778304,Low
1,1,1,9254,1,1,127.0,1,19,19,4,6,120.7,0,0,1,0,0,0,22,0,0,6,10,5,11.0,0,0,6,12,0,0.0,0,10.8,1.4,1.74,Dropout,1,0.9407936452029535,High
1,17,1,9085,1,1,133.0,1,19,1,4,5,127.1,1,0,0,1,0,0,18,0,0,6,7,6,15.0,0,0,6,7,6,16.428571428571427,0,11.1,0.6,2.02,Graduate,0,0.10390775768218043,Low
1,39,1,9500,1,19,133.1,1,38,37,9,9,133.0,0,0,0,1,0,0,24,0,0,7,9,6,12.585714285714284,0,0,8,9,7,13.44285714285714,0,13.9,-0.3,0.79,Graduate,0,0.07016980137137803,Low
1,39,1,9991,0,1,133.1,1,37,37,90,8,128.2,0,0,0,1,0,0,33,0,0,5,0,0,0.0,0,0,5,0,0,0.0,0,12.7,3.7,-1.7,Dropout,1,0.9924417924321487,High
1,39,1,9003,1,1,133.1,1,37,37,3,8,130.0,0,0,1,1,0,1,30,0,0,6,6,0,0.0,0,0,6,6,0,0.0,0,11.1,0.6,2.02,Enrolled,0,0.5537678207075871,Medium
1,39,1,9085,1,43,160.0,1,3,39,2,3,172.0,0,0,0,1,0,0,26,0,0,6,0,0,0.0,0,0,6,0,0,0.0,0,8.9,1.4,3.51,Dropout,1,0.9470197067865739,High
1,17,4,9853,1,1,140.0,1,19,38,4,1,128.5,1,0,0,1,0,0,18,0,0,6,7,6,11.666666666666666,0,0,6,10,6,11.833333333333334,0,10.8,1.4,1.74,Graduate,0,0.3151554174157951,Medium
1,1,1,9773,1,1,146.0,1,37,38,9,7,128.5,0,0,1,1,0,0,19,0,0,6,13,3,12.666666666666666,0,0,6,12,2,10.0,0,10.8,1.4,1.74,Dropout,1,0.8465627794880198,High
1,17,4,9147,1,1,112.0,1,19,38,9,10,112.0,1,0,0,1,0,0,20,0,0,5,10,3,10.333333333333334,0,0,5,9,4,11.0,2,16.2,0.3,-0.92,Enrolled,0,0.1183888355339451,Low
1,53,1,9085,1,42,140.0,1,19,37,9,8,142.5,1,0,0,1,0,1,22,0,7,11,18,8,13.5,0,4,9,16,7,13.714285714285714,0,8.9,1.4,3.51,Graduate,0,0.07473058276753952,Low
1,1,4,9500,1,1,136.0,1,1,1,9,1,133.0,1,0,0,1,0,0,19,0,0,7,8,5,13.98,0,0,7,8,5,13.98,0,7.6,2.6,0.32,Enrolled,0,0.07024954324642627,Low
1,1,1,9085,1,1,133.1,1,37,38,7,5,106.0,1,0,0,1,0,1,21,0,0,6,13,6,16.153846153846153,0,0,6,10,6,15.75,0,15.5,2.8,-4.06,Graduate,0,0.03653027728360043,Low
1,1,4,9500,1,1,136.0,1,19,38,4,8,125.5,1,0,0,1,0,1,21,0,0,7,7,6,14.033333333333331,0,0,7,7,6,14.033333333333331,0,7.6,2.6,0.32,Graduate,0,0.022672861507344003,Low
1,17,1,9085,1,1,134.0,1,19,37,2,7,131.2,0,0,0,1,0,0,19,0,0,5,8,1,11.0,0,0,5,6,5,11.2,0,7.6,2.6,0.32,Enrolled,0,0.12826158332117624,Low
1,1,1,9853,1,1,122.0,1,38,37,191,195,112.9,1,0,0,1,0,1,19,0,0,7,8,7,13.857142857142858,0,0,7,8,6,13.666666666666666,0,8.9,1.4,3.51,Graduate,0,0.030416749024818442,Low
1,1,6,9500,1,1,138.0,1,19,19,9,5,124.8,1,0,0,1,0,0,18,0,0,8,8,7,13.414285714285716,0,0,8,8,7,13.414285714285716,0,12.7,3.7,-1.7,Dropout,1,0.16159756906468464,Low
2,43,1,8014,0,1,160.0,1,37,39,9,4,140.9,0,0,0,1,0,0,50,0,7,11,11,11,13.545454545454543,0,3,7,7,7,13.571428571428571,0,16.2,0.3,-0.92,Graduate,0,0.06505617143655931,Low
4,39,1,9991,0,1,130.0,1,38,19,9,7,148.0,0,0,0,1,0,1,31,0,0,5,11,4,11.25,0,0,5,10,4,10.833333333333334,0,13.9,-0.3,0.79,Enrolled,0,0.14154088448185684,Low
1,17,1,9773,1,1,161.0,1,1,19,4,7,148.4,0,0,0,1,0,1,19,0,0,6,6,6,13.833333333333334,0,0,6,7,6,14.428571428571429,0,15.5,2.8,-4.06,Graduate,0,0.057270803470129535,Low
4,39,1,9991,0,1,140.0,1,1,37,141,192,129.7,0,0,0,1,0,0,35,0,0,5,8,5,12.0,0,0,5,9,5,12.857142857142858,0,13.9,-0.3,0.79,Graduate,0,0.08637903263438168,Low
2,39,1,9085,1,19,133.1,1,38,38,4,7,128.2,0,0,0,1,0,0,31,0,0,6,0,0,0.0,0,0,6,0,0,0.0,0,12.7,3.7,-1.7,Dropout,1,0.9869886384137173,High
2,51,1,8014,0,19,133.1,1,37,37,9,9,104.0,0,0,1,1,0,0,42,0,5,11,14,10,11.9,0,5,11,14,10,12.8,0,11.1,0.6,2.02,Enrolled,0,0.07692604577947855,Low
1,18,4,9147,1,1,130.0,1,37,37,9,9,119.9,1,0,0,0,0,0,34,0,0,5,5,0,0.0,0,0,5,0,0,0.0,0,9.4,-0.8,-3.12,Dropout,1,0.9912691346556922,High
1,1,1,9500,1,1,152.0,1,1,1,4,4,141.0,1,0,0,1,0,1,18,0,0,7,7,7,15.135714285714286,0,0,8,8,8,15.287499999999998,0,12.4,0.5,1.79,Graduate,0,0.04536983076340173,Low
1,17,1,9853,1,1,125.0,1,3,3,3,3,116.6,1,0,0,0,0,1,18,0,0,7,7,7,12.285714285714286,0,0,7,8,6,13.333333333333334,0,8.9,1.4,3.51,Enrolled,0,0.11735955881740177,Low
1,44,1,9085,1,39,140.0,1,37,38,5,6,140.0,1,0,0,1,0,0,21,0,2,6,16,5,12.666666666666666,0,1,6,15,2,13.5,0,16.2,0.3,-0.92,Enrolled,0,0.2138127694965513,Low
4,39,1,9500,1,19,133.1,1,38,19,5,7,140.0,0,0,0,1,0,1,26,0,0,7,13,5,12.74,0,0,8,12,6,10.978571428571428,0,16.2,0.3,-0.92,Dropout,1,0.2878221409102367,Low
1,43,1,9500,1,1,170.0,1,19,37,8,8,100.0,0,0,0,1,0,0,20,0,0,7,8,6,13.25,0,0,8,8,8,13.75,0,13.9,-0.3,0.79,Enrolled,0,0.046357722733248605,Low
1,1,1,9238,1,1,135.0,1,38,38,5,7,121.0,0,0,0,1,0,0,19,0,0,6,13,3,10.333333333333334,0,0,6,12,3,10.333333333333334,0,7.6,2.6,0.32,Enrolled,0,0.2533807561188173,Low
1,1,1,9853,1,1,125.0,1,19,19,5,5,117.0,0,0,0,1,0,1,19,0,0,6,7,6,13.428571428571429,0,0,6,6,6,13.166666666666666,0,15.5,2.8,-4.06,Graduate,0,0.04438158280999286,Low
1,53,1,9147,1,42,140.0,1,3,4,2,1,140.2,0,0,0,1,0,0,20,0,6,11,19,9,12.555555555555555,0,3,9,14,8,11.11111111111111,0,8.9,1.4,3.51,Graduate,0,0.11647597076645862,Low
1,1,1,9238,1,1,124.0,1,34,34,0,0,129.3,0,0,0,1,0,0,19,0,0,6,8,6,11.5,0,0,6,7,6,11.166666666666666,0,7.6,2.6,0.32,Graduate,0,0.09046518683748092,Low
1,1,1,9853,1,1,140.0,1,37,37,9,9,145.3,0,0,0,1,0,0,18,0,0,6,6,6,13.666666666666666,0,0,6,9,6,12.333333333333334,0,7.6,2.6,0.32,Graduate,0,0.06173215710331761,Low
1,39,1,9991,0,3,130.0,1,37,37,9,9,146.2,0,0,0,1,0,0,28,0,10,14,16,11,11.272727272727272,0,6,11,16,10,12.0,0,10.8,1.4,1.74,Graduate,0,0.5272806176275223,Medium
1,17,1,9853,1,1,134.0,1,1,19,4,5,122.5,1,0,0,1,0,0,22,0,0,6,10,5,13.166666666666666,0,0,6,8,5,12.4,0,15.5,2.8,-4.06,Enrolled,0,0.11324624794767296,Low
1,44,1,8014,0,39,160.0,1,37,37,7,7,156.1,0,0,0,1,0,1,21,0,3,6,6,6,14.666666666666666,0,2,6,6,6,14.166666666666666,0,13.9,-0.3,0.79,Graduate,0,0.02641636528764273,Low
1,44,1,9085,1,39,140.0,1,4,38,4,5,140.0,1,0,0,1,0,0,21,0,0,6,11,4,12.75,0,0,6,19,1,11.0,0,12.4,0.5,1.79,Enrolled,0,0.3103971779349522,Medium
1,39,1,9500,1,1,150.0,1,1,19,5,3,140.0,0,1,0,1,0,0,26,0,0,7,11,5,11.2,0,0,8,13,5,12.14,0,16.2,0.3,-0.92,Enrolled,0,0.2115624644568481,Low
1,1,6,9773,1,1,141.0,1,30,37,7,7,128.4,1,0,1,0,0,0,18,0,0,6,8,5,13.0,0,0,6,8,5,11.4,0,7.6,2.6,0.32,Dropout,1,0.843600419896601,High
1,17,2,9085,1,1,120.0,1,1,1,9,10,115.0,0,0,0,0,0,0,20,0,0,5,8,2,10.5,0,0,5,8,2,12.333333333333334,0,7.6,2.6,0.32,Dropout,1,0.7951775047846835,High
1,17,2,9085,1,1,166.0,1,1,19,4,3,158.7,0,0,0,1,0,0,18,0,0,6,7,6,14.857142857142858,0,0,6,7,6,14.0,0,11.1,0.6,2.02,Graduate,0,0.0769660100322146,Low
1,1,4,9500,1,1,147.0,1,1,1,4,9,124.5,1,0,0,1,0,1,19,0,0,8,11,7,12.86,0,0,8,11,7,12.86,0,10.8,1.4,1.74,Graduate,0,0.036726154674044297,Low
1,51,1,9238,1,1,121.0,1,3,19,3,10,111.9,1,0,0,1,0,0,20,0,5,11,12,11,11.727272727272728,0,5,11,14,11,12.0,0,12.4,0.5,1.79,Graduate,0,0.07505318046567006,Low
1,44,1,9085,1,39,150.0,1,38,37,4,6,150.0,1,0,0,1,0,1,22,0,3,6,11,6,13.142857142857142,0,2,6,10,3,12.0,0,13.9,-0.3,0.79,Graduate,0,0.22108210561879305,Low
1,17,1,9670,1,1,124.0,1,37,19,5,8,114.2,1,0,1,1,0,0,18,0,0,6,6,5,11.8,0,0,6,9,4,13.714285714285714,0,10.8,1.4,1.74,Dropout,1,0.7605683161574049,High
1,17,1,9147,1,1,96.0,1,38,37,6,4,96.0,1,0,0,1,0,0,19,0,0,5,10,3,10.666666666666666,0,0,5,9,0,0.0,3,16.2,0.3,-0.92,Dropout,1,0.8925313092236487,High
1,17,4,9070,1,1,125.0,1,1,3,3,3,128.9,0,0,0,1,0,1,18,0,0,6,9,5,11.6,0,0,6,8,4,11.2,0,8.9,1.4,3.51,Enrolled,0,0.22398667843309814,Low
1,17,1,9254,1,1,136.0,1,37,37,7,7,121.7,1,0,0,1,0,0,20,0,0,6,13,3,10.333333333333334,0,0,6,12,3,10.333333333333334,0,10.8,1.4,1.74,Enrolled,0,0.5195851963048479,Medium
1,1,1,9773,1,1,120.0,1,38,37,9,9,114.8,1,1,0,1,0,0,19,0,0,6,11,4,12.25,0,0,6,11,3,11.0,0,7.6,2.6,0.32,Enrolled,0,0.3536470398764838,Medium
1,1,1,9254,1,1,128.0,1,19,38,9,9,127.0,0,0,0,1,0,0,19,0,0,6,6,6,12.0,0,0,6,7,4,12.75,0,12.4,0.5,1.79,Enrolled,0,0.11393352783957392,Low
1,17,1,9500,1,1,142.0,1,37,37,5,5,131.3,1,0,0,1,0,0,19,0,0,8,8,7,14.731428571428571,0,0,8,8,7,14.731428571428571,0,10.8,1.4,1.74,Graduate,0,0.044444026552761556,Low
1,1,1,171,1,1,135.0,1,1,19,3,9,137.1,1,0,0,1,0,0,18,0,0,0,0,0,0.0,0,0,0,0,0,0.0,0,12.7,3.7,-1.7,Graduate,0,0.13535377547755936,Low
1,7,1,9070,1,40,120.0,1,1,19,3,9,120.0,1,0,0,1,0,0,21,0,9,13,14,13,13.615384615384617,1,6,12,12,12,14.25,0,13.9,-0.3,0.79,Graduate,0,0.08239688252033232,Low
1,39,1,9991,0,40,140.0,1,1,19,9,9,139.0,0,0,0,1,0,0,27,0,0,5,5,5,15.8,0,0,5,5,5,14.8,0,8.9,1.4,3.51,Graduate,0,0.07019602806350039,Low
1,17,1,9238,1,1,135.0,1,1,19,4,4,129.1,0,0,0,1,0,0,19,0,0,6,6,6,14.666666666666666,0,0,6,7,6,14.571428571428571,0,15.5,2.8,-4.06,Graduate,0,0.058322453693590216,Low
4,39,1,9085,1,1,133.1,1,34,34,0,0,128.2,0,0,0,1,0,0,25,0,0,5,5,0,0.0,0,0,5,5,0,0.0,0,7.6,2.6,0.32,Dropout,1,0.9619311427348817,High
1,1,2,9500,1,1,137.0,1,19,19,7,7,120.8,1,0,0,1,0,1,18,0,0,8,8,7,14.654285714285717,0,0,8,8,7,14.654285714285717,0,10.8,1.4,1.74,Graduate,0,0.022364216733829934,Low
1,39,1,9500,1,3,122.0,1,19,1,4,8,135.8,0,0,0,1,0,0,24,0,0,8,8,7,12.401428571428571,0,0,8,8,7,12.401428571428571,0,10.8,1.4,1.74,Graduate,0,0.04345399987210301,Low
1,1,3,9500,1,1,128.0,1,1,1,4,10,118.9,1,0,0,1,0,0,20,0,0,7,8,7,11.5875,0,0,8,9,7,14.071428571428571,0,13.9,-0.3,0.79,Graduate,0,0.052909275012241096,Low
1,7,1,9991,0,40,140.0,1,37,37,6,6,140.0,0,0,0,1,0,0,26,0,3,5,5,5,14.0,0,1,5,5,5,15.6,0,12.4,0.5,1.79,Graduate,0,0.08845395474142982,Low
1,1,1,9238,1,1,132.0,1,1,38,9,7,127.1,1,0,0,1,0,1,20,0,0,6,9,6,12.333333333333334,0,0,6,6,6,11.833333333333334,0,8.9,1.4,3.51,Graduate,0,0.0307132627858309,Low
1,1,1,9085,1,1,131.0,1,37,37,90,90,137.0,0,0,0,1,0,0,18,0,0,5,5,5,14.0,0,0,5,6,5,15.4,0,7.6,2.6,0.32,Graduate,0,0.02260089163538411,Low
1,1,1,9085,1,1,126.0,1,1,1,9,9,127.4,1,0,0,1,0,0,19,0,0,6,13,6,15.23076923076923,0,0,6,10,6,12.375,0,15.5,2.8,-4.06,Graduate,0,0.04763350984123278,Low
1,1,1,9853,1,1,133.1,1,19,19,9,9,97.0,1,0,0,1,0,0,23,0,0,6,9,5,11.6,0,0,6,9,3,11.0,0,12.7,3.7,-1.7,Dropout,1,0.51610902033865,Medium
1,1,4,9500,1,1,136.0,1,37,37,9,9,126.3,1,0,0,1,0,1,18,0,0,7,7,6,11.6,0,0,7,7,6,11.6,0,7.6,2.6,0.32,Graduate,0,0.023284618049519257,Low
1,1,4,9500,1,1,140.0,1,1,19,4,5,127.5,0,0,0,1,0,0,18,0,0,7,0,0,0.0,0,0,8,0,0,0.0,0,12.7,3.7,-1.7,Dropout,1,0.9984951991384067,High
1,1,1,9500,1,1,135.0,1,2,1,2,8,126.6,0,0,0,1,0,1,19,0,0,7,7,7,12.901428571428571,0,0,8,9,8,13.094444444444443,0,11.1,0.6,2.02,Graduate,0,0.033496948739738755,Low
1,42,1,9991,0,1,160.0,1,1,2,4,3,120.0,0,0,0,1,0,0,30,0,4,7,9,7,14.142857142857142,0,1,5,5,5,14.8,0,7.6,2.6,0.32,Graduate,0,0.15057912409902718,Low
1,44,1,9085,1,39,140.0,1,1,2,4,6,140.0,1,0,0,1,0,0,29,0,0,6,0,0,0.0,0,0,6,0,0,0.0,0,15.5,2.8,-4.06,Dropout,1,0.981243586196916,High
1,1,6,9500,1,1,140.0,1,3,1,3,3,131.5,1,0,0,1,0,0,19,0,0,8,8,8,13.25375,0,0,8,8,8,13.25375,0,9.4,-0.8,-3.12,Graduate,0,0.05554784430779833,Low
1,17,6,9556,1,1,115.0,1,19,2,5,3,112.2,1,0,0,1,0,0,20,0,0,7,7,7,13.785714285714286,0,0,8,8,8,14.1,0,12.4,0.5,1.79,Graduate,0,0.06649984110902338,Low
1,1,1,9500,1,1,144.0,1,37,37,9,3,150.5,0,0,0,1,0,0,20,0,0,7,7,6,13.916666666666666,0,0,7,7,6,13.916666666666666,0,7.6,2.6,0.32,Graduate,0,0.020386266946775845,Low
1,1,4,9670,1,1,128.0,1,38,38,3,7,121.0,1,0,0,1,0,0,19,0,0,6,8,6,13.5,0,0,6,9,6,13.571428571428571,0,11.1,0.6,2.02,Graduate,0,0.10001455239893042,Low
1,17,1,9147,1,1,116.0,1,38,2,9,2,112.2,1,0,0,1,0,0,20,0,0,5,8,3,11.333333333333334,0,0,5,12,2,10.666666666666666,0,10.8,1.4,1.74,Enrolled,0,0.3911032837026343,Medium
3,1,2,9085,1,1,135.0,1,19,1,4,4,129.4,1,0,0,1,0,0,21,0,0,5,8,0,0.0,4,0,5,12,0,0.0,4,10.8,1.4,1.74,Dropout,1,0.9376468243771421,High
1,17,1,9670,1,1,121.0,1,19,38,4,10,114.4,0,0,0,1,0,0,19,0,0,6,10,5,11.5,0,0,6,9,4,14.6,0,11.1,0.6,2.02,Graduate,0,0.36064429492623984,Medium
1,1,3,9500,1,1,134.0,1,37,38,9,9,120.3,1,0,0,1,0,1,18,0,0,8,8,7,12.082857142857142,0,0,8,8,7,12.082857142857142,0,10.8,1.4,1.74,Graduate,0,0.01548588970558772,Low
1,39,1,8014,0,1,120.0,1,37,37,7,8,120.0,0,0,0,1,0,1,27,0,0,6,8,6,11.833333333333334,0,0,6,10,5,12.8,0,15.5,2.8,-4.06,Graduate,0,0.07057614669991857,Low
1,17,2,9147,1,1,125.0,1,38,38,6,8,114.5,1,0,0,1,0,1,19,0,0,5,6,5,13.4,0,0,5,5,5,12.4,0,12.4,0.5,1.79,Graduate,0,0.03093744355618058,Low
1,1,1,9500,1,1,141.0,1,1,1,90,3,127.8,0,0,0,1,0,1,19,0,0,7,7,0,0.0,2,0,7,7,0,0.0,2,7.6,2.6,0.32,Dropout,1,0.9579760312175407,High
1,1,1,9773,1,1,140.0,1,1,19,4,8,124.6,1,0,0,1,0,0,19,0,0,6,7,5,14.2,0,0,6,7,6,14.571428571428571,0,15.5,2.8,-4.06,Graduate,0,0.07221735099599187,Low
1,1,6,9500,1,1,144.0,1,19,19,5,5,130.3,1,0,0,1,0,1,18,0,0,8,8,7,13.814285714285717,0,0,8,8,7,13.814285714285717,0,12.7,3.7,-1.7,Graduate,0,0.028141737234678346,Low
1,17,1,9254,1,1,122.0,1,19,19,5,5,118.2,0,0,0,1,0,1,20,0,0,6,10,4,11.25,0,0,6,6,6,10.5,0,12.4,0.5,1.79,Enrolled,0,0.10628633030725736,Low
1,1,1,9670,1,1,130.0,1,19,37,4,5,118.8,0,0,0,1,0,1,18,0,0,6,6,6,14.5,0,0,6,8,6,13.666666666666666,0,12.7,3.7,-1.7,Graduate,0,0.020337053718307133,Low
1,1,5,9670,1,1,133.1,1,9,1,2,4,133.0,1,0,0,1,0,0,19,0,0,6,0,0,0.0,0,0,6,0,0,0.0,0,7.6,2.6,0.32,Dropout,1,0.9949041348212343,High
2,39,1,9500,1,19,133.1,1,37,37,9,9,129.0,1,0,0,1,0,0,36,0,0,7,7,6,11.3,0,0,7,7,6,11.3,0,7.6,2.6,0.32,Graduate,0,0.03524383683189529,Low
1,43,1,9556,1,1,147.0,1,3,4,3,2,100.0,0,0,0,1,0,0,18,0,0,2,2,0,0.0,0,0,4,4,1,16.0,0,10.8,1.4,1.74,Enrolled,0,0.3065830544253544,Medium
1,43,1,9130,1,1,127.0,1,19,38,4,5,120.7,1,0,1,1,0,0,18,0,0,5,11,1,12.0,0,0,5,9,3,12.0,0,12.7,3.7,-1.7,Enrolled,0,0.22072675206741868,Low
1,17,6,9500,1,1,136.0,1,19,38,9,3,132.5,1,0,0,1,0,0,19,0,0,8,9,7,12.3,0,0,8,9,7,12.3,0,12.7,3.7,-1.7,Graduate,0,0.052752979370335656,Low
1,1,5,9500,1,1,127.0,1,19,19,7,8,120.3,1,0,0,1,0,1,18,0,0,8,8,7,12.694285714285714,0,0,8,8,7,12.694285714285714,0,10.8,1.4,1.74,Graduate,0,0.020767989403342953,Low
1,17,1,9670,1,1,123.0,1,19,19,1,1,114.6,0,0,0,1,0,0,18,0,0,5,5,4,11.0,0,0,5,5,4,11.0,0,9.4,-0.8,-3.12,Graduate,0,0.264659189376242,Low
1,1,1,9238,1,1,128.0,1,37,19,9,3,116.5,1,0,0,1,0,1,19,0,0,6,6,6,13.0,0,0,6,6,6,14.166666666666666,0,12.4,0.5,1.79,Graduate,0,0.022545432004205865,Low
1,1,1,9500,1,1,128.0,1,3,1,2,1,127.8,0,0,0,1,0,1,19,0,0,7,8,7,14.4125,0,0,8,8,8,16.05,0,13.9,-0.3,0.79,Graduate,0,0.06398873274335803,Low
1,1,2,9500,1,1,140.0,1,1,19,7,7,129.9,1,0,0,1,0,0,18,0,0,7,8,7,12.92875,0,0,8,8,8,14.0625,0,15.5,2.8,-4.06,Dropout,1,0.14143249452529127,Low
1,1,2,9773,1,1,121.0,1,1,19,9,7,118.9,1,0,0,1,0,0,20,0,0,6,6,6,13.333333333333334,0,0,6,10,5,12.8,0,11.1,0.6,2.02,Graduate,0,0.07721859382807568,Low
1,1,3,9254,1,1,122.0,1,19,38,3,10,114.3,1,0,0,1,0,1,20,0,0,6,8,5,12.8,0,0,6,9,5,12.8,0,12.4,0.5,1.79,Enrolled,0,0.061054458827790106,Low
1,18,1,9500,1,1,126.0,1,38,37,5,5,114.8,1,0,0,1,0,0,20,0,0,8,8,7,14.402857142857142,0,0,8,8,7,14.402857142857142,0,10.8,1.4,1.74,Graduate,0,0.029267537103206013,Low
1,1,4,9500,1,1,135.0,1,37,37,9,8,123.0,1,0,0,1,0,1,18,0,0,8,8,7,13.381428571428572,0,0,8,8,7,13.381428571428572,0,10.8,1.4,1.74,Graduate,0,0.019636293539402175,Low
1,1,2,9500,1,1,131.0,1,19,19,7,5,122.1,1,0,0,1,0,0,18,0,0,7,8,7,14.13125,0,0,8,8,8,13.98375,0,15.5,2.8,-4.06,Graduate,0,0.05992174906727044,Low
1,17,4,9085,1,1,140.0,1,19,37,4,7,123.7,0,0,0,1,0,0,19,0,0,5,11,5,11.714285714285714,2,0,5,6,5,12.6,0,9.4,-0.8,-3.12,Graduate,0,0.06318702287503053,Low
1,1,3,9147,1,1,131.0,1,19,38,9,7,132.4,1,0,0,1,0,0,19,0,0,5,5,5,11.8,0,0,5,8,4,11.25,0,9.4,-0.8,-3.12,Enrolled,0,0.054977473256452324,Low
2,39,1,8014,0,1,130.0,1,34,34,99,99,114.8,0,0,0,1,0,0,44,0,0,6,9,6,11.166666666666666,0,1,6,15,2,11.0,1,7.6,2.6,0.32,Graduate,0,0.2709249747068274,Low
1,7,1,9003,1,3,130.0,1,38,37,5,6,130.0,0,0,0,1,0,0,32,0,0,6,7,0,0.0,0,0,6,6,0,0.0,0,12.4,0.5,1.79,Dropout,1,0.9850400615291002,High
1,43,1,9853,1,1,140.0,1,37,19,9,8,122.3,0,0,0,1,0,0,22,0,0,6,9,5,13.6,0,0,6,8,5,12.0,0,12.7,3.7,-1.7,Dropout,1,0.3075278754720305,Medium
2,39,1,9003,1,1,130.0,1,1,19,4,9,152.4,1,0,0,1,0,0,36,0,4,12,14,12,13.846153846153848,0,5,12,18,11,14.090909090909092,0,8.9,1.4,3.51,Graduate,0,0.08608030337726755,Low
1,17,1,9773,1,1,125.0,1,37,37,5,7,120.1,0,0,0,1,0,1,18,0,0,6,7,6,12.5,0,0,6,8,6,13.333333333333334,0,16.2,0.3,-0.92,Graduate,0,0.03432255861786811,Low
1,1,1,9130,1,1,160.0,1,3,3,3,2,155.1,1,0,0,1,0,0,20,0,0,5,5,5,16.4,0,0,5,5,5,14.6,0,12.7,3.7,-1.7,Graduate,0,0.0792732376561314,Low
1,51,1,9070,1,1,130.0,1,19,19,5,7,124.5,0,0,0,1,0,1,20,0,5,11,11,11,13.818181818181818,0,5,11,11,11,13.454545454545457,0,11.1,0.6,2.02,Graduate,0,0.027752335205443394,Low
1,17,1,9238,1,1,144.0,1,3,1,2,3,126.9,0,0,0,1,0,0,19,0,0,6,8,5,10.6,0,0,6,11,4,10.5,0,15.5,2.8,-4.06,Graduate,0,0.1344844079049474,Low
1,39,1,9147,1,19,133.1,1,3,1,3,5,153.2,1,0,1,1,0,0,24,0,0,5,8,5,10.2,0,0,5,6,5,12.2,0,12.4,0.5,1.79,Graduate,0,0.14856249093523907,Low
1,17,1,9238,1,1,148.0,1,1,1,4,9,129.8,0,0,0,1,0,0,20,0,0,6,11,5,10.6,0,0,6,11,4,10.4,0,15.5,2.8,-4.06,Enrolled,0,0.14743381775206424,Low
1,43,1,8014,0,1,133.1,1,3,3,2,3,135.0,0,0,0,1,0,0,27,0,7,10,10,9,11.444444444444445,0,4,11,11,5,10.8,0,10.8,1.4,1.74,Dropout,1,0.7049070030475403,High
1,1,1,9853,1,1,133.0,1,1,38,5,10,131.3,1,0,0,1,0,0,20,0,0,6,9,5,14.333333333333334,0,4,8,8,8,12.625,0,15.5,2.8,-4.06,Enrolled,0,0.09887551525286406,Low
1,43,6,9238,1,1,129.0,1,34,34,0,0,125.2,0,0,0,1,0,1,23,0,15,16,18,16,13.0,0,11,13,15,13,13.266666666666667,0,9.4,-0.8,-3.12,Graduate,0,0.11401046727805732,Low
1,1,5,9500,1,1,144.0,1,19,38,4,8,141.3,1,0,0,1,0,1,18,0,0,8,9,8,13.31,1,0,8,9,8,13.31,1,9.4,-0.8,-3.12,Graduate,0,0.09572271462231569,Low
1,17,1,9238,1,1,120.0,1,37,37,4,9,117.1,1,0,0,1,0,1,18,0,0,6,10,5,10.571428571428571,1,0,6,9,5,12.2,0,12.7,3.7,-1.7,Graduate,0,0.07379915801681171,Low
1,17,3,9500,1,1,144.0,1,1,37,9,9,126.5,1,0,0,1,0,1,20,0,0,8,8,7,13.487142857142857,0,0,8,8,7,13.487142857142857,0,10.8,1.4,1.74,Graduate,0,0.02414732673945135,Low
1,1,1,9254,1,1,132.0,1,19,38,9,7,120.1,0,0,0,1,0,1,20,0,0,6,6,6,12.333333333333334,0,0,6,7,6,11.833333333333334,0,13.9,-0.3,0.79,Graduate,0,0.024176865084198487,Low
1,1,1,9670,1,1,142.0,1,38,19,7,10,128.4,0,0,0,1,0,0,23,0,0,6,11,6,11.875,0,0,6,9,5,12.833333333333334,0,11.1,0.6,2.02,Dropout,1,0.4231937326750279,Medium
1,1,2,9500,1,1,136.0,1,19,19,9,9,140.0,1,0,0,1,0,0,20,0,0,7,7,6,13.966666666666669,0,0,7,7,6,13.966666666666669,0,7.6,2.6,0.32,Graduate,0,0.026319017891285924,Low
1,39,1,9254,1,9,133.1,1,34,34,0,0,110.0,1,0,0,0,0,0,28,0,0,5,10,0,0.0,0,0,5,10,0,0.0,0,7.6,2.6,0.32,Dropout,1,0.9881798671726091,High
1,1,1,9670,1,1,122.0,1,1,19,3,5,116.8,1,0,0,1,0,0,21,0,0,5,8,4,11.5,0,0,5,5,5,12.8,0,7.6,2.6,0.32,Graduate,0,0.08354159834039553,Low
1,1,2,9556,1,1,133.1,1,19,19,9,9,104.5,1,0,0,1,0,0,21,0,0,2,2,2,12.5,0,0,7,0,0,0.0,0,12.4,0.5,1.79,Dropout,1,0.9496774676020252,High
1,7,1,9500,1,3,140.0,1,34,34,0,0,140.0,0,0,0,1,0,0,28,0,0,7,0,0,0.0,0,0,8,0,0,0.0,0,7.6,2.6,0.32,Dropout,1,0.9873160185179883,High
1,1,1,9500,1,1,117.0,1,3,1,3,3,113.2,0,1,0,1,0,0,18,0,0,7,10,6,11.98,0,0,8,11,7,13.225,0,16.2,0.3,-0.92,Graduate,0,0.074646952971409,Low
1,17,1,9238,1,1,128.0,1,38,19,191,175,118.6,1,0,0,1,0,1,21,0,0,6,8,5,13.2,0,0,6,7,5,11.8,0,8.9,1.4,3.51,Enrolled,0,0.05682744481650038,Low
1,1,1,9500,1,1,136.0,1,1,1,4,4,123.8,0,0,0,1,0,0,19,0,0,7,10,6,11.614285714285714,0,0,8,8,8,14.0375,0,13.9,-0.3,0.79,Graduate,0,0.052834572262017696,Low
1,18,6,9500,1,1,141.0,1,1,19,1,1,126.7,1,0,0,1,0,1,18,0,0,8,8,7,14.314285714285717,0,0,8,8,7,14.314285714285717,0,12.7,3.7,-1.7,Graduate,0,0.0643271025675183,Low
1,1,3,9500,1,1,130.0,1,3,1,2,5,133.8,0,0,0,1,0,0,19,0,0,7,0,0,0.0,0,0,8,0,0,0.0,0,7.6,2.6,0.32,Dropout,1,0.992738769034397,High
1,44,1,9085,1,39,140.0,1,38,38,9,7,140.0,0,0,0,1,0,0,20,0,2,6,9,6,12.666666666666666,0,1,6,12,2,13.0,0,13.9,-0.3,0.79,Enrolled,0,0.15133163648778308,Low
1,1,3,9500,1,1,102.0,1,1,19,9,5,100.6,1,0,0,1,0,1,20,0,0,7,9,6,12.766666666666666,0,0,8,10,7,12.128571428571428,0,12.4,0.5,1.79,Graduate,0,0.025483472669467596,Low
1,17,1,9853,1,1,126.0,1,1,37,7,9,132.7,0,0,0,1,0,1,18,0,0,6,7,6,12.666666666666666,0,0,6,7,5,12.2,0,10.8,1.4,1.74,Graduate,0,0.15520530534192126,Low
1,43,2,9670,1,1,125.0,1,38,19,4,3,106.6,1,0,0,1,0,0,20,0,4,6,7,6,11.5,0,0,6,10,4,10.571428571428571,0,10.8,1.4,1.74,Dropout,1,0.4504866548928486,Medium
1,39,1,9670,1,1,120.0,1,1,19,5,4,140.4,0,0,0,1,0,0,31,0,2,6,13,5,11.4,0,0,6,14,4,11.75,0,13.9,-0.3,0.79,Dropout,1,0.4838635000312496,Medium
1,17,3,9500,1,1,132.0,1,37,37,9,7,128.3,1,0,0,1,0,1,19,0,0,7,8,7,14.70625,0,0,8,8,8,14.4775,0,15.5,2.8,-4.06,Graduate,0,0.0260497276371348,Low
1,1,3,9500,1,1,128.0,1,38,38,5,5,118.6,1,0,0,1,0,1,19,0,0,7,9,6,11.814285714285717,0,0,8,8,7,13.542857142857144,0,13.9,-0.3,0.79,Graduate,0,0.03297914946439124,Low
1,1,1,9070,1,1,115.0,1,19,1,3,8,123.4,0,0,0,1,0,0,23,0,1,6,8,6,13.0,1,0,6,8,6,11.875,0,13.9,-0.3,0.79,Graduate,0,0.10873170094584222,Low
1,1,1,9670,1,1,125.0,1,37,37,5,5,124.0,0,0,0,1,0,0,19,0,0,6,7,6,14.857142857142858,0,0,6,6,6,13.333333333333334,0,12.4,0.5,1.79,Graduate,0,0.0476368458830693,Low
1,1,6,9500,1,1,137.0,1,1,3,3,2,121.3,1,0,0,1,0,0,20,0,0,7,7,6,12.6,0,0,7,7,6,12.6,0,7.6,2.6,0.32,Graduate,0,0.043973437246827236,Low
1,1,1,9085,1,1,101.0,1,37,37,9,4,101.0,1,0,1,1,0,0,22,0,0,6,9,5,13.333333333333334,0,0,6,17,4,11.4,0,12.4,0.5,1.79,Enrolled,0,0.23988271893453278,Low
1,1,1,9853,1,1,126.0,1,3,1,2,5,116.9,1,1,0,1,0,0,18,0,0,7,10,6,10.666666666666666,0,0,7,12,6,12.833333333333334,0,13.9,-0.3,0.79,Enrolled,0,0.1801081109045223,Low
1,7,3,9130,1,3,130.0,1,19,37,90,5,130.0,0,0,1,0,0,0,27,0,1,5,6,2,11.5,0,0,5,5,1,11.0,0,12.7,3.7,-1.7,Dropout,1,0.9202209480193312,High
1,39,1,9556,1,19,100.0,1,37,38,9,9,120.0,0,0,0,1,0,0,29,0,0,7,9,1,10.0,0,0,7,0,0,0.0,0,12.7,3.7,-1.7,Dropout,1,0.9409297376595689,High
1,17,1,9254,1,1,122.0,1,1,19,4,3,130.4,1,0,0,1,0,0,18,0,0,6,10,5,11.8,0,0,6,10,5,12.2,0,11.1,0.6,2.02,Graduate,0,0.1581612124446268,Low
1,17,1,9070,1,1,126.0,1,19,38,9,7,118.7,0,0,0,1,0,0,18,0,0,6,7,5,11.8,0,0,6,6,6,12.666666666666666,0,16.2,0.3,-0.92,Graduate,0,0.03345135807446864,Low
1,17,1,9500,1,1,128.0,1,38,38,7,7,131.5,0,0,0,1,0,0,18,0,0,8,8,8,12.77125,0,0,8,8,8,12.77125,0,9.4,-0.8,-3.12,Graduate,0,0.03251780747284057,Low
1,17,3,9085,1,1,134.0,1,37,38,9,9,120.4,1,0,0,1,0,0,20,0,0,5,13,3,11.333333333333334,2,0,5,8,5,12.6,0,9.4,-0.8,-3.12,Enrolled,0,0.07013532451879732,Low
1,17,2,9254,1,1,128.0,1,38,38,9,9,129.1,1,0,0,1,0,0,18,0,0,6,6,6,12.666666666666666,0,0,6,7,5,14.6,0,11.1,0.6,2.02,Graduate,0,0.0713674883439932,Low
1,1,1,9070,1,1,125.0,1,1,1,4,4,132.0,0,0,0,0,0,0,18,0,1,6,10,5,12.2,1,0,6,11,4,10.833333333333334,0,13.9,-0.3,0.79,Enrolled,0,0.26369220763645107,Low
1,7,2,9085,1,3,130.0,1,3,3,1,1,130.0,0,0,0,0,0,0,28,0,0,5,9,1,12.0,1,0,4,10,0,0.0,4,10.8,1.4,1.74,Dropout,1,0.9814070315661919,High
1,1,2,9500,1,1,135.0,1,37,1,7,7,132.8,1,0,0,1,0,1,18,0,0,8,12,7,11.721428571428572,0,0,8,12,7,11.721428571428572,0,12.7,3.7,-1.7,Graduate,0,0.03224874253264055,Low
1,39,1,9500,1,19,133.1,1,37,38,151,161,143.7,0,0,0,1,0,0,27,0,0,7,12,4,14.0,0,0,7,14,3,12.525,0,12.4,0.5,1.79,Enrolled,0,0.1634383933224318,Low
1,39,1,33,1,1,140.0,1,3,1,2,4,152.8,0,0,0,1,0,0,26,0,0,7,9,7,14.75,0,0,7,12,5,13.8,3,16.2,0.3,-0.92,Enrolled,0,0.204697414687767,Low
1,1,2,9773,1,1,138.0,1,19,1,9,3,133.5,1,0,0,1,0,0,18,0,0,6,6,6,12.666666666666666,0,0,6,6,6,13.666666666666666,0,12.7,3.7,-1.7,Graduate,0,0.09499417865132907,Low
1,1,1,9130,1,1,150.0,1,5,5,2,2,146.2,0,0,0,1,0,0,18,0,0,5,12,4,13.0,2,0,5,6,5,14.0,0,9.4,-0.8,-3.12,Dropout,1,0.5449537943820407,Medium
1,1,2,9147,1,1,125.0,1,1,19,4,6,115.2,0,1,0,1,0,0,21,0,0,5,6,0,0.0,0,0,5,5,0,0.0,0,15.5,2.8,-4.06,Dropout,1,0.9621890262923224,High
1,1,2,9070,1,1,121.0,1,4,1,2,3,120.7,1,0,0,1,0,0,18,0,0,6,8,4,10.75,0,0,6,9,0,0.0,0,9.4,-0.8,-3.12,Enrolled,0,0.4078213006409063,Medium
2,39,1,8014,0,1,120.0,1,34,34,99,99,101.8,0,0,0,0,0,0,32,0,0,5,5,0,0.0,0,0,5,10,0,0.0,0,10.8,1.4,1.74,Dropout,1,0.9889823169439569,High
1,39,2,9670,1,1,140.0,1,34,34,0,0,100.0,0,0,0,1,0,0,28,0,0,5,6,4,12.5,0,0,5,7,4,11.75,0,7.6,2.6,0.32,Graduate,0,0.17002663970981197,Low
1,39,1,9991,0,1,100.0,1,37,19,9,2,121.9,0,0,0,0,0,0,40,0,0,4,4,0,0.0,0,0,5,0,0,0.0,0,12.7,3.7,-1.7,Dropout,1,0.9808600077759505,High
2,18,2,8014,0,1,140.0,1,37,37,9,10,120.4,0,0,1,0,0,0,39,0,0,5,5,0,0.0,0,0,4,4,0,0.0,0,9.4,-0.8,-3.12,Dropout,1,0.9610156544342828,High
2,18,2,9238,1,1,140.0,1,37,37,9,10,120.4,0,0,1,0,0,0,39,0,0,6,0,0,0.0,0,0,6,0,0,0.0,0,9.4,-0.8,-3.12,Dropout,1,0.9806012457169107,High
2,39,1,9003,1,1,120.0,1,37,19,9,4,148.8,0,0,0,1,0,0,50,0,0,6,7,6,12.5,0,0,6,15,5,12.4,0,8.9,1.4,3.51,Graduate,0,0.10636438815140917,Low
1,17,2,9853,1,1,138.0,1,1,1,9,4,123.0,1,0,0,1,0,0,23,0,0,6,10,5,12.8,0,0,6,9,3,11.666666666666666,0,10.8,1.4,1.74,Dropout,1,0.6867356840740129,High
4,39,1,8014,0,19,133.1,1,34,34,0,0,100.0,0,0,0,1,0,0,48,0,0,6,11,1,10.0,0,0,6,11,1,11.0,0,9.4,-0.8,-3.12,Dropout,1,0.9022361971504794,High
1,17,2,9853,1,1,118.0,1,37,37,9,9,112.1,1,0,0,1,0,0,23,0,0,6,11,4,11.25,0,0,6,10,5,10.2,0,7.6,2.6,0.32,Dropout,1,0.7296187783259748,High
1,1,6,9500,1,1,135.0,1,37,1,5,5,126.8,1,0,0,1,0,1,18,0,0,8,8,7,12.61,0,0,8,8,7,12.61,0,10.8,1.4,1.74,Graduate,0,0.029763225114356907,Low
1,17,1,9130,1,1,130.0,1,3,19,2,9,115.9,0,0,0,1,0,0,18,0,0,5,14,2,12.0,2,0,5,6,5,12.6,0,9.4,-0.8,-3.12,Graduate,0,0.08901870200781305,Low
1,15,1,9238,1,1,150.0,26,3,37,2,8,132.5,1,0,0,0,0,0,20,1,0,6,9,5,13.0,0,0,6,7,6,13.5,0,13.9,-0.3,0.79,Graduate,0,0.11901318012915339,Low
1,18,3,9085,1,1,149.0,103,1,1,9,9,132.2,1,0,0,1,0,1,18,1,0,5,9,4,12.0,0,0,5,8,5,13.0,0,10.8,1.4,1.74,Graduate,0,0.06278593589917827,Low
1,1,1,9556,1,1,180.0,103,5,3,1,1,183.5,1,0,0,1,0,0,18,1,0,7,8,4,12.0,0,0,8,8,0,0.0,0,16.2,0.3,-0.92,Dropout,1,0.9236299359827627,High
1,43,1,9119,1,1,133.1,1,1,1,9,3,136.0,0,0,0,1,1,0,31,0,0,5,12,1,12.0,0,0,5,9,1,11.0,4,16.2,0.3,-0.92,Dropout,1,0.8590287631571374,High
1,39,1,9119,1,19,133.1,1,19,19,5,3,100.9,1,0,0,1,1,0,24,0,0,5,9,1,12.0,0,0,5,6,3,10.5,0,10.8,1.4,1.74,Enrolled,0,0.4407278326292,Medium
1,39,1,171,1,1,145.0,1,3,1,2,10,114.5,1,0,0,1,1,0,24,0,0,0,0,0,0.0,0,0,0,0,0,0.0,0,9.4,-0.8,-3.12,Graduate,0,0.31897343160075475,Medium
1,39,1,9147,1,1,110.0,1,37,37,9,9,110.3,0,0,1,0,1,0,26,0,0,5,5,0,0.0,0,0,5,9,0,0.0,0,10.8,1.4,1.74,Dropout,1,0.9919182335479695,High
1,1,1,9130,1,1,154.0,1,3,3,2,2,137.2,1,0,1,1,1,0,18,0,0,6,11,5,13.625,0,0,6,9,4,11.75,0,16.2,0.3,-0.92,Dropout,1,0.8078036903081757,High
1,17,1,9147,1,1,126.0,1,37,37,4,7,116.9,0,0,0,1,1,1,19,0,0,5,12,3,11.666666666666666,0,0,5,10,3,11.666666666666666,0,12.7,3.7,-1.7,Enrolled,0,0.22216355097672452,Low
1,17,1,9670,1,1,133.0,1,19,37,9,8,121.8,1,0,0,1,1,0,22,0,0,6,0,0,0.0,0,0,6,0,0,0.0,0,13.9,-0.3,0.79,Dropout,1,0.9930712809946762,High
1,1,2,9500,1,1,145.0,1,4,2,2,3,127.3,1,0,0,1,1,0,18,0,0,8,8,7,11.69,0,0,8,8,7,11.69,0,10.8,1.4,1.74,Graduate,0,0.0705668233455472,Low
1,44,1,9070,1,39,120.0,1,1,19,4,7,120.0,0,0,1,0,1,0,20,0,0,6,11,0,0.0,6,0,6,12,0,0.0,12,16.2,0.3,-0.92,Dropout,1,0.9553570963782346,High
1,44,1,171,1,39,150.0,1,4,4,2,2,150.0,0,0,0,1,1,0,25,0,0,0,0,0,0.0,0,0,0,0,0,0.0,0,15.5,2.8,-4.06,Graduate,0,0.3604018943525048,Medium
1,43,1,9991,0,1,150.0,1,3,3,4,4,100.0,1,0,0,1,1,0,24,0,0,5,10,4,11.5,0,0,5,11,5,11.285714285714286,0,13.9,-0.3,0.79,Graduate,0,0.4453343734138042,Medium
1,39,1,9119,1,1,150.0,1,3,3,4,4,150.0,1,0,0,1,1,0,27,0,0,5,10,1,14.0,0,0,5,0,0,0.0,0,8.9,1.4,3.51,Dropout,1,0.9721081296172086,High
1,17,1,9254,1,1,127.0,1,3,19,4,4,116.9,0,0,0,1,1,0,21,0,0,6,7,5,11.0,0,0,6,7,5,12.4,0,15.5,2.8,-4.06,Graduate,0,0.08667884712025636,Low
1,44,1,9003,1,39,140.0,1,19,38,3,9,140.0,1,0,0,1,1,0,21,0,0,6,7,6,12.857142857142858,0,0,6,6,6,13.166666666666666,0,12.4,0.5,1.79,Graduate,0,0.04953690747080386,Low
1,18,3,9773,1,1,128.0,1,19,1,9,9,122.1,1,0,0,1,1,0,19,0,0,6,9,4,12.5,0,0,6,6,6,11.333333333333334,0,10.8,1.4,1.74,Dropout,1,0.5502979881002577,Medium
1,39,1,9500,1,1,127.0,1,19,19,5,5,160.0,0,0,0,1,1,0,28,0,0,7,7,7,14.528571428571428,0,0,8,11,8,15.018181818181818,0,16.2,0.3,-0.92,Graduate,0,0.20828190915603106,Low
1,1,1,9147,1,1,117.0,1,19,19,5,7,118.4,0,0,0,1,1,0,20,0,0,5,8,5,10.0,0,0,5,10,2,12.0,0,7.6,2.6,0.32,Enrolled,0,0.3876495652118455,Medium
1,44,1,9003,1,39,150.0,1,1,19,4,10,150.0,0,0,0,1,1,1,21,0,0,6,8,6,13.0,0,0,6,10,6,12.625,0,15.5,2.8,-4.06,Graduate,0,0.07180371641101574,Low
1,1,1,9500,1,1,154.0,1,1,1,5,3,144.9,0,0,0,1,1,1,18,0,0,7,7,7,15.957142857142856,0,0,8,9,8,15.188888888888888,0,16.2,0.3,-0.92,Graduate,0,0.045759942509046934,Low
1,17,2,9119,1,1,127.0,1,19,1,9,10,121.1,1,0,0,1,1,1,18,0,0,5,6,5,13.2,0,0,5,8,5,12.6,0,8.9,1.4,3.51,Enrolled,0,0.13409472340260095,Low
1,1,2,9147,1,1,133.0,1,19,1,5,10,121.8,0,0,0,1,1,0,20,0,0,5,9,4,10.2,0,0,5,6,3,11.0,0,15.5,2.8,-4.06,Enrolled,0,0.3704701336490395,Medium
1,39,1,9119,1,40,120.0,1,1,1,5,10,146.8,0,0,0,1,1,0,25,0,2,5,6,5,14.2,0,1,5,5,2,13.5,0,16.2,0.3,-0.92,Enrolled,0,0.199216982053358,Low
1,1,1,9670,1,1,133.1,1,38,19,5,6,138.0,0,0,1,1,1,0,22,0,0,6,8,6,12.625,0,0,6,11,2,14.5,0,11.1,0.6,2.02,Enrolled,0,0.2703444152266401,Low
1,1,1,9500,1,1,149.0,1,37,37,9,9,138.0,0,0,0,1,1,0,18,0,0,8,11,6,13.496666666666668,1,0,8,11,6,13.496666666666668,1,9.4,-0.8,-3.12,Enrolled,0,0.250464293677101,Low
1,17,2,9147,1,1,125.0,1,19,38,9,7,116.3,1,0,0,1,1,0,19,0,0,5,8,5,13.25,0,0,5,8,5,11.0,0,13.9,-0.3,0.79,Graduate,0,0.07205964016908366,Low
1,1,5,9119,1,1,126.0,1,12,19,4,5,122.5,1,0,0,1,1,0,19,0,0,5,12,3,12.0,0,0,5,10,3,12.0,0,12.4,0.5,1.79,Dropout,1,0.6825628828147543,High
1,39,1,9773,1,19,133.1,1,19,1,7,9,115.0,1,0,1,0,1,0,25,0,0,6,10,4,13.0,0,0,6,9,4,13.75,0,12.7,3.7,-1.7,Dropout,1,0.9634313086388647,High
1,43,1,9070,1,1,115.0,1,12,12,1,10,115.0,0,0,1,1,1,0,21,0,5,11,12,9,11.77777777777778,0,3,8,11,3,13.666666666666666,0,15.5,2.8,-4.06,Dropout,1,0.7971377303896094,High
1,17,3,9119,1,1,117.0,1,1,2,3,2,119.8,1,0,0,1,1,0,19,0,0,5,10,2,11.0,0,0,6,10,0,0.0,0,11.1,0.6,2.02,Dropout,1,0.9702165541558854,High
1,17,2,9147,1,1,133.1,1,1,1,4,4,95.0,0,0,0,1,1,0,20,0,0,5,14,0,0.0,0,0,5,5,0,0.0,0,11.1,0.6,2.02,Dropout,1,0.9562035464181289,High
1,44,1,9003,1,39,150.0,1,3,2,2,2,150.0,0,0,0,1,1,0,25,0,9,14,16,14,12.428571428571429,0,3,9,13,6,10.857142857142858,0,15.5,2.8,-4.06,Dropout,1,0.7533934903985882,High
1,17,1,9147,1,1,130.0,1,19,1,7,4,117.8,1,0,0,1,1,0,20,0,0,5,8,3,11.0,0,0,5,11,3,12.0,0,10.8,1.4,1.74,Enrolled,0,0.44655196930653746,Medium
1,1,1,171,1,1,161.0,1,37,37,9,9,144.2,1,0,0,1,1,0,18,0,0,0,0,0,0.0,0,0,0,0,0,0.0,0,7.6,2.6,0.32,Graduate,0,0.11292481428099554,Low
1,44,1,9254,1,39,130.0,1,39,39,194,193,130.0,1,0,1,1,1,0,23,0,0,6,12,3,11.5,0,0,6,12,3,10.666666666666666,0,8.9,1.4,3.51,Enrolled,0,0.1594567583028813,Low
1,42,1,9500,1,1,111.0,1,1,3,9,10,128.2,1,0,0,1,1,0,23,0,0,8,8,8,12.5075,0,0,8,8,8,12.5075,0,9.4,-0.8,-3.12,Graduate,0,0.055053973820351064,Low
1,53,1,9003,1,42,140.0,1,3,38,141,151,135.3,0,0,0,1,1,0,21,0,7,12,18,11,12.090909090909092,0,5,12,14,11,12.0,0,8.9,1.4,3.51,Graduate,0,0.07499438572355994,Low
1,1,1,9130,1,1,132.0,1,1,1,3,3,143.9,1,0,0,1,1,0,20,0,0,5,14,2,11.0,3,0,5,9,3,12.666666666666666,0,9.4,-0.8,-3.12,Enrolled,0,0.2581378345693631,Low
1,39,1,9991,0,1,139.0,1,1,1,4,10,140.7,0,0,0,1,1,0,25,0,0,5,13,1,10.0,0,0,5,8,2,11.333333333333334,0,12.4,0.5,1.79,Dropout,1,0.925699015263928,High
1,1,1,9130,1,1,132.0,1,19,38,9,9,130.4,1,0,0,1,1,0,18,0,0,6,6,6,13.5,0,0,6,9,5,13.2,0,8.9,1.4,3.51,Graduate,0,0.06831202074432159,Low
1,1,6,9070,1,6,119.0,1,1,1,9,9,123.2,1,0,0,1,1,0,22,0,0,6,6,6,14.166666666666666,0,0,6,8,6,13.625,0,10.8,1.4,1.74,Graduate,0,0.09435362132705968,Low
1,39,1,9670,1,1,133.1,1,19,19,3,9,118.0,0,0,0,1,1,0,27,0,0,6,7,6,14.0,0,0,6,7,6,14.714285714285714,0,8.9,1.4,3.51,Graduate,0,0.05699093509271724,Low
1,39,1,9003,1,19,133.1,1,4,1,2,4,120.0,0,0,0,1,1,0,25,0,0,3,4,0,0.0,0,0,3,5,0,0.0,0,16.2,0.3,-0.92,Dropout,1,0.9855170108270512,High
1,17,4,9119,1,1,129.0,1,34,36,0,5,118.9,1,0,0,1,1,0,18,0,0,5,9,3,11.666666666666666,0,0,5,10,3,11.333333333333334,4,7.6,2.6,0.32,Dropout,1,0.5425416928806415,Medium
1,17,1,9085,1,1,128.0,1,38,19,8,8,117.2,0,0,0,1,1,0,20,0,0,5,7,5,14.6,1,0,5,5,5,14.2,0,12.7,3.7,-1.7,Graduate,0,0.061082807200717903,Low
1,39,1,9003,1,1,120.0,1,3,4,2,2,120.0,0,0,0,1,1,0,27,0,0,6,10,5,13.0,0,0,6,13,5,11.5,0,16.2,0.3,-0.92,Graduate,0,0.17518106301439437,Low
1,1,1,8014,0,1,130.0,1,1,1,9,9,118.1,0,0,0,1,1,0,20,0,0,6,7,6,12.166666666666666,0,0,6,9,6,12.0,0,7.6,2.6,0.32,Graduate,0,0.03364257407768226,Low
1,1,1,9147,1,1,130.0,1,38,37,9,9,124.8,1,0,0,1,1,0,22,0,0,5,9,0,0.0,0,0,5,5,1,12.0,0,7.6,2.6,0.32,Dropout,1,0.9166812966217242,High
1,17,6,9119,1,1,111.0,1,19,3,5,10,106.5,1,0,0,1,1,0,19,0,0,5,10,3,10.5,0,0,5,11,3,10.8,0,12.4,0.5,1.79,Dropout,1,0.780015294204857,High
1,1,6,9147,1,1,121.0,1,3,19,4,5,116.8,0,0,0,1,1,0,20,0,0,5,14,3,12.4,0,0,5,8,5,10.833333333333334,0,13.9,-0.3,0.79,Enrolled,0,0.21625547740118928,Low
1,43,4,171,1,1,117.0,1,19,12,9,10,109.3,0,0,0,1,1,0,19,0,0,0,0,0,0.0,0,0,0,0,0,0.0,0,9.4,-0.8,-3.12,Graduate,0,0.6693750445525443,High
2,39,1,9085,1,9,133.1,1,1,1,4,4,120.0,1,0,0,0,1,0,29,0,0,5,12,0,0.0,4,0,5,8,0,0.0,1,9.4,-0.8,-3.12,Dropout,1,0.9597236547347996,High
1,1,2,9500,1,1,149.0,1,3,1,9,9,137.5,0,0,0,1,1,0,19,0,0,8,8,7,13.828571428571427,0,0,8,8,7,13.828571428571427,0,12.7,3.7,-1.7,Graduate,0,0.026373680180753818,Low
1,39,2,9991,0,1,172.0,1,19,37,9,8,150.0,1,0,0,1,0,1,28,0,0,5,7,5,10.6,0,0,5,6,5,10.2,0,9.4,-0.8,-3.12,Enrolled,0,0.1153028472238518,Low
2,1,1,9238,1,1,134.0,1,37,37,5,5,120.4,0,0,0,1,0,0,20,0,0,6,7,6,11.5,0,0,6,6,6,11.666666666666666,0,7.6,2.6,0.32,Graduate,0,0.01853557920228218,Low
1,1,4,9070,1,1,136.0,1,37,37,9,8,136.7,1,0,0,1,0,0,20,0,0,6,6,4,13.5,0,0,6,8,6,13.625,0,10.8,1.4,1.74,Graduate,0,0.08603357107620817,Low
1,39,1,8014,0,1,133.1,1,34,5,0,1,118.5,1,0,0,1,0,0,31,0,0,6,12,0,0.0,0,0,6,0,0,0.0,0,7.6,2.6,0.32,Dropout,1,0.99277521567707,High
1,17,5,9500,1,1,141.0,1,12,1,5,5,133.0,1,0,0,1,0,0,18,0,0,7,8,7,12.5375,0,0,8,9,7,12.614285714285714,0,13.9,-0.3,0.79,Graduate,0,0.1268483245711408,Low
1,17,1,9670,1,1,141.0,1,1,19,8,7,128.8,1,0,0,1,0,0,19,0,0,6,6,6,14.833333333333334,0,0,6,8,6,13.285714285714286,0,8.9,1.4,3.51,Enrolled,0,0.06245715863551994,Low
1,1,1,9147,1,1,148.0,1,37,38,9,8,133.0,1,0,0,1,0,0,18,0,0,5,10,4,12.0,0,0,5,9,4,12.8,0,13.9,-0.3,0.79,Graduate,0,0.0899514879794576,Low
1,17,1,9254,1,1,102.0,1,37,37,7,7,102.0,0,0,0,1,0,0,19,0,0,6,8,5,11.8,0,0,6,8,5,11.6,0,10.8,1.4,1.74,Graduate,0,0.08508680200535988,Low
1,1,1,9147,1,1,143.0,1,1,19,3,3,133.9,0,0,0,1,0,1,18,0,0,5,5,5,15.0,0,0,5,5,5,15.2,0,12.7,3.7,-1.7,Graduate,0,0.0429716203535838,Low
1,17,1,9085,1,1,120.0,1,38,19,90,90,127.0,0,0,0,1,0,0,19,0,0,5,7,3,12.0,0,0,5,7,5,13.2,0,7.6,2.6,0.32,Graduate,0,0.045624157772195646,Low
1,17,1,9773,1,1,121.0,1,38,38,9,8,120.4,1,0,0,1,0,1,18,0,0,6,6,6,12.833333333333334,0,0,6,7,6,12.285714285714286,0,15.5,2.8,-4.06,Graduate,0,0.06236824841659934,Low
1,1,3,9254,1,1,122.0,1,37,37,9,3,124.5,1,0,0,1,0,0,19,0,0,6,12,6,11.666666666666666,0,0,6,14,3,12.0,0,7.6,2.6,0.32,Graduate,0,0.2616023199061399,Low
1,1,4,9556,1,1,122.0,1,37,1,5,4,123.9,0,0,0,1,0,0,19,0,0,7,9,7,12.1625,0,0,8,8,8,13.825,0,13.9,-0.3,0.79,Graduate,0,0.07792106040365857,Low
1,1,2,9670,1,1,123.0,1,19,1,9,3,117.8,1,0,0,1,0,0,18,0,0,6,6,6,13.833333333333334,0,0,6,11,6,14.555555555555555,0,10.8,1.4,1.74,Graduate,0,0.07364868040656666,Low
1,1,1,9500,1,1,133.0,1,3,19,2,8,126.7,0,0,0,1,0,0,19,0,0,7,12,4,12.45,0,0,7,11,5,11.7,0,16.2,0.3,-0.92,Enrolled,0,0.13721886300164024,Low
1,44,1,9670,1,39,110.0,1,37,1,9,4,110.0,0,0,0,1,0,1,20,0,2,6,9,6,12.125,0,2,6,7,6,13.571428571428571,0,11.1,0.6,2.02,Graduate,0,0.05773993910353982,Low
1,17,1,9670,1,1,155.0,1,1,19,4,8,134.7,1,0,0,1,0,0,20,0,0,6,8,5,13.4,0,0,6,10,4,13.0,0,12.7,3.7,-1.7,Enrolled,0,0.2206398644359864,Low
1,17,1,9003,1,1,119.0,1,37,37,4,6,113.2,0,0,1,1,0,0,20,0,0,6,8,6,13.333333333333334,0,0,6,8,5,14.0,0,11.1,0.6,2.02,Enrolled,0,0.08520619984792957,Low
1,39,1,9991,0,3,120.0,1,37,37,9,9,141.0,0,0,0,1,0,0,29,0,10,15,15,11,11.454545454545457,0,9,13,16,11,11.545454545454543,0,10.8,1.4,1.74,Dropout,1,0.7239701302287779,High
1,17,1,9853,1,1,133.1,1,38,12,7,0,111.5,0,0,0,0,0,1,20,0,0,6,10,4,12.0,0,0,6,14,3,10.0,0,7.6,2.6,0.32,Dropout,1,0.8925252842916804,High
4,39,1,9853,1,1,143.0,1,37,1,9,10,140.0,0,0,1,0,0,0,31,0,0,7,8,6,12.666666666666666,0,0,7,9,5,12.6,0,8.9,1.4,3.51,Dropout,1,0.8392897956253145,High
1,17,1,9670,1,1,149.0,1,19,37,7,4,134.3,0,1,0,1,0,0,20,0,0,6,7,6,12.666666666666666,0,0,6,9,6,13.77777777777778,0,10.8,1.4,1.74,Graduate,0,0.08853706946022157,Low
1,17,1,9003,1,1,133.0,1,38,37,9,9,125.3,1,0,0,1,0,0,21,0,12,18,22,18,11.88888888888889,1,11,13,13,13,11.461538461538462,0,15.5,2.8,-4.06,Graduate,0,0.04462499294822441,Low
1,7,1,9130,1,3,140.0,1,19,38,9,9,140.0,1,0,0,1,0,0,23,0,0,6,0,0,0.0,0,0,6,0,0,0.0,0,12.4,0.5,1.79,Dropout,1,0.9907385013253204,High
1,17,5,9070,1,1,122.0,1,19,38,5,7,119.6,0,0,1,0,0,0,21,0,0,6,6,4,13.0,0,0,6,8,4,11.6,0,10.8,1.4,1.74,Dropout,1,0.9395179433516354,High
1,7,1,9500,1,40,170.0,1,1,1,9,4,170.0,0,0,0,1,0,0,24,0,4,7,7,7,16.885714285714283,0,3,8,9,8,15.744444444444444,0,16.2,0.3,-0.92,Graduate,0,0.14268977012077744,Low
1,39,1,8014,0,1,120.0,1,1,1,4,4,150.5,0,0,0,1,0,0,27,0,0,6,6,6,12.5,0,1,6,6,6,12.333333333333334,0,15.5,2.8,-4.06,Graduate,0,0.09223303506225446,Low
1,1,1,9500,1,1,143.0,1,1,37,3,8,128.0,0,0,0,1,0,1,18,0,0,7,9,7,13.055555555555555,0,0,8,8,8,15.8125,0,13.9,-0.3,0.79,Graduate,0,0.056370536391227584,Low
1,1,3,171,1,1,115.0,1,9,1,6,6,108.7,1,0,0,0,0,0,21,0,0,0,0,0,0.0,0,0,0,0,0,0.0,0,9.4,-0.8,-3.12,Dropout,1,0.9238393758994892,High
1,17,1,9130,1,1,123.0,1,19,3,3,2,121.6,1,0,1,1,0,1,19,0,0,5,7,0,0.0,0,0,5,5,0,0.0,0,7.6,2.6,0.32,Dropout,1,0.9563392451454664,High
1,1,6,9500,1,1,131.0,1,38,19,7,7,125.3,1,0,0,1,0,1,19,0,0,8,8,7,12.355714285714283,0,0,8,8,7,12.355714285714283,0,10.8,1.4,1.74,Graduate,0,0.020962391350173484,Low
1,17,1,9085,1,1,127.0,1,19,38,194,193,117.6,0,0,0,1,0,0,18,0,0,6,0,0,0.0,0,0,6,0,0,0.0,0,12.4,0.5,1.79,Dropout,1,0.9649985222664886,High
1,43,3,9500,1,1,126.0,1,38,37,6,5,124.3,1,0,0,1,0,1,18,0,0,7,8,5,11.98,0,0,7,8,5,11.98,0,7.6,2.6,0.32,Enrolled,0,0.07690411255603583,Low
1,1,2,9853,1,1,112.0,1,37,37,191,182,106.1,1,0,1,1,0,1,20,0,0,7,7,7,13.857142857142858,0,0,7,8,7,12.571428571428571,0,8.9,1.4,3.51,Graduate,0,0.03610075281188481,Low
2,1,1,8014,0,1,150.0,1,1,37,4,7,139.9,1,0,0,1,0,0,24,0,0,6,9,5,13.0,0,0,6,6,6,14.166666666666666,0,9.4,-0.8,-3.12,Graduate,0,0.06597030193309142,Low
1,1,1,9070,1,1,116.0,1,1,1,1,1,110.8,1,0,0,1,0,0,20,0,0,6,6,6,12.833333333333334,0,0,6,10,6,11.166666666666666,0,12.4,0.5,1.79,Graduate,0,0.0694642050302584,Low
1,17,3,9147,1,1,118.0,1,1,19,5,7,118.0,0,0,0,1,0,0,20,0,0,5,11,4,11.0,0,0,5,7,5,13.2,0,12.4,0.5,1.79,Enrolled,0,0.051956043569247226,Low
1,1,1,9500,1,1,130.0,1,19,37,9,9,117.8,1,0,0,1,0,1,19,0,0,8,8,7,12.357142857142858,0,0,8,8,7,12.357142857142858,0,12.7,3.7,-1.7,Graduate,0,0.011563132785482952,Low
1,1,6,9500,1,1,144.0,1,1,37,9,9,127.5,1,0,0,1,0,1,18,0,0,8,8,7,13.857142857142858,0,0,8,8,7,13.857142857142858,0,12.7,3.7,-1.7,Graduate,0,0.024412391078352965,Low
1,17,2,9238,1,3,105.0,1,37,37,7,8,129.7,1,0,0,1,0,1,20,0,0,6,6,6,12.333333333333334,0,0,6,6,6,10.666666666666666,0,9.4,-0.8,-3.12,Graduate,0,0.04764748896860178,Low
1,17,1,9500,1,1,143.0,1,37,37,9,8,130.6,1,0,0,1,0,0,20,0,0,7,8,7,12.847142857142858,0,0,8,10,8,13.788888888888888,0,16.2,0.3,-0.92,Graduate,0,0.0573322865666852,Low
1,17,2,9500,1,1,137.0,1,19,37,4,7,126.3,1,0,0,1,0,1,19,0,0,7,9,6,12.339999999999998,0,0,8,9,8,13.01875,0,11.1,0.6,2.02,Graduate,0,0.05616526689990379,Low
1,44,1,9085,1,39,140.0,1,3,1,2,3,140.0,1,0,0,1,0,0,19,0,0,6,10,5,12.666666666666666,0,0,6,19,4,11.75,0,12.4,0.5,1.79,Enrolled,0,0.1226184812248594,Low
1,1,1,9773,1,1,133.1,1,3,19,4,5,105.0,1,0,0,1,0,0,20,0,0,6,6,6,13.833333333333334,0,0,6,6,6,12.5,0,12.7,3.7,-1.7,Graduate,0,0.051395965068020404,Low
1,17,2,9147,1,1,116.0,1,1,38,4,3,114.6,1,0,0,1,0,0,19,0,0,5,15,2,10.75,0,0,5,11,2,10.0,0,13.9,-0.3,0.79,Dropout,1,0.7780385444315803,High
1,17,5,9853,1,1,117.0,1,38,38,9,7,114.6,1,0,0,1,0,0,19,0,0,6,11,4,13.25,0,0,6,10,4,10.25,0,9.4,-0.8,-3.12,Dropout,1,0.7183346949841876,High
1,17,1,9500,1,1,137.0,1,38,37,7,5,131.0,1,0,0,1,0,1,18,0,0,8,8,8,13.73125,0,0,8,8,8,13.73125,0,9.4,-0.8,-3.12,Graduate,0,0.02101353111437862,Low
1,17,4,9070,1,1,116.0,1,38,37,9,9,109.0,0,0,0,1,0,1,23,0,0,6,6,6,13.333333333333334,0,0,6,8,3,12.666666666666666,0,11.1,0.6,2.02,Dropout,1,0.5559567572915076,Medium
1,1,1,9853,1,1,133.1,1,19,19,9,8,132.0,1,0,0,1,0,0,21,0,0,6,8,5,12.0,0,0,6,9,5,10.8,0,12.7,3.7,-1.7,Dropout,1,0.22658779508087487,Low
1,44,1,8014,0,39,130.0,1,37,38,6,6,130.0,1,0,0,1,0,0,23,0,5,9,10,9,10.88888888888889,0,3,8,10,6,11.333333333333334,0,11.1,0.6,2.02,Graduate,0,0.12955389776085466,Low
1,1,3,9500,1,1,106.0,1,19,37,9,7,109.5,1,0,0,1,0,0,19,0,0,7,8,7,13.025,0,0,8,9,8,13.811111111111112,0,13.9,-0.3,0.79,Graduate,0,0.05007902957161165,Low
1,17,2,9773,1,1,125.0,1,1,38,5,6,115.9,1,0,0,1,0,0,18,0,0,6,6,6,13.0,0,0,6,6,6,14.166666666666666,0,12.4,0.5,1.79,Graduate,0,0.047405172787593396,Low
1,1,1,9773,1,1,134.0,1,19,37,9,9,131.6,1,1,0,1,0,0,19,0,0,6,10,5,11.8,0,0,6,10,5,12.0,0,10.8,1.4,1.74,Graduate,0,0.1829526457456989,Low
1,39,1,9500,1,1,133.1,1,19,37,9,9,120.0,0,0,0,1,0,1,25,0,0,8,8,7,12.042857142857144,0,0,8,8,7,12.042857142857144,0,12.7,3.7,-1.7,Graduate,0,0.013302941054031675,Low
1,1,2,9853,1,1,117.0,1,1,38,4,9,109.7,1,0,0,1,0,0,19,0,0,6,9,5,12.2,0,0,6,10,4,13.0,0,9.4,-0.8,-3.12,Enrolled,0,0.11470087709597507,Low
1,1,1,9500,1,1,136.0,1,1,19,5,7,136.4,0,0,0,1,0,1,19,0,0,7,8,7,12.8375,0,0,8,8,8,15.5,0,13.9,-0.3,0.79,Graduate,0,0.042304984438294745,Low
1,39,1,9556,1,1,120.0,1,38,38,191,193,120.0,0,0,1,1,0,1,24,0,0,7,13,7,11.0,0,0,8,13,7,11.7,0,12.7,3.7,-1.7,Graduate,0,0.08053989262692386,Low
1,1,1,9670,1,1,135.0,1,37,37,9,7,132.6,1,0,0,1,0,1,18,0,0,6,7,6,13.5,0,0,6,9,5,14.0,0,8.9,1.4,3.51,Graduate,0,0.05263638206809164,Low
1,17,5,9238,1,1,122.0,1,37,37,7,5,112.9,1,0,0,1,0,1,19,0,0,6,8,6,12.125,0,0,6,7,6,12.714285714285714,0,16.2,0.3,-0.92,Graduate,0,0.028080588275972845,Low
1,1,5,9500,1,1,147.0,1,37,37,9,9,134.3,0,0,0,1,0,1,18,0,0,8,12,7,12.62857142857143,0,0,8,12,7,12.62857142857143,0,12.7,3.7,-1.7,Graduate,0,0.03255627723412268,Low
1,39,1,9991,0,1,120.0,1,38,1,9,4,123.2,0,0,0,1,0,0,27,0,0,5,9,3,10.666666666666666,0,0,5,7,4,11.4,0,10.8,1.4,1.74,Enrolled,0,0.26874785723483624,Low
1,17,3,9238,1,1,121.0,1,1,1,4,5,117.2,0,0,0,1,0,0,19,0,0,6,11,5,11.2,0,0,6,13,5,11.6,0,15.5,2.8,-4.06,Graduate,0,0.09724491067172851,Low
1,18,1,9773,1,1,135.0,1,1,1,3,3,129.8,0,0,0,1,0,1,18,0,0,6,6,6,12.666666666666666,0,0,6,6,6,11.833333333333334,0,12.7,3.7,-1.7,Dropout,1,0.37183144317391237,Medium
2,39,1,9670,1,1,130.0,1,37,37,9,0,158.0,0,0,1,0,0,0,34,0,0,6,7,4,13.5,0,0,6,6,0,0.0,6,12.7,3.7,-1.7,Dropout,1,0.9398821933931115,High
1,1,6,9147,1,1,128.0,1,37,37,9,9,116.5,0,0,0,1,0,0,18,0,0,5,9,3,11.666666666666666,0,0,5,15,2,11.0,0,7.6,2.6,0.32,Enrolled,0,0.4170927418978412,Medium
1,1,1,9147,1,1,129.0,1,37,38,4,9,121.0,1,0,0,1,0,0,18,0,0,5,8,2,10.5,0,0,5,7,3,12.333333333333334,0,7.6,2.6,0.32,Enrolled,0,0.11938994953103756,Low
1,1,3,9500,1,1,143.0,1,37,38,7,7,133.8,1,0,0,1,0,0,18,0,0,8,8,8,14.26875,0,0,8,8,8,14.26875,0,9.4,-0.8,-3.12,Enrolled,0,0.0425327158166615,Low
1,1,2,9773,1,1,108.0,1,38,38,7,7,115.0,1,0,1,0,0,0,20,0,0,6,0,0,0.0,0,0,6,0,0,0.0,0,8.9,1.4,3.51,Dropout,1,0.9390467873748041,High
1,1,1,9147,1,1,130.0,1,19,37,9,9,131.8,1,0,0,1,0,1,19,0,0,5,8,2,10.5,0,0,5,11,3,13.333333333333334,0,7.6,2.6,0.32,Enrolled,0,0.12690807506923887,Low
1,1,1,9238,1,1,135.0,1,37,1,3,5,121.0,0,0,0,1,0,0,21,0,0,6,11,5,11.2,0,0,6,15,1,10.0,0,7.6,2.6,0.32,Enrolled,0,0.2691949058522512,Low
2,39,1,9991,0,3,140.0,1,19,19,9,7,152.4,0,0,0,1,0,0,26,0,0,5,5,5,12.0,0,0,5,6,5,14.833333333333334,0,10.8,1.4,1.74,Graduate,0,0.09233519643867143,Low
1,43,2,9556,1,1,120.0,1,1,19,4,3,110.2,0,0,0,1,0,0,27,0,0,7,9,7,12.228571428571428,0,1,8,10,8,13.2125,0,10.8,1.4,1.74,Graduate,0,0.09844609512374483,Low
1,1,1,9670,1,1,117.0,1,1,38,5,1,113.5,1,0,0,1,0,0,20,0,0,5,6,4,11.5,0,0,5,5,4,10.75,0,9.4,-0.8,-3.12,Graduate,0,0.12650501532415917,Low
1,17,1,9238,1,1,151.0,1,19,1,5,0,144.4,1,0,0,1,0,0,18,0,0,6,8,6,15.375,0,0,6,7,6,16.428571428571427,0,16.2,0.3,-0.92,Graduate,0,0.09577692528583355,Low
1,53,1,9085,1,42,140.0,1,1,1,5,5,143.3,1,0,0,0,0,0,23,0,7,12,19,9,13.666666666666666,0,4,9,15,6,13.5,0,8.9,1.4,3.51,Enrolled,0,0.1122927370640781,Low
1,39,1,9500,1,19,133.1,1,1,5,4,3,100.0,0,0,0,1,0,0,24,0,0,8,11,7,12.614285714285714,0,0,8,11,7,12.614285714285714,0,12.7,3.7,-1.7,Graduate,0,0.08731308341491135,Low
1,44,1,9238,1,39,130.0,1,38,38,6,9,126.3,1,0,0,1,0,1,19,0,3,6,7,5,12.2,0,2,6,6,6,11.5,0,13.9,-0.3,0.79,Graduate,0,0.05357108202731235,Low
1,1,1,9773,1,1,125.0,1,19,38,3,5,115.9,0,0,0,1,0,0,19,0,0,6,13,4,11.75,0,0,6,10,4,11.0,0,10.8,1.4,1.74,Graduate,0,0.2893042946035728,Low
1,1,4,9238,1,1,125.0,1,19,38,9,6,114.9,1,0,1,1,0,1,19,0,0,6,9,5,11.4,0,0,6,9,3,10.0,0,8.9,1.4,3.51,Enrolled,0,0.26402863083485323,Low
1,1,1,9238,1,1,135.0,1,37,19,5,10,121.0,0,0,1,1,0,0,18,0,0,6,10,5,10.6,0,0,6,14,2,10.0,0,7.6,2.6,0.32,Enrolled,0,0.29021497348285225,Low
1,51,1,8014,0,1,121.0,1,1,38,5,7,112.3,0,0,0,1,0,0,22,0,14,16,16,13,10.923076923076923,0,13,13,13,11,11.454545454545457,0,16.2,0.3,-0.92,Graduate,0,0.13845433128698295,Low
1,43,1,9070,1,1,141.0,1,1,19,5,10,127.0,0,0,0,1,0,0,20,0,0,6,6,5,12.4,0,0,6,9,5,12.4,0,12.7,3.7,-1.7,Graduate,0,0.07180790244073212,Low
1,39,1,9003,1,1,130.0,1,19,19,9,9,120.0,0,0,0,1,0,0,25,0,0,6,6,0,0.0,0,0,6,6,0,0.0,0,11.1,0.6,2.02,Dropout,1,0.9864301879033366,High
1,44,1,9003,1,39,180.0,1,1,3,4,2,180.0,0,0,0,1,0,0,21,0,0,6,6,6,15.833333333333334,0,0,6,8,6,15.5,0,15.5,2.8,-4.06,Graduate,0,0.07859596510731276,Low
1,1,1,9500,1,1,117.0,1,19,19,194,193,117.4,1,0,0,1,0,0,19,0,0,7,12,5,11.8,0,0,7,9,6,11.708333333333334,0,11.1,0.6,2.02,Enrolled,0,0.09693990250806588,Low
1,17,4,9773,1,1,127.0,1,1,19,4,1,115.8,1,0,0,1,0,0,18,0,0,6,7,6,12.571428571428571,0,0,6,6,6,13.666666666666666,0,13.9,-0.3,0.79,Graduate,0,0.1255962508118583,Low
1,1,3,9670,1,1,126.0,1,37,37,0,0,136.5,1,0,0,1,0,0,18,0,0,5,7,3,12.0,0,0,5,7,4,13.25,1,7.6,2.6,0.32,Graduate,0,0.1575807632834233,Low
1,17,3,9500,1,1,143.0,1,3,3,9,7,129.0,1,0,0,1,1,0,19,0,0,7,8,7,13.3625,0,0,8,9,8,14.444444444444445,0,13.9,-0.3,0.79,Graduate,0,0.09813781992034429,Low
1,1,1,9085,1,1,144.0,13,3,3,6,6,137.6,1,0,0,1,0,1,19,1,0,5,6,5,15.4,0,0,5,5,5,16.0,0,10.8,1.4,1.74,Graduate,0,0.04902178492791008,Low
1,17,2,9773,1,1,126.0,1,37,38,5,5,129.5,1,0,1,0,0,0,18,0,0,6,9,5,12.2,0,0,6,9,4,11.75,0,10.8,1.4,1.74,Dropout,1,0.961843719559834,High
1,51,1,9238,1,39,140.0,1,38,38,5,7,129.1,1,0,0,1,0,1,20,0,6,11,11,11,12.818181818181818,0,6,11,11,11,13.545454545454543,0,12.4,0.5,1.79,Graduate,0,0.04336873216124094,Low
1,17,5,9500,1,1,148.0,1,1,19,4,8,130.2,1,0,0,1,0,0,19,0,0,7,0,0,0.0,0,0,8,0,0,0.0,0,12.4,0.5,1.79,Dropout,1,0.9930849753860754,High
1,42,1,9500,1,1,100.0,1,19,37,5,7,134.3,1,0,0,1,0,0,28,0,12,17,21,17,13.394736842105264,0,11,17,19,17,13.554736842105264,0,16.2,0.3,-0.92,Graduate,0,0.07023949724765943,Low
1,1,1,9238,1,1,151.0,1,37,1,9,9,138.4,1,0,0,1,0,1,20,0,0,6,8,6,14.25,0,0,6,8,6,11.0,0,12.7,3.7,-1.7,Graduate,0,0.06203084700918547,Low
1,42,1,8014,0,1,120.0,1,37,38,90,7,120.0,1,0,0,1,0,0,30,0,9,11,19,9,13.444444444444445,1,5,7,7,7,14.714285714285714,0,7.6,2.6,0.32,Dropout,1,0.5962629091574421,Medium
1,1,4,9500,1,1,135.0,1,1,19,9,7,123.5,1,0,0,1,0,1,19,0,0,7,8,7,12.285714285714286,0,0,8,10,8,11.7375,0,12.4,0.5,1.79,Graduate,0,0.030403061077223993,Low
1,1,2,9070,1,1,121.0,1,19,19,3,3,116.1,1,0,0,1,0,0,22,0,0,6,7,6,11.666666666666666,0,0,6,7,5,13.2,0,12.7,3.7,-1.7,Graduate,0,0.09476670313630377,Low
1,1,1,9254,1,1,116.0,1,38,38,5,8,110.8,1,0,0,1,0,0,18,0,0,6,8,6,12.166666666666666,0,0,6,6,6,13.5,0,11.1,0.6,2.02,Graduate,0,0.03893479070741476,Low
1,17,1,9853,1,1,147.0,1,37,37,9,9,142.8,1,0,0,1,0,0,23,0,0,6,11,2,10.0,0,0,6,15,2,11.0,0,7.6,2.6,0.32,Dropout,1,0.8898977167329991,High
1,17,4,9070,1,1,160.0,1,1,19,5,7,155.5,1,0,0,1,0,0,18,0,0,6,6,6,14.0,0,0,6,6,6,15.0,0,11.1,0.6,2.02,Graduate,0,0.10235778020814204,Low
1,1,1,9853,1,1,133.0,1,37,19,7,7,126.7,1,0,0,1,0,0,18,0,0,6,9,5,11.833333333333334,0,0,6,6,4,12.0,0,15.5,2.8,-4.06,Enrolled,0,0.3320620767239858,Medium
2,39,1,9773,1,19,100.0,1,37,37,0,0,163.5,0,0,1,0,1,0,50,0,0,6,7,1,15.0,0,0,5,12,0,0.0,0,10.8,1.4,1.74,Dropout,1,0.8845907045115905,High
1,1,1,171,1,1,151.0,41,3,3,2,5,161.9,1,0,0,1,0,1,19,1,0,0,0,0,0.0,0,0,0,0,0,0.0,0,13.9,-0.3,0.79,Graduate,0,0.18438369529841114,Low
1,17,2,9254,1,1,124.0,41,19,38,9,9,123.3,1,0,0,1,0,0,22,1,0,6,7,6,10.833333333333334,0,0,6,6,6,10.666666666666666,0,13.9,-0.3,0.79,Graduate,0,0.08513647464432243,Low
1,44,1,9238,1,39,140.0,41,1,1,4,6,137.5,0,0,1,1,0,1,23,1,3,6,7,6,13.142857142857142,0,2,6,6,6,14.0,0,12.4,0.5,1.79,Graduate,0,0.14092638861202975,Low
1,18,4,9085,1,1,170.0,1,1,1,4,5,166.6,0,0,1,0,0,1,20,0,2,5,8,5,14.4,1,0,5,6,5,14.0,0,12.7,3.7,-1.7,Dropout,1,0.7836403505559747,High
4,39,1,9238,1,19,133.1,1,37,37,9,10,103.5,0,0,0,0,0,0,44,0,0,6,0,0,0.0,0,0,6,0,0,0.0,0,13.9,-0.3,0.79,Dropout,1,0.9942608950979103,High
4,39,1,9003,1,19,133.1,1,37,37,9,9,110.0,0,0,0,1,1,0,49,0,6,12,17,7,12.0,0,3,12,19,9,11.22222222222222,0,15.5,2.8,-4.06,Graduate,0,0.13874685774290899,Low
2,43,1,9991,0,1,100.0,1,37,37,9,9,128.2,0,0,0,1,1,0,46,0,6,10,13,9,12.2,0,4,10,12,10,12.8,0,7.6,2.6,0.32,Graduate,0,0.19600155849514697,Low
1,39,1,9085,1,39,120.0,1,37,37,1,9,137.7,1,0,0,0,1,0,41,0,3,3,3,3,12.333333333333334,0,2,2,2,2,11.0,0,12.4,0.5,1.79,Dropout,1,0.9457191944609676,High
1,17,3,9500,1,1,133.0,1,38,19,9,8,128.8,1,0,0,1,1,0,18,0,0,7,8,7,11.8375,0,0,8,9,8,12.48125,0,13.9,-0.3,0.79,Graduate,0,0.07073059154778295,Low
3,39,1,9991,0,1,120.0,1,37,1,9,2,170.0,0,0,0,1,1,0,43,0,0,5,5,5,11.8,0,0,5,6,5,14.0,0,9.4,-0.8,-3.12,Graduate,0,0.07692430735965133,Low
4,39,2,9147,1,19,133.1,1,37,37,9,7,116.4,0,0,1,0,1,0,70,0,0,5,5,0,0.0,0,0,5,9,0,0.0,0,10.8,1.4,1.74,Dropout,1,0.9726349414186062,High
4,39,1,9130,1,19,133.1,1,37,38,9,4,100.9,0,0,0,1,1,0,48,0,0,6,0,0,0.0,0,0,6,0,0,0.0,0,15.5,2.8,-4.06,Dropout,1,0.9901255118761636,High
2,43,1,9003,1,1,133.1,1,37,37,9,7,136.0,0,0,0,1,1,0,41,0,18,19,19,19,12.68421052631579,0,12,13,13,13,12.384615384615383,0,15.5,2.8,-4.06,Graduate,0,0.03147761179097336,Low
1,1,1,9254,1,1,140.0,1,19,19,9,3,130.0,0,0,0,1,1,0,21,0,0,6,8,6,12.571428571428571,0,0,6,10,4,13.0,0,12.7,3.7,-1.7,Enrolled,0,0.13893722516252077,Low
1,39,1,33,1,1,100.0,41,38,37,9,8,100.0,0,0,1,0,1,0,35,1,0,7,18,3,11.25,0,0,7,7,0,0.0,0,16.2,0.3,-0.92,Dropout,1,0.9634745506097108,High
2,39,1,9130,1,19,133.1,1,2,1,2,9,157.0,1,0,0,1,1,0,44,0,1,5,13,4,14.0,3,1,5,9,4,15.5,2,10.8,1.4,1.74,Graduate,0,0.2538253219684259,Low
1,1,1,9147,1,1,143.0,1,3,1,5,5,152.1,1,0,1,1,1,0,18,0,0,5,15,4,13.333333333333334,0,0,5,6,2,13.5,0,13.9,-0.3,0.79,Dropout,1,0.8040975457104967,High
2,1,1,8014,0,1,165.0,1,37,37,0,0,162.9,1,0,0,1,1,0,45,0,0,6,7,6,13.666666666666666,0,0,6,6,6,13.666666666666666,0,7.6,2.6,0.32,Graduate,0,0.15637881746632012,Low
1,1,1,9254,1,1,154.0,1,3,1,2,1,137.2,0,0,0,1,1,0,20,0,0,6,12,3,10.0,0,0,6,9,5,10.8,0,15.5,2.8,-4.06,Enrolled,0,0.17232944606412182,Low
1,44,1,9003,1,39,140.0,1,1,38,9,1,140.0,1,0,0,1,1,0,22,0,0,6,12,5,12.6,0,0,6,11,6,11.714285714285714,0,12.4,0.5,1.79,Graduate,0,0.15122607309699065,Low
1,43,1,9119,1,1,140.0,1,37,38,5,7,146.5,0,0,0,1,1,0,39,0,0,5,10,3,17.333333333333332,0,0,5,11,1,17.0,0,13.9,-0.3,0.79,Dropout,1,0.8060574867741214,High
1,44,1,9085,1,39,130.0,1,2,2,6,6,130.0,0,0,0,0,1,0,20,0,2,6,10,5,13.2,0,1,6,21,3,12.0,0,12.4,0.5,1.79,Enrolled,0,0.24342632431330927,Low
2,39,1,9147,1,19,133.1,1,37,19,9,3,128.0,0,0,0,1,1,0,49,0,0,5,9,3,14.0,0,0,5,8,3,13.666666666666666,0,8.9,1.4,3.51,Dropout,1,0.7664390992248696,High
1,7,1,9556,1,4,190.0,1,5,5,2,2,190.0,1,0,0,1,1,0,43,0,4,4,4,4,13.875,0,1,1,1,1,12.5,0,11.1,0.6,2.02,Dropout,1,0.899113229385744,High
2,39,1,9991,0,1,120.0,1,37,37,9,9,133.2,1,0,0,1,1,0,32,0,0,5,5,0,0.0,0,0,5,5,0,0.0,0,7.6,2.6,0.32,Dropout,1,0.9639104805021056,High
1,39,1,9238,1,12,100.0,1,37,37,9,9,124.3,0,0,0,1,1,0,47,0,3,9,9,9,13.11111111111111,0,3,7,7,7,14.857142857142858,0,10.8,1.4,1.74,Graduate,0,0.11081215166204877,Low
5,39,1,9991,0,1,120.0,1,37,37,9,9,138.1,0,0,0,1,1,1,37,0,0,5,8,5,13.0,0,0,5,11,4,13.333333333333334,2,16.2,0.3,-0.92,Dropout,1,0.6641612475175572,High
2,39,1,8014,0,1,133.1,1,19,1,4,8,144.3,0,0,0,1,1,0,41,0,6,10,10,10,12.5,0,3,7,7,7,12.142857142857142,0,10.8,1.4,1.74,Graduate,0,0.20471905158669287,Low
2,39,1,9003,1,1,150.0,1,37,37,9,6,140.0,0,0,0,1,1,0,60,0,17,18,18,18,14.11111111111111,0,11,13,13,13,14.23076923076923,0,15.5,2.8,-4.06,Graduate,0,0.04774592352752433,Low
2,39,1,9254,1,1,120.0,1,1,19,9,9,148.3,0,0,0,1,1,0,47,0,6,11,11,11,14.727272727272728,0,6,9,9,9,15.77777777777778,0,10.8,1.4,1.74,Graduate,0,0.1289600994987767,Low
1,39,1,8014,0,1,133.1,1,37,11,9,7,96.0,0,0,1,0,1,0,50,0,0,6,6,0,0.0,0,0,5,6,0,0.0,0,12.4,0.5,1.79,Dropout,1,0.9921463899910125,High
2,39,1,9991,0,19,133.1,1,38,38,90,90,121.7,1,0,0,1,1,0,45,0,0,5,5,0,0.0,0,0,5,5,0,0.0,0,7.6,2.6,0.32,Dropout,1,0.9723719895456597,High
1,39,1,9119,1,1,100.0,1,37,37,9,8,160.0,0,0,1,0,1,0,45,0,0,5,5,0,0.0,0,0,5,5,0,0.0,0,15.5,2.8,-4.06,Dropout,1,0.9632916356640219,High
2,39,1,9085,1,1,133.1,1,37,37,90,90,110.3,0,0,0,1,1,0,33,0,0,5,7,4,13.5,0,0,5,6,5,11.6,0,7.6,2.6,0.32,Graduate,0,0.09631463009927277,Low
1,1,1,9500,1,1,143.0,1,3,3,2,2,129.0,0,0,0,1,1,0,18,0,0,8,8,7,13.105714285714283,0,0,8,8,7,13.105714285714283,0,10.8,1.4,1.74,Graduate,0,0.04006425868352493,Low
2,39,1,9085,1,1,120.0,1,37,37,6,6,150.0,0,0,0,1,1,0,43,0,0,5,8,5,13.5,2,0,5,5,5,14.4,0,9.4,-0.8,-3.12,Graduate,0,0.1107063119575947,Low
1,43,1,8014,0,1,161.0,1,19,37,4,10,100.0,0,0,0,1,1,0,44,0,9,13,18,13,11.846153846153848,0,9,11,11,11,12.0,0,12.7,3.7,-1.7,Graduate,0,0.14951455743774694,Low
1,39,1,9130,1,9,133.1,1,34,36,0,90,107.5,0,0,0,1,1,0,29,0,0,5,5,0,0.0,0,0,5,5,0,0.0,0,7.6,2.6,0.32,Dropout,1,0.980501077958502,High
4,39,1,9670,1,1,140.0,1,2,1,3,9,170.0,0,0,1,0,1,0,53,0,0,6,11,3,14.333333333333334,0,0,6,6,0,0.0,0,12.7,3.7,-1.7,Dropout,1,0.9560506053625869,High
2,42,1,9991,0,6,123.0,1,37,37,9,9,123.0,0,0,0,1,1,0,37,0,0,5,10,5,15.8,0,0,5,5,5,17.6,0,9.4,-0.8,-3.12,Enrolled,0,0.1320491065430571,Low
1,43,1,9670,1,1,142.0,1,38,1,8,10,138.5,1,0,0,1,1,0,18,0,0,6,16,5,13.8,0,0,6,7,5,12.4,0,13.9,-0.3,0.79,Enrolled,0,0.13570223738879744,Low
1,43,1,33,1,19,133.1,1,38,38,4,4,140.0,0,0,1,1,1,0,35,0,3,10,18,6,12.666666666666666,0,1,9,11,3,12.0,2,16.2,0.3,-0.92,Dropout,1,0.8090569260214169,High
1,1,1,9254,1,1,115.0,1,19,1,3,7,113.6,0,0,0,1,1,0,23,0,0,6,10,6,13.0,0,0,6,9,6,12.0,0,11.1,0.6,2.02,Enrolled,0,0.16199942240716114,Low
1,1,1,171,1,1,156.0,1,19,38,9,5,170.0,1,0,0,1,1,0,22,0,0,0,0,0,0.0,0,0,0,0,0,0.0,0,7.6,2.6,0.32,Graduate,0,0.18092950715768655,Low
1,39,1,8014,0,1,140.0,1,37,37,90,5,115.5,0,0,0,0,1,0,33,0,0,6,6,1,11.0,0,0,6,0,0,0.0,0,10.8,1.4,1.74,Dropout,1,0.9949412655562554,High
1,7,3,9130,1,3,130.0,1,37,26,90,10,130.0,0,0,0,0,1,0,41,0,0,5,9,0,0.0,4,0,5,9,0,0.0,3,10.8,1.4,1.74,Dropout,1,0.987400172244394,High
4,7,1,9500,1,3,140.0,1,37,38,9,7,140.0,0,0,0,1,1,0,51,0,4,7,7,7,15.2,0,6,8,8,8,16.575,0,13.9,-0.3,0.79,Graduate,0,0.12812560874335374,Low
1,51,1,9670,1,1,140.0,1,12,5,3,3,126.6,0,0,0,1,1,0,19,0,2,6,7,6,14.428571428571429,0,1,7,8,7,14.375,0,11.1,0.6,2.02,Graduate,0,0.13607749010376138,Low
1,39,1,9991,0,1,133.1,1,37,37,9,9,143.2,0,0,0,1,1,0,35,0,0,5,5,0,0.0,0,0,5,5,0,0.0,0,11.1,0.6,2.02,Dropout,1,0.9861290860543713,High
1,1,2,171,1,1,131.0,41,19,1,4,7,131.4,1,0,0,1,1,0,20,1,0,0,0,0,0.0,0,0,0,0,0,0.0,0,7.6,2.6,0.32,Graduate,0,0.2429683334632487,Low
1,43,1,9670,1,1,141.0,1,3,2,2,2,133.3,1,0,0,1,1,0,18,0,0,6,13,4,13.75,0,0,6,8,5,11.2,0,13.9,-0.3,0.79,Enrolled,0,0.19187336812423467,Low
1,1,1,9773,1,1,120.0,1,19,37,9,9,118.3,0,0,1,0,1,1,18,0,0,6,11,5,12.166666666666666,0,0,6,15,3,12.0,0,13.9,-0.3,0.79,Dropout,1,0.6438842495625872,High
1,44,1,9003,1,39,140.0,1,2,1,4,6,140.0,0,0,0,1,1,0,21,0,0,6,12,5,12.142857142857142,0,0,6,11,5,11.666666666666666,0,13.9,-0.3,0.79,Graduate,0,0.07840816322722462,Low
1,1,1,9254,1,1,132.0,1,1,19,6,6,124.7,1,0,0,1,1,0,21,0,0,6,9,6,12.0,0,0,6,8,5,11.6,0,13.9,-0.3,0.79,Graduate,0,0.06824066699677493,Low
2,39,2,9147,1,1,130.0,1,19,37,4,7,140.0,0,0,0,1,1,0,34,0,0,5,10,3,11.666666666666666,1,0,5,7,4,12.75,0,9.4,-0.8,-3.12,Graduate,0,0.3667599400459828,Medium
4,39,1,9130,1,1,140.0,1,37,37,6,7,150.0,1,0,0,1,1,0,34,0,0,6,9,0,0.0,0,0,6,6,0,0.0,0,16.2,0.3,-0.92,Dropout,1,0.9718052796512262,High
1,17,2,9670,1,1,110.0,1,3,3,4,10,115.6,1,0,0,1,1,0,21,0,0,6,10,6,11.875,0,0,6,8,5,12.0,0,11.1,0.6,2.02,Graduate,0,0.11677358836269137,Low
1,43,1,9773,1,1,140.0,1,3,37,3,7,116.9,0,0,0,1,1,0,32,0,6,11,15,7,11.285714285714286,0,5,7,10,6,12.333333333333334,0,13.9,-0.3,0.79,Enrolled,0,0.2605276164459252,Low
1,17,2,9254,1,1,130.0,1,37,37,5,7,123.4,1,0,0,1,1,0,30,0,0,6,17,2,10.0,0,0,6,15,3,11.333333333333334,0,7.6,2.6,0.32,Dropout,1,0.8919554257560485,High
1,1,1,171,1,1,137.0,1,1,3,3,7,146.5,1,0,1,1,1,0,19,0,6,12,13,11,12.0,0,4,11,15,10,11.181818181818182,0,8.9,1.4,3.51,Enrolled,0,0.08983418249161679,Low
1,51,1,9773,1,1,158.0,1,1,19,8,8,117.1,1,0,0,1,1,0,20,0,1,7,7,6,13.833333333333334,0,1,6,7,5,13.0,0,8.9,1.4,3.51,Dropout,1,0.5116381705665987,Medium
1,1,1,9070,1,1,124.0,1,19,19,9,7,113.9,1,0,0,1,1,0,18,0,0,6,0,0,0.0,0,0,6,0,0,0.0,0,12.4,0.5,1.79,Dropout,1,0.9771924025050257,High
1,1,1,9254,1,1,136.0,1,3,3,2,2,128.7,0,0,0,1,1,0,19,0,0,6,7,6,14.428571428571429,0,0,6,6,6,12.5,0,8.9,1.4,3.51,Graduate,0,0.05505366704723998,Low
1,17,3,9500,1,1,142.0,1,3,3,3,3,132.9,1,0,0,1,1,0,18,0,0,7,8,5,14.2,0,0,7,9,6,12.4,0,12.4,0.5,1.79,Dropout,1,0.42030674879121666,Medium
1,39,1,9991,0,1,150.0,1,1,19,4,8,123.0,0,0,0,1,1,0,27,0,0,5,8,4,11.5,0,0,5,9,3,10.333333333333334,0,12.7,3.7,-1.7,Dropout,1,0.8358688084908804,High
1,39,1,9773,1,12,120.0,1,1,1,9,9,129.8,1,0,0,1,1,0,52,0,0,6,7,5,13.0,0,0,6,6,6,15.0,0,9.4,-0.8,-3.12,Graduate,0,0.14448296557443444,Low
2,43,1,9003,1,1,149.0,1,1,1,4,5,156.1,1,0,0,0,1,0,29,0,0,6,6,0,0.0,0,0,6,8,0,0.0,0,15.5,2.8,-4.06,Dropout,1,0.946456494815222,High
1,51,1,9003,1,39,130.0,1,1,19,4,4,120.0,1,0,1,0,1,0,22,0,0,6,12,3,11.333333333333334,0,0,6,13,2,11.0,0,8.9,1.4,3.51,Dropout,1,0.8697422032828646,High
1,43,1,9085,1,1,110.0,25,38,38,9,6,117.2,1,0,0,1,1,0,28,1,13,18,45,18,12.5,12,10,13,26,12,11.428571428571429,6,15.5,2.8,-4.06,Graduate,0,0.11342279568119151,Low
1,39,1,9670,1,6,133.1,1,1,1,90,3,107.0,1,0,0,1,1,0,30,0,0,5,5,0,0.0,0,0,5,5,0,0.0,0,7.6,2.6,0.32,Dropout,1,0.9359737785668591,High
1,1,2,9500,1,1,134.0,1,1,1,5,3,128.4,1,0,0,1,0,0,18,0,0,7,7,7,13.471428571428572,0,0,8,9,8,13.944444444444445,0,16.2,0.3,-0.92,Graduate,0,0.06579030839700492,Low
1,1,2,9670,1,1,130.0,1,38,37,5,5,123.4,1,0,0,1,0,0,21,0,0,5,5,4,11.75,0,0,5,5,3,13.333333333333334,0,9.4,-0.8,-3.12,Graduate,0,0.2662437821869698,Low
1,1,1,9070,1,1,141.0,1,37,37,9,9,126.7,1,0,1,1,0,1,20,0,0,6,9,6,13.333333333333334,0,0,6,10,6,14.666666666666666,0,12.7,3.7,-1.7,Graduate,0,0.053818046113670186,Low
1,42,1,9500,1,1,123.0,1,37,37,3,3,123.0,1,0,0,1,0,1,21,0,0,8,8,8,13.105,0,0,8,8,8,13.105,0,9.4,-0.8,-3.12,Graduate,0,0.02574244640580767,Low
2,39,1,9991,0,19,133.1,1,19,37,7,9,137.2,0,0,1,0,0,0,32,0,0,5,5,0,0.0,0,0,5,6,0,0.0,0,10.8,1.4,1.74,Dropout,1,0.9951931486702305,High
1,1,3,9070,1,1,122.0,1,37,37,9,9,125.9,1,0,0,1,1,1,20,0,0,6,6,6,15.5,0,0,6,7,6,12.166666666666666,0,12.4,0.5,1.79,Graduate,0,0.04662475190103683,Low
1,1,4,171,1,1,132.0,1,1,19,4,5,138.0,1,0,1,0,1,0,19,0,0,0,0,0,0.0,0,0,0,0,0,0.0,0,15.5,2.8,-4.06,Dropout,1,0.775214987694379,High
1,15,1,9670,1,1,133.1,41,1,1,9,5,128.2,0,0,1,0,1,0,18,1,0,6,6,4,11.25,0,0,6,7,3,12.333333333333334,0,8.9,1.4,3.51,Dropout,1,0.9128693505827266,High
1,43,1,9991,0,1,130.0,1,37,2,9,4,126.5,1,0,0,0,1,0,23,0,10,15,24,12,11.0,0,10,14,21,11,11.363636363636363,1,7.6,2.6,0.32,Dropout,1,0.6176822190573366,High
1,1,1,9254,1,1,111.0,1,1,1,3,3,112.4,1,0,0,1,1,0,20,0,0,6,10,6,12.333333333333334,0,0,6,9,4,13.0,0,12.4,0.5,1.79,Graduate,0,0.11436697645705114,Low
2,43,2,9147,1,1,133.1,1,37,37,9,9,109.0,1,0,0,1,0,0,46,0,4,9,18,8,11.375,2,0,5,11,5,11.8,0,9.4,-0.8,-3.12,Graduate,0,0.1793091863892906,Low
1,17,1,9003,1,1,125.0,1,3,3,2,2,100.0,0,0,0,1,1,0,27,0,16,18,19,18,12.22222222222222,0,9,12,15,12,12.384615384615383,0,15.5,2.8,-4.06,Graduate,0,0.251860672861747,Low
1,5,1,171,1,1,137.0,1,3,19,1,10,144.7,1,0,0,1,1,0,20,0,0,0,0,0,0.0,0,0,0,0,0,0.0,0,16.2,0.3,-0.92,Enrolled,0,0.2878643734135032,Low
2,43,3,8014,0,19,100.0,1,37,37,9,9,120.0,1,0,0,1,1,0,41,0,5,9,11,9,12.0,0,3,7,8,6,12.0,0,9.4,-0.8,-3.12,Graduate,0,0.09850171085764012,Low
1,15,1,9147,1,1,133.1,21,1,3,192,3,100.0,0,0,1,1,1,0,40,1,0,5,10,1,11.0,0,0,5,10,1,10.0,0,11.1,0.6,2.02,Enrolled,0,0.24049203525967391,Low
2,44,1,8014,0,39,150.0,1,1,1,5,5,154.0,0,0,0,1,1,0,37,0,12,16,17,16,14.125,0,6,11,14,10,13.0,0,12.4,0.5,1.79,Graduate,0,0.24000443663546245,Low
1,1,4,9147,1,1,120.0,1,38,38,5,10,111.3,0,0,0,1,1,0,20,0,0,5,8,5,10.2,0,0,5,7,5,11.2,0,12.4,0.5,1.79,Enrolled,0,0.0664525369414018,Low
1,44,1,9130,1,39,150.0,1,1,1,4,4,150.0,1,0,0,1,0,0,20,0,0,5,7,4,12.0,1,0,5,6,4,12.4,0,10.8,1.4,1.74,Enrolled,0,0.09329658159142241,Low
1,7,1,9991,0,40,133.1,1,1,37,4,1,100.0,0,0,0,1,0,0,26,0,8,9,11,9,12.333333333333334,0,4,7,7,7,12.571428571428571,0,12.4,0.5,1.79,Graduate,0,0.13875416510363883,Low
2,39,1,8014,0,1,133.1,1,37,37,9,7,162.5,0,0,0,1,1,0,54,0,4,9,9,9,14.333333333333334,0,2,7,7,7,13.857142857142858,0,8.9,1.4,3.51,Graduate,0,0.06301929567561297,Low
1,17,5,9670,1,1,132.0,1,19,19,5,5,134.1,1,0,0,1,1,0,21,0,0,6,6,6,15.166666666666666,0,0,6,9,6,14.0,0,10.8,1.4,1.74,Graduate,0,0.10628911425572328,Low
1,1,1,9085,1,1,134.0,1,1,1,9,9,133.0,1,0,0,1,0,1,20,0,0,6,8,6,15.142857142857142,0,0,6,8,6,15.142857142857142,0,11.1,0.6,2.02,Graduate,0,0.04819728150379896,Low
1,17,6,9773,1,1,126.0,1,1,19,5,5,119.0,1,0,0,1,0,0,18,0,0,6,0,0,0.0,0,0,6,0,0,0.0,0,12.4,0.5,1.79,Dropout,1,0.9936932353040333,High
1,1,3,9500,1,1,136.0,1,1,19,4,9,131.1,1,0,0,1,0,0,19,0,0,7,9,6,13.411428571428573,0,0,8,12,7,13.294444444444444,0,15.5,2.8,-4.06,Enrolled,0,0.05050474009515373,Low
1,1,2,9238,1,1,129.0,1,38,1,4,10,129.4,1,0,0,1,0,0,18,0,0,6,7,6,12.333333333333334,0,0,6,7,6,12.166666666666666,0,9.4,-0.8,-3.12,Graduate,0,0.05316683449745673,Low
1,1,1,9085,1,1,126.0,1,3,1,2,8,123.9,1,0,0,1,0,0,19,0,0,6,13,4,11.8,0,0,6,18,4,12.2,0,12.4,0.5,1.79,Enrolled,0,0.2959550982152081,Low
1,44,1,9085,1,39,140.0,1,1,1,4,7,140.0,1,0,1,1,0,0,22,0,2,6,9,6,12.0,0,1,6,12,3,12.0,0,13.9,-0.3,0.79,Dropout,1,0.7105252350992711,High
1,43,1,9085,1,1,162.0,1,2,1,4,4,162.0,0,0,0,1,0,0,19,0,0,6,7,6,15.0,0,0,6,8,6,15.625,0,12.4,0.5,1.79,Graduate,0,0.07099221374832883,Low
1,1,1,171,1,1,148.0,1,3,2,4,2,131.6,1,0,0,1,0,0,21,0,6,12,12,8,13.875,0,4,11,13,9,12.7,1,8.9,1.4,3.51,Dropout,1,0.4405756727710759,Medium
1,17,1,9853,1,1,119.0,1,3,3,132,132,110.6,0,0,0,1,0,0,20,0,0,7,9,6,11.833333333333334,0,0,7,7,6,14.333333333333334,0,11.1,0.6,2.02,Enrolled,0,0.06690214415181334,Low
1,17,3,9773,1,1,123.0,1,1,19,5,5,117.4,1,0,0,1,0,1,18,0,0,6,6,6,12.5,0,0,6,6,6,13.833333333333334,0,16.2,0.3,-0.92,Graduate,0,0.0750728453783536,Low
1,17,1,9773,1,1,150.0,1,38,38,7,7,137.8,1,0,0,1,0,1,18,0,0,6,6,6,15.0,0,0,6,6,6,15.5,0,8.9,1.4,3.51,Graduate,0,0.08158975670839685,Low
1,17,1,9670,1,1,113.0,1,1,1,5,4,106.7,1,0,1,1,0,0,20,0,0,6,10,2,11.666666666666666,0,0,6,10,4,10.5,0,15.5,2.8,-4.06,Dropout,1,0.8737767574888701,High
1,1,1,9500,1,1,152.0,1,19,37,3,8,156.9,0,0,0,1,0,1,18,0,0,7,10,7,14.668,0,0,8,8,8,14.63375,0,15.5,2.8,-4.06,Graduate,0,0.026441452836110695,Low
1,1,3,9500,1,1,154.0,1,3,3,1,3,129.0,1,0,0,1,0,0,18,0,0,8,9,6,13.345,2,0,8,9,6,13.345,2,9.4,-0.8,-3.12,Enrolled,0,0.14524323207670392,Low
1,1,2,9773,1,1,130.0,1,1,34,9,9,124.8,1,0,0,1,0,1,20,0,0,6,7,5,12.8,0,0,6,6,6,12.333333333333334,0,12.4,0.5,1.79,Graduate,0,0.11174282442744776,Low
1,1,1,9238,1,1,121.0,1,1,1,1,1,115.1,1,0,0,1,0,0,19,0,0,6,10,6,10.833333333333334,0,0,6,7,6,12.142857142857142,0,11.1,0.6,2.02,Graduate,0,0.05084295913775901,Low
1,1,1,9070,1,1,153.0,1,3,3,1,2,146.7,1,0,0,1,0,0,18,0,0,6,6,6,13.666666666666666,0,0,6,6,5,14.0,0,12.7,3.7,-1.7,Graduate,0,0.08208739424467157,Low
1,1,1,9500,1,1,148.0,1,3,1,4,5,132.8,0,0,0,1,0,0,18,0,0,8,8,7,14.537142857142856,0,0,8,8,7,14.537142857142856,0,10.8,1.4,1.74,Graduate,0,0.04014218266393683,Low
1,5,3,9085,1,1,143.0,1,37,37,0,90,159.1,0,0,1,1,0,1,18,0,0,5,5,5,14.4,0,0,5,5,5,14.0,0,7.6,2.6,0.32,Dropout,1,0.657180347338803,High
1,17,3,171,1,1,147.0,1,19,1,5,4,137.6,1,0,0,1,0,1,20,0,0,0,0,0,0.0,0,0,0,0,0,0.0,0,12.7,3.7,-1.7,Graduate,0,0.14704505777351498,Low
1,17,1,9773,1,1,138.0,1,1,19,9,9,124.0,0,0,0,1,0,1,19,0,0,6,6,6,13.166666666666666,0,0,6,6,6,13.833333333333334,0,11.1,0.6,2.02,Graduate,0,0.052314551393541686,Low
1,39,1,9500,1,1,120.0,1,3,3,2,2,149.0,0,0,0,0,1,0,36,0,0,6,15,2,11.5,0,0,7,9,0,0.0,0,15.5,2.8,-4.06,Dropout,1,0.9842280322419916,High
1,17,1,9238,1,1,145.0,1,1,40,9,2,129.6,0,0,0,1,0,1,19,0,0,6,7,6,11.333333333333334,0,0,6,7,6,12.428571428571429,0,11.1,0.6,2.02,Graduate,0,0.06842821337613095,Low
1,17,3,9238,1,1,118.0,1,3,1,2,5,110.0,1,0,0,1,0,0,18,0,0,6,6,6,12.0,0,0,6,6,5,13.6,0,8.9,1.4,3.51,Graduate,0,0.08418824931081194,Low
1,1,3,9773,1,1,121.0,1,19,19,3,3,116.1,0,0,0,1,0,1,18,0,0,6,6,6,13.166666666666666,0,0,6,6,6,12.166666666666666,0,12.4,0.5,1.79,Graduate,0,0.12247555468556477,Low
1,1,3,9773,1,1,135.0,1,38,38,5,8,133.3,1,0,0,1,0,1,18,0,0,6,6,6,14.833333333333334,0,0,6,6,6,14.166666666666666,0,8.9,1.4,3.51,Graduate,0,0.07895709667646744,Low
1,44,1,9070,1,1,140.0,1,1,1,9,8,144.3,1,0,0,1,0,0,19,0,2,7,7,7,13.0,0,5,9,9,9,13.22222222222222,0,12.4,0.5,1.79,Graduate,0,0.05250363947804853,Low
1,18,3,9500,1,1,145.0,1,1,1,4,8,133.6,1,0,0,1,0,0,18,0,0,7,8,7,13.087142857142856,0,0,8,8,8,12.95,0,11.1,0.6,2.02,Graduate,0,0.09475006019267262,Low
1,1,1,9130,1,1,133.0,1,1,37,9,9,123.2,1,0,0,1,0,1,19,0,0,6,8,6,13.333333333333334,0,0,6,7,6,13.666666666666666,0,8.9,1.4,3.51,Graduate,0,0.029183619550818267,Low
1,1,1,9853,1,1,127.0,1,3,1,3,7,137.2,1,0,0,1,0,0,18,0,0,6,7,6,12.166666666666666,0,0,6,10,4,12.75,0,10.8,1.4,1.74,Enrolled,0,0.19357432335674574,Low
1,53,1,9070,1,42,130.0,1,40,19,3,5,130.0,1,0,0,0,0,1,22,0,0,6,8,6,11.0,0,0,6,10,4,12.0,0,8.9,1.4,3.51,Enrolled,0,0.5436157050094761,Medium
1,1,2,9238,1,1,117.0,1,19,1,9,8,110.0,1,0,1,0,0,0,18,0,0,6,0,0,0.0,0,0,6,0,0,0.0,0,11.1,0.6,2.02,Dropout,1,0.998628871999101,High
1,17,4,9147,1,1,125.0,1,19,19,5,5,118.0,1,0,0,1,0,0,19,0,0,5,7,5,13.6,0,0,5,6,5,12.2,0,8.9,1.4,3.51,Graduate,0,0.0596199761353666,Low
1,1,1,9773,1,1,141.0,1,38,38,9,9,128.4,1,0,0,1,0,0,18,0,0,6,6,6,15.5,0,0,6,6,6,14.0,0,11.1,0.6,2.02,Graduate,0,0.07615888938058604,Low
1,1,3,9853,1,1,122.0,1,1,3,5,3,113.6,0,0,0,1,0,0,19,0,0,7,7,7,13.857142857142858,0,0,7,7,7,14.285714285714286,0,11.1,0.6,2.02,Graduate,0,0.053079789531632116,Low
1,17,2,9147,1,1,118.0,1,19,1,9,3,113.5,1,0,1,1,0,0,20,0,0,5,10,2,11.5,0,0,5,8,3,10.0,0,11.1,0.6,2.02,Enrolled,0,0.31536487893874526,Medium
1,17,3,9070,1,1,142.0,1,1,38,3,5,146.9,1,0,0,1,0,1,18,0,0,6,6,6,13.0,0,0,6,6,6,12.166666666666666,0,16.2,0.3,-0.92,Graduate,0,0.07580800219598736,Low
1,1,1,9130,1,1,143.0,1,3,3,2,10,141.3,0,0,1,0,0,0,23,0,0,6,10,6,14.0,0,0,6,11,4,13.0,0,11.1,0.6,2.02,Enrolled,0,0.6109700933355912,High
1,1,4,9773,1,1,143.0,1,1,3,4,7,129.7,1,0,0,1,0,0,20,0,0,4,4,0,0.0,0,0,6,0,0,0.0,0,8.9,1.4,3.51,Dropout,1,0.9417580852727044,High
1,1,5,9070,1,1,123.0,1,3,1,9,3,121.3,1,0,0,1,0,0,20,0,0,6,6,6,11.166666666666666,0,0,6,9,6,11.5,0,12.4,0.5,1.79,Enrolled,0,0.06592747952941422,Low
1,1,1,9238,1,1,115.0,1,1,1,9,4,109.1,1,0,1,0,0,1,22,0,0,6,0,0,0.0,0,0,6,0,0,0.0,0,12.4,0.5,1.79,Dropout,1,0.8805359718635408,High
1,17,2,9853,1,1,112.0,1,19,38,5,7,107.1,1,0,0,1,0,1,18,0,0,7,8,7,12.142857142857142,0,0,7,9,6,13.666666666666666,0,11.1,0.6,2.02,Graduate,0,0.10178956192342478,Low
1,17,1,9500,1,1,135.0,1,19,38,9,9,129.2,0,0,0,1,0,1,18,0,0,7,7,7,14.145714285714286,0,0,8,9,8,13.627777777777778,0,11.1,0.6,2.02,Graduate,0,0.028025598695578868,Low
1,1,1,9500,1,1,162.0,1,3,4,3,3,154.1,0,0,0,1,0,0,18,0,0,7,7,7,14.45,0,0,8,9,8,14.144444444444444,0,11.1,0.6,2.02,Graduate,0,0.0794264841217708,Low
1,1,1,9853,1,1,143.0,1,19,3,4,4,147.2,0,0,0,1,0,0,18,0,0,7,7,7,15.714285714285714,0,0,7,7,7,15.0,0,11.1,0.6,2.02,Graduate,0,0.06937831907368329,Low
1,51,1,9147,1,1,130.0,1,1,1,4,4,120.0,0,0,0,1,0,0,21,0,0,5,9,5,12.8,0,0,5,11,3,12.666666666666666,0,11.1,0.6,2.02,Enrolled,0,0.16445300282664033,Low
1,17,1,9070,1,1,136.0,1,1,37,4,5,130.8,0,0,0,1,0,0,20,0,0,6,6,6,12.5,0,0,6,8,6,11.5,0,10.8,1.4,1.74,Enrolled,0,0.040377318472023624,Low
1,16,1,9070,1,1,125.0,1,1,1,4,4,120.8,1,0,0,1,0,0,18,0,0,6,6,6,14.5,0,0,6,6,6,12.833333333333334,0,12.4,0.5,1.79,Graduate,0,0.07271352936993213,Low
1,17,2,9500,1,1,132.0,1,19,37,3,5,125.4,1,0,0,0,0,1,20,0,0,7,7,7,13.462857142857144,0,0,8,10,7,13.164285714285716,0,11.1,0.6,2.02,Enrolled,0,0.25701771377913546,Low
1,1,1,8014,0,1,123.0,1,34,37,9,90,121.3,1,0,0,1,0,0,25,0,0,6,6,6,12.833333333333334,0,0,6,6,6,12.833333333333334,0,7.6,2.6,0.32,Graduate,0,0.027291872528942007,Low
1,1,1,9147,1,1,142.0,1,19,19,9,9,127.0,1,0,0,1,0,1,18,0,0,5,10,5,12.0,0,0,5,8,4,11.6,0,13.9,-0.3,0.79,Graduate,0,0.04491060553192863,Low
1,1,3,171,1,1,147.0,1,12,19,9,3,151.6,1,0,0,1,0,0,19,0,0,0,0,0,0.0,0,0,0,0,0,0.0,0,13.9,-0.3,0.79,Graduate,0,0.15154531197024393,Low
1,1,1,9085,1,1,140.0,6,1,19,4,7,131.6,1,0,0,1,0,0,20,1,0,7,9,6,14.714285714285714,0,1,7,16,6,13.2,0,12.4,0.5,1.79,Enrolled,0,0.0678213126517381,Low
1,1,2,9238,1,1,133.1,1,19,19,9,9,106.0,1,0,0,1,0,1,20,0,0,6,7,6,12.571428571428571,0,0,6,7,6,13.285714285714286,0,12.4,0.5,1.79,Graduate,0,0.02396968441378231,Low
1,18,4,9773,1,1,114.0,1,1,1,9,9,111.6,1,0,0,1,0,1,21,0,0,6,6,6,12.5,0,0,6,6,6,11.5,0,11.1,0.6,2.02,Graduate,0,0.09326298554583302,Low
1,17,3,9670,1,1,125.0,1,1,3,4,3,117.3,1,0,0,1,0,0,18,0,0,6,8,6,14.0,0,0,6,9,5,14.0,0,8.9,1.4,3.51,Graduate,0,0.09383446482775995,Low
1,17,1,9853,1,1,127.0,1,1,1,5,7,121.4,1,0,0,1,0,0,18,0,0,7,8,7,11.571428571428571,0,0,7,9,6,13.166666666666666,0,11.1,0.6,2.02,Dropout,1,0.4309647062916367,Medium
1,1,3,9070,1,1,132.0,1,1,3,9,7,126.1,1,0,0,1,0,1,18,0,0,6,6,6,15.833333333333334,0,0,6,6,6,15.333333333333334,0,11.1,0.6,2.02,Graduate,0,0.07859360384863313,Low
1,1,4,9500,1,1,148.0,1,19,19,4,5,137.0,1,0,0,1,0,0,18,0,0,8,8,8,14.25,0,0,8,8,8,14.25,0,9.4,-0.8,-3.12,Graduate,0,0.052125355462030384,Low
1,43,1,9670,1,1,139.0,1,3,19,3,5,120.8,0,0,0,1,0,0,19,0,0,6,0,0,0.0,0,0,6,0,0,0.0,0,15.5,2.8,-4.06,Dropout,1,0.9908822690129397,High
1,17,1,9254,1,1,136.0,1,39,3,3,3,128.7,1,0,0,1,0,0,20,0,0,6,8,6,11.666666666666666,0,0,6,10,6,11.0,0,13.9,-0.3,0.79,Dropout,1,0.5005419122593002,Medium
1,39,1,9238,1,9,133.1,1,34,34,0,0,118.0,0,0,0,1,0,0,47,0,0,6,12,0,0.0,0,0,5,10,0,0.0,0,7.6,2.6,0.32,Dropout,1,0.9671668423422936,High
1,43,1,9130,1,1,120.0,6,1,3,9,2,120.0,0,0,1,1,0,0,21,1,2,5,9,5,13.2,2,0,5,7,2,12.5,2,10.8,1.4,1.74,Enrolled,0,0.18047231747462733,Low
2,39,1,9130,1,1,130.0,1,37,37,9,6,160.0,0,0,0,1,1,0,31,0,1,6,11,2,12.0,1,1,6,12,1,10.0,1,16.2,0.3,-0.92,Dropout,1,0.9480105544910041,High
2,39,1,9119,1,1,110.0,1,37,37,90,5,150.0,1,0,0,1,1,0,46,0,0,5,6,0,0.0,0,0,5,5,0,0.0,0,7.6,2.6,0.32,Dropout,1,0.9719525718663734,High
1,1,3,9119,1,1,133.0,1,3,1,3,4,121.8,1,0,0,1,1,0,18,0,0,5,9,4,12.0,0,0,5,10,2,11.0,0,8.9,1.4,3.51,Enrolled,0,0.4967640961956237,Medium
1,17,3,9119,1,1,138.0,1,3,3,3,4,125.4,1,1,0,1,1,0,19,0,0,5,10,3,13.333333333333334,0,0,5,9,4,10.75,0,8.9,1.4,3.51,Dropout,1,0.6376992587954914,High
1,51,1,9556,1,1,131.0,1,1,37,152,193,126.6,1,0,0,1,1,0,23,0,0,7,11,5,12.414285714285713,0,0,7,13,2,13.5,0,8.9,1.4,3.51,Enrolled,0,0.2110431976503078,Low
1,44,1,9130,1,39,150.0,1,3,1,2,8,150.0,0,0,0,0,1,0,22,0,0,5,5,0,0.0,0,0,5,5,0,0.0,0,12.7,3.7,-1.7,Dropout,1,0.9674096089293698,High
1,1,1,9147,1,1,125.0,1,38,1,3,10,114.5,1,0,0,1,1,0,19,0,0,5,5,5,13.8,0,0,5,7,5,12.4,0,9.4,-0.8,-3.12,Graduate,0,0.09492259672269379,Low
1,1,1,9147,1,1,108.0,41,3,3,9,9,107.0,0,0,1,0,0,0,19,1,0,5,14,0,0.0,0,0,5,5,0,0.0,0,8.9,1.4,3.51,Dropout,1,0.8289611930827661,High
1,17,1,9147,1,1,116.0,1,3,1,3,4,115.7,0,0,0,0,1,0,22,0,0,5,10,4,11.5,0,0,5,11,4,14.0,0,8.9,1.4,3.51,Enrolled,0,0.30420791456056206,Medium
1,39,1,9130,1,1,133.1,1,3,34,3,0,120.0,0,0,1,0,1,0,29,0,0,5,11,0,0.0,4,0,5,6,0,0.0,1,9.4,-0.8,-3.12,Dropout,1,0.9604370275453543,High
1,1,3,9500,1,1,147.0,1,37,38,9,5,134.8,1,0,0,1,0,0,18,0,0,7,7,6,14.016666666666666,0,0,7,7,6,14.016666666666666,0,7.6,2.6,0.32,Graduate,0,0.03216994789388021,Low
1,1,1,9238,1,1,143.0,1,38,34,9,9,133.6,1,0,0,1,0,0,18,0,0,6,9,5,11.4,0,0,6,8,5,10.8,0,9.4,-0.8,-3.12,Graduate,0,0.07773123856447622,Low
1,1,1,171,1,1,115.0,1,37,37,9,8,129.0,1,0,1,0,0,1,23,0,0,0,0,0,0.0,0,0,0,0,0,0.0,0,9.4,-0.8,-3.12,Dropout,1,0.8769859708193042,High
2,39,1,9991,0,1,160.0,1,1,1,194,131,128.4,0,0,0,1,0,0,34,0,0,5,12,5,10.4,0,0,5,11,5,12.0,0,12.4,0.5,1.79,Graduate,0,0.14283842065134378,Low
1,17,1,9147,1,1,118.0,1,19,19,9,9,122.2,0,0,0,1,0,0,19,0,0,5,11,3,10.666666666666666,0,0,5,9,4,10.25,0,11.1,0.6,2.02,Graduate,0,0.20885669018663647,Low
1,1,1,9085,1,1,122.0,1,1,1,2,5,113.3,1,0,0,1,0,0,18,0,0,5,9,4,14.25,0,0,5,8,5,12.714285714285714,0,10.8,1.4,1.74,Enrolled,0,0.04414291835467301,Low
1,17,6,9500,1,1,143.0,1,1,19,4,4,129.9,0,0,0,1,0,1,20,0,3,7,7,7,13.914285714285713,0,5,8,8,8,14.10625,0,11.1,0.6,2.02,Graduate,0,0.05183047012659621,Low
1,1,6,9500,1,1,133.0,1,3,3,1,1,126.2,1,0,0,1,0,0,19,0,0,7,9,7,13.761111111111113,0,0,8,11,7,12.82375,0,15.5,2.8,-4.06,Graduate,0,0.08800847493243637,Low
1,5,2,9853,1,1,122.0,1,19,19,4,5,112.6,1,0,0,1,0,0,22,0,0,6,10,5,12.6,0,0,6,9,4,11.25,0,12.7,3.7,-1.7,Enrolled,0,0.29367437879078745,Low
1,1,1,9238,1,1,164.0,1,19,19,9,9,149.0,1,0,0,1,0,1,23,0,0,6,7,6,13.857142857142858,0,0,6,6,6,14.166666666666666,0,10.8,1.4,1.74,Graduate,0,0.03747739413822084,Low
2,39,1,9500,1,1,133.1,1,1,19,9,9,120.0,0,0,0,1,1,1,34,0,0,8,8,7,13.842857142857143,0,0,8,8,7,13.842857142857143,0,12.7,3.7,-1.7,Graduate,0,0.039517045507882514,Low
1,17,4,9119,1,1,127.0,1,19,19,5,5,120.4,1,0,1,0,1,0,18,0,0,5,12,0,0.0,0,0,5,8,0,0.0,0,9.4,-0.8,-3.12,Enrolled,0,0.43648984859563184,Medium
1,1,3,9773,1,1,140.0,1,1,39,4,1,128.1,1,1,0,1,1,0,21,0,0,6,6,5,11.8,0,0,6,9,0,0.0,0,16.2,0.3,-0.92,Dropout,1,0.7588234131207559,High
1,1,1,9238,1,1,127.0,1,1,19,4,3,141.7,1,0,0,1,1,0,22,0,0,6,6,6,12.666666666666666,0,0,6,6,6,13.833333333333334,0,10.8,1.4,1.74,Dropout,1,0.21189874911061446,Low
1,39,1,9003,1,12,133.1,1,37,1,9,10,130.0,0,0,0,1,1,0,28,0,0,6,6,0,0.0,0,0,6,6,0,0.0,0,11.1,0.6,2.02,Dropout,1,0.9747222565591501,High
1,5,4,9119,1,1,115.0,1,19,37,4,6,113.3,1,0,0,1,1,0,23,0,0,5,7,0,0.0,0,0,5,5,0,0.0,0,7.6,2.6,0.32,Dropout,1,0.9835495404918976,High
1,1,1,9773,1,1,108.0,1,34,38,0,3,105.9,0,0,0,1,1,0,20,0,0,6,11,4,10.75,0,0,6,13,2,10.0,0,7.6,2.6,0.32,Dropout,1,0.8745516690049865,High
1,18,2,9119,1,1,136.0,1,1,2,5,4,122.7,1,0,0,1,1,0,18,0,0,5,7,5,12.6,0,0,5,9,3,13.25,0,13.9,-0.3,0.79,Dropout,1,0.5340779216666267,Medium
1,39,2,9147,1,12,133.1,1,19,38,9,9,120.0,1,0,1,0,1,0,28,0,0,5,5,0,0.0,0,0,5,5,0,0.0,0,9.4,-0.8,-3.12,Dropout,1,0.9851428437012697,High
1,44,1,9070,1,39,120.0,1,1,19,5,8,119.8,0,0,0,1,1,0,21,0,2,7,7,2,12.0,0,5,9,10,7,12.142857142857142,0,12.4,0.5,1.79,Dropout,1,0.7807147527597919,High
1,39,1,9670,1,1,133.1,1,38,19,9,8,122.9,0,0,1,0,1,0,25,0,0,6,7,3,14.0,0,0,6,9,2,14.5,0,13.9,-0.3,0.79,Dropout,1,0.9780142284841614,High
1,44,1,9085,1,39,160.0,1,1,1,5,4,160.0,1,1,0,0,1,0,19,0,2,6,6,6,14.0,0,1,6,11,6,13.5,0,12.4,0.5,1.79,Dropout,1,0.643502208060308,High
1,1,4,9500,1,1,128.0,1,1,1,4,10,125.2,1,0,0,1,1,1,18,0,0,7,7,7,14.682857142857143,0,0,8,9,8,15.055555555555555,0,12.4,0.5,1.79,Graduate,0,0.06286460680199187,Low
1,39,1,9119,1,3,130.0,1,1,38,90,90,143.4,0,0,0,1,1,0,29,0,0,3,3,0,0.0,3,0,5,0,0,0.0,0,10.8,1.4,1.74,Dropout,1,0.9491285356536353,High
1,39,1,9119,1,19,133.1,1,37,38,3,7,96.7,0,0,0,1,1,1,29,0,0,5,6,0,0.0,0,0,5,7,0,0.0,0,12.4,0.5,1.79,Dropout,1,0.9565227903071362,High
1,18,1,9254,1,1,137.0,1,19,19,4,5,126.9,0,0,0,1,1,0,20,0,0,6,7,6,13.857142857142858,0,0,6,7,5,12.8,0,16.2,0.3,-0.92,Graduate,0,0.07392810534944153,Low
1,1,1,171,1,1,163.0,1,19,1,9,7,143.1,0,0,0,1,1,0,18,0,0,0,0,0,0.0,0,0,0,0,0,0.0,0,9.4,-0.8,-3.12,Graduate,0,0.3780712966046149,Medium
1,1,1,9254,1,1,125.0,1,1,1,191,193,114.5,0,0,0,1,1,0,20,0,0,6,8,6,13.142857142857142,0,0,6,7,6,12.5,0,8.9,1.4,3.51,Graduate,0,0.027342401800134693,Low
2,39,1,9119,1,1,120.0,1,34,34,0,0,140.0,1,0,0,1,1,0,33,0,0,5,14,1,18.0,0,0,5,9,2,13.0,0,9.4,-0.8,-3.12,Dropout,1,0.8477792250490723,High
1,42,1,9991,0,1,150.0,1,19,19,5,5,113.7,0,0,0,1,1,0,30,0,11,15,15,13,11.461538461538462,0,6,11,15,10,11.583333333333334,1,16.2,0.3,-0.92,Graduate,0,0.45644177410152537,Medium
1,1,1,9556,1,1,135.0,1,1,1,1,1,131.5,0,0,0,1,1,1,21,0,0,7,14,5,11.2,0,0,8,11,6,11.583333333333334,0,16.2,0.3,-0.92,Enrolled,0,0.08957534543390673,Low
1,1,1,9003,1,1,148.0,1,1,19,194,194,143.5,0,0,1,1,1,0,18,0,0,6,6,5,15.0,0,0,6,8,4,14.5,0,8.9,1.4,3.51,Graduate,0,0.33689125357723154,Medium
1,1,1,9500,1,1,138.0,1,38,38,9,9,126.8,0,0,0,1,1,1,19,0,0,7,9,7,14.244444444444444,0,0,8,12,8,12.233333333333333,0,15.5,2.8,-4.06,Graduate,0,0.019933130431393813,Low
1,17,1,9070,1,1,119.0,1,38,19,9,9,115.2,0,0,0,1,1,1,21,0,0,6,8,4,11.5,0,0,6,7,5,11.0,0,15.5,2.8,-4.06,Dropout,1,0.6217033495326671,High
1,39,2,9556,1,1,130.0,1,19,19,4,5,100.0,0,0,0,1,1,1,25,0,0,7,7,2,10.0,0,0,7,7,0,0.0,0,15.5,2.8,-4.06,Dropout,1,0.9728337864146568,High
1,1,2,9670,1,1,135.0,1,19,19,7,10,121.4,0,0,0,1,1,0,19,0,0,5,7,3,12.333333333333334,0,0,5,5,5,11.6,0,9.4,-0.8,-3.12,Graduate,0,0.09782386888595355,Low
1,44,1,9070,1,39,120.0,1,19,1,9,3,120.0,1,0,0,1,1,0,23,0,2,7,8,5,12.2,0,5,9,10,7,12.142857142857142,1,16.2,0.3,-0.92,Dropout,1,0.7777877917184833,High
1,17,2,9070,1,1,126.0,1,38,38,9,8,129.9,1,0,0,1,1,1,19,0,0,6,6,6,13.666666666666666,0,0,6,7,5,13.2,0,12.4,0.5,1.79,Graduate,0,0.06072905745047519,Low
1,1,1,171,1,1,149.0,1,3,2,2,5,151.1,1,0,0,1,1,0,19,0,0,0,0,0,0.0,0,0,0,0,0,0.0,0,9.4,-0.8,-3.12,Graduate,0,0.23713578411707056,Low
1,39,1,9003,1,1,110.0,1,19,37,9,6,120.0,0,0,1,0,1,0,31,0,0,6,15,1,11.0,0,0,6,10,0,0.0,0,16.2,0.3,-0.92,Dropout,1,0.9890602785879123,High
1,39,1,9003,1,1,133.1,1,37,37,4,7,130.0,0,0,1,0,1,0,32,0,0,6,8,3,13.0,0,4,10,14,6,11.428571428571429,0,16.2,0.3,-0.92,Dropout,1,0.904021599988173,High
1,16,2,9500,1,1,127.0,1,2,38,4,9,119.0,1,0,0,1,0,1,19,0,0,8,12,7,12.599999999999998,0,0,8,12,7,12.599999999999998,0,10.8,1.4,1.74,Graduate,0,0.027973758160154336,Low
1,42,1,9773,1,6,120.0,1,34,34,0,0,122.0,1,0,0,1,0,0,34,0,8,10,11,10,12.2,0,5,10,12,9,12.333333333333334,0,7.6,2.6,0.32,Graduate,0,0.36761640051839706,Medium
1,16,6,9773,1,1,136.0,1,38,14,0,0,129.7,1,0,0,1,0,0,21,0,0,6,6,6,13.166666666666666,0,0,6,6,6,13.0,0,7.6,2.6,0.32,Graduate,0,0.11136620884042145,Low
1,43,2,9238,1,1,110.0,1,37,37,9,7,112.5,1,0,0,1,0,1,53,0,4,7,16,6,11.0,0,2,7,9,7,11.0,0,9.4,-0.8,-3.12,Graduate,0,0.1586201193259389,Low
1,1,1,9500,1,1,136.0,1,19,19,4,7,136.0,0,0,0,1,0,1,19,0,0,7,7,7,14.014285714285714,0,0,8,8,8,15.35,0,13.9,-0.3,0.79,Graduate,0,0.032875520823873794,Low
1,1,3,9773,1,1,145.0,1,38,38,9,5,133.1,0,0,0,1,0,1,20,0,0,6,9,4,13.0,0,0,6,13,4,11.25,0,10.8,1.4,1.74,Graduate,0,0.1733794489023341,Low
1,1,2,9773,1,1,159.0,1,1,19,9,9,151.3,1,0,0,1,0,0,18,0,0,6,6,6,14.0,0,0,6,6,6,14.666666666666666,0,10.8,1.4,1.74,Graduate,0,0.07954960833819956,Low
1,39,1,171,1,1,147.0,1,37,38,175,193,133.3,0,0,0,0,0,0,32,0,0,0,0,0,0.0,0,0,0,0,0,0.0,0,16.2,0.3,-0.92,Dropout,1,0.8785304660407492,High
1,43,1,9500,1,1,150.0,1,37,37,9,9,130.8,1,0,0,1,0,1,21,0,0,8,8,7,14.428571428571429,0,0,8,8,7,14.428571428571429,0,12.7,3.7,-1.7,Graduate,0,0.011131791488058011,Low
1,7,1,8014,0,3,140.0,1,37,12,9,4,140.0,0,0,0,0,0,0,26,0,0,5,9,0,0.0,0,0,5,10,0,0.0,0,9.4,-0.8,-3.12,Dropout,1,0.9678901758066094,High
1,42,1,9085,1,39,150.0,1,1,1,4,7,150.0,1,0,0,1,0,0,26,0,11,18,45,18,11.833333333333334,10,9,13,27,13,12.461538461538462,5,15.5,2.8,-4.06,Graduate,0,0.20633443632559434,Low
2,44,1,9991,0,39,130.0,1,1,37,4,9,130.0,0,0,0,0,0,0,21,0,0,5,12,3,11.333333333333334,0,0,5,10,1,13.0,0,15.5,2.8,-4.06,Dropout,1,0.9092210028447041,High
1,17,1,9773,1,1,120.0,1,37,37,5,5,125.3,0,0,0,1,0,0,18,0,0,6,9,6,12.5,0,0,6,9,6,13.0,0,7.6,2.6,0.32,Graduate,0,0.13542950324549638,Low
1,43,1,9070,1,39,130.0,1,19,37,5,9,124.0,1,0,0,1,0,1,21,0,4,12,12,12,13.333333333333334,0,5,12,12,11,12.545454545454543,0,15.5,2.8,-4.06,Graduate,0,0.041371351654828296,Low
1,1,1,9254,1,1,112.0,1,38,19,9,5,113.8,1,0,0,1,0,0,21,0,0,6,10,6,10.833333333333334,0,0,6,10,4,11.0,0,7.6,2.6,0.32,Enrolled,0,0.1877759056455827,Low
1,17,1,9670,1,1,128.0,1,19,19,7,7,124.4,0,0,0,1,0,1,19,0,0,6,6,6,13.0,0,0,6,6,6,14.0,0,13.9,-0.3,0.79,Graduate,0,0.06041207961103728,Low
1,17,1,9147,1,1,114.0,1,19,19,9,7,107.7,0,0,0,1,0,0,19,0,0,5,7,2,10.0,0,0,5,11,2,14.0,0,10.8,1.4,1.74,Dropout,1,0.7615851462382875,High
1,43,2,9238,1,1,118.0,1,38,38,5,5,110.0,0,0,0,1,0,1,19,0,0,6,8,6,11.428571428571429,0,0,6,11,5,11.2,0,10.8,1.4,1.74,Graduate,0,0.09384761089253482,Low
1,7,1,9500,1,3,130.0,1,37,38,7,7,130.0,1,0,0,1,0,0,27,0,0,8,8,8,12.8875,0,0,8,8,8,12.8875,0,9.4,-0.8,-3.12,Graduate,0,0.07653665182677762,Low
1,1,2,9500,1,1,145.0,1,37,1,9,4,138.8,1,0,0,1,0,1,18,0,0,7,7,6,12.95,0,0,7,7,6,12.95,0,7.6,2.6,0.32,Graduate,0,0.029865947498435984,Low
1,1,2,9147,1,1,121.0,1,19,19,9,9,126.3,1,0,0,1,0,0,20,0,0,5,12,1,10.0,2,0,5,5,0,0.0,0,12.7,3.7,-1.7,Dropout,1,0.938971134808466,High
1,1,3,9500,1,1,114.0,1,1,1,5,5,114.5,1,0,0,1,0,1,19,0,0,7,7,7,13.094285714285714,0,0,8,8,8,12.55,0,12.4,0.5,1.79,Graduate,0,0.026301411021794143,Low
1,1,4,9670,1,1,127.0,1,1,1,7,7,116.5,1,0,0,1,0,0,20,0,0,6,7,0,0.0,0,0,6,6,0,0.0,0,16.2,0.3,-0.92,Dropout,1,0.9548190205283246,High
1,17,2,9238,1,1,145.0,1,19,38,7,6,128.6,1,0,0,1,0,1,19,0,0,6,12,5,11.714285714285714,0,0,6,11,6,11.0,0,12.7,3.7,-1.7,Graduate,0,0.10969939667025248,Low
1,17,5,9238,1,1,130.0,1,19,1,5,5,130.0,1,0,0,1,0,0,20,0,0,6,8,4,11.25,0,0,6,15,3,10.0,0,9.4,-0.8,-3.12,Enrolled,0,0.3440885522860508,Medium
1,1,1,171,1,1,150.0,1,38,19,7,10,134.6,0,0,0,1,0,0,20,0,0,0,0,0,0.0,0,0,0,0,0,0.0,0,15.5,2.8,-4.06,Dropout,1,0.7811204416522203,High
1,1,1,9853,1,1,145.0,1,37,37,9,5,146.8,0,0,0,1,0,0,18,0,0,6,6,6,13.166666666666666,0,0,6,6,6,13.333333333333334,0,7.6,2.6,0.32,Graduate,0,0.03463303411155315,Low
1,1,1,9085,1,1,128.0,1,19,1,5,4,135.7,1,0,0,1,0,0,20,0,0,5,7,4,12.75,0,0,5,5,5,13.4,0,10.8,1.4,1.74,Graduate,0,0.0946150037952937,Low
2,39,1,9991,0,1,140.0,1,37,37,9,9,120.0,0,0,0,0,0,0,38,0,0,5,6,5,10.6,0,0,5,9,2,11.0,0,12.7,3.7,-1.7,Dropout,1,0.9213342164546245,High
4,39,1,8014,0,1,130.0,1,37,37,9,7,138.0,0,0,0,1,0,0,42,0,0,6,8,5,11.2,0,0,6,6,6,12.0,0,8.9,1.4,3.51,Graduate,0,0.05139447536297894,Low
1,39,1,9500,1,1,140.0,1,37,37,9,6,135.5,0,0,0,1,0,0,32,0,0,7,0,0,0.0,0,0,8,0,0,0.0,0,13.9,-0.3,0.79,Dropout,1,0.995344158506468,High
1,15,1,9773,1,1,120.0,26,19,19,4,5,120.0,1,0,0,1,0,0,22,1,0,6,6,6,13.0,0,0,6,6,6,13.666666666666666,0,12.4,0.5,1.79,Graduate,0,0.05695148042521667,Low
2,39,1,9991,0,1,147.0,1,34,34,90,90,111.7,1,0,0,1,0,0,28,0,0,5,10,0,0.0,0,0,5,5,0,0.0,0,7.6,2.6,0.32,Dropout,1,0.9194930383758291,High
2,39,1,8014,0,9,133.1,1,37,37,8,10,100.0,1,0,0,1,0,0,37,0,0,6,0,0,0.0,0,0,6,0,0,0.0,0,9.4,-0.8,-3.12,Dropout,1,0.9783650125427276,High
2,44,1,9003,1,39,160.0,1,37,38,9,4,160.0,0,0,0,1,0,0,43,0,0,6,8,6,14.166666666666666,0,0,6,9,6,15.0,0,15.5,2.8,-4.06,Graduate,0,0.05614005140801962,Low
6,39,1,8014,0,1,133.1,1,37,1,9,7,114.8,0,0,0,1,0,1,41,0,0,6,10,5,12.833333333333334,0,0,6,6,6,12.333333333333334,0,13.9,-0.3,0.79,Graduate,0,0.06190412761469221,Low
4,39,1,8014,0,19,140.0,1,37,37,9,3,131.0,0,0,0,1,0,1,29,0,0,6,11,4,11.75,0,0,6,9,5,10.4,0,10.8,1.4,1.74,Graduate,0,0.13352995740699516,Low
1,39,1,8014,0,1,133.1,1,37,37,9,9,97.0,0,0,0,1,0,1,35,0,0,6,8,6,10.833333333333334,0,0,6,7,6,11.5,0,10.8,1.4,1.74,Graduate,0,0.07690794986226482,Low
1,17,6,9238,1,1,131.0,1,1,3,4,2,131.7,1,0,0,1,0,0,18,0,0,6,8,4,11.75,0,0,6,8,4,12.25,0,9.4,-0.8,-3.12,Dropout,1,0.5625730793487311,Medium
1,39,1,9500,1,19,133.1,1,37,37,9,6,120.0,0,0,0,0,0,1,39,0,0,7,14,3,11.5,0,0,7,9,2,10.5,0,16.2,0.3,-0.92,Dropout,1,0.7957029149126288,High
4,39,1,9991,0,1,120.0,1,37,37,9,9,110.0,0,0,0,1,0,0,37,0,0,5,14,2,10.0,0,0,5,7,3,11.333333333333334,0,12.7,3.7,-1.7,Enrolled,0,0.5221602327123395,Medium
1,39,1,9500,1,1,130.0,1,37,37,9,7,133.0,1,0,0,1,0,1,26,0,0,7,7,6,13.7,0,0,7,7,6,13.7,0,7.6,2.6,0.32,Graduate,0,0.01885449567579368,Low
1,7,1,9085,1,3,140.0,1,19,20,4,90,140.0,1,0,0,1,0,0,32,0,0,5,8,1,14.0,2,0,5,12,0,0.0,4,10.8,1.4,1.74,Dropout,1,0.9758566452463892,High
2,39,1,8014,0,1,133.1,1,37,37,6,8,100.0,0,0,1,1,0,0,37,0,3,8,12,7,11.375,0,2,7,10,6,12.166666666666666,0,13.9,-0.3,0.79,Enrolled,0,0.10893565107890048,Low
1,39,1,9085,1,1,140.0,1,37,19,191,163,129.3,1,0,1,1,0,0,28,0,0,6,17,0,0.0,0,0,6,6,0,0.0,0,8.9,1.4,3.51,Enrolled,0,0.13692439491040345,Low
1,1,1,9238,1,1,133.1,1,19,37,0,0,137.0,1,0,0,1,0,0,19,0,0,6,10,0,0.0,4,0,6,0,0,0.0,0,7.6,2.6,0.32,Dropout,1,0.9803199702720593,High
1,1,5,9147,1,1,125.0,1,37,38,7,7,122.2,1,0,0,1,0,0,18,0,0,5,9,1,11.0,0,0,5,9,2,12.5,0,7.6,2.6,0.32,Enrolled,0,0.4206123676598623,Medium
1,1,1,9853,1,1,115.0,1,19,38,9,9,108.0,0,0,0,1,0,1,19,0,0,7,10,6,13.0,0,0,7,7,7,13.285714285714286,0,12.4,0.5,1.79,Graduate,0,0.02748190426279559,Low
2,7,1,9670,1,3,110.0,1,37,37,7,7,110.0,0,0,0,1,0,0,32,0,4,11,15,8,13.6,0,2,8,10,8,15.11111111111111,0,13.9,-0.3,0.79,Graduate,0,0.08821972127402132,Low
2,39,1,9147,1,1,140.0,1,37,37,9,9,127.7,1,0,0,1,0,0,31,0,0,5,8,3,11.0,0,0,5,9,2,11.5,0,7.6,2.6,0.32,Dropout,1,0.7624220397477256,High
1,39,1,9500,1,1,100.0,1,3,1,2,5,121.3,1,0,0,1,0,0,34,0,0,8,11,7,11.705714285714285,0,0,8,11,7,11.705714285714285,0,10.8,1.4,1.74,Enrolled,0,0.10371781336471549,Low
1,1,3,171,1,1,145.0,1,1,1,3,3,140.1,1,0,0,1,0,0,20,0,6,12,12,12,13.25,0,4,11,14,11,14.333333333333334,0,8.9,1.4,3.51,Graduate,0,0.06666409994833392,Low
1,39,1,9500,1,19,133.1,1,38,38,9,9,114.8,0,0,0,1,0,0,28,0,0,7,15,1,10.75,0,0,7,10,1,10.0,0,13.9,-0.3,0.79,Dropout,1,0.9489638642430985,High
1,44,1,9991,0,39,150.0,1,37,37,6,6,150.0,0,0,0,1,0,0,31,0,2,6,8,6,12.0,0,2,7,8,7,13.428571428571429,0,9.4,-0.8,-3.12,Enrolled,0,0.09165589891205629,Low
1,1,1,9773,1,1,145.0,1,19,38,4,10,131.7,1,0,0,1,0,0,18,0,0,6,7,6,12.666666666666666,0,0,6,8,4,12.25,0,7.6,2.6,0.32,Enrolled,0,0.15590652832320304,Low
4,39,1,8014,0,19,133.1,1,37,37,90,7,110.0,0,0,0,0,0,0,31,0,0,6,8,5,11.4,0,0,6,9,3,11.0,0,9.4,-0.8,-3.12,Dropout,1,0.7583135778794637,High
1,1,3,9773,1,1,110.0,1,19,19,5,5,105.5,1,0,0,1,0,0,19,0,0,6,6,6,13.0,0,0,6,8,5,12.4,0,12.4,0.5,1.79,Graduate,0,0.10393514324521579,Low
1,1,1,9238,1,1,128.0,1,37,19,9,4,127.3,1,0,0,1,0,1,19,0,0,6,8,6,14.0,0,0,6,8,6,12.285714285714286,0,16.2,0.3,-0.92,Graduate,0,0.03178580641709368,Low
2,39,1,9238,1,19,133.1,1,37,37,9,9,130.0,1,0,0,1,0,0,31,0,0,6,11,0,0.0,0,0,5,10,0,0.0,0,9.4,-0.8,-3.12,Enrolled,0,0.5940376398585491,Medium
1,7,1,9085,1,3,130.0,1,1,19,9,10,130.0,0,0,0,1,0,0,34,0,0,6,0,0,0.0,0,0,6,0,0,0.0,0,15.5,2.8,-4.06,Dropout,1,0.9828162958032199,High
1,16,1,9556,1,1,137.0,1,37,37,9,7,122.7,1,0,0,1,0,1,18,0,0,7,7,7,15.285714285714286,0,0,8,8,8,16.075,0,12.4,0.5,1.79,Graduate,0,0.031931459380725995,Low
1,17,2,9254,1,1,123.0,1,37,37,7,7,113.9,1,0,0,1,0,0,18,0,0,6,6,6,13.166666666666666,0,0,6,6,6,12.666666666666666,0,11.1,0.6,2.02,Graduate,0,0.04264829147199073,Low
1,1,1,9147,1,1,156.0,1,3,19,3,3,151.1,0,0,1,1,1,0,19,0,0,5,7,5,13.6,0,0,5,11,5,12.833333333333334,5,16.2,0.3,-0.92,Graduate,0,0.18998309475468422,Low
1,17,2,9773,1,1,133.1,1,3,5,0,2,125.8,1,0,0,0,1,1,22,0,0,4,8,0,0.0,0,0,4,8,0,0.0,0,7.6,2.6,0.32,Dropout,1,0.9886750511207947,High
2,43,1,9670,1,1,100.0,1,34,34,0,0,128.2,0,0,0,1,1,0,32,0,6,10,12,10,11.4,0,4,9,9,4,11.5,0,7.6,2.6,0.32,Graduate,0,0.36563020733683443,Medium
1,39,1,9147,1,1,140.0,1,37,3,9,2,135.1,0,0,0,1,1,0,61,0,0,5,0,0,0.0,0,0,5,0,0,0.0,0,15.5,2.8,-4.06,Dropout,1,0.981186724344415,High
1,39,1,9991,0,1,130.0,1,37,37,9,9,120.2,1,0,0,1,1,0,30,0,0,5,7,5,11.0,0,0,5,5,5,11.6,0,7.6,2.6,0.32,Graduate,0,0.07215496430608563,Low
2,39,1,9991,0,1,133.1,1,37,37,9,9,132.8,0,0,1,0,1,0,45,0,0,5,9,0,0.0,0,0,5,11,0,0.0,0,12.4,0.5,1.79,Dropout,1,0.9872763503066311,High
1,44,1,9003,1,39,140.0,1,1,19,4,8,140.0,0,0,0,1,1,0,20,0,0,6,7,6,13.571428571428571,0,0,6,6,6,12.666666666666666,0,12.4,0.5,1.79,Graduate,0,0.05049316041979802,Low
1,18,5,9500,1,1,137.0,1,19,1,1,10,129.3,0,0,0,1,0,0,19,0,0,7,0,0,0.0,0,0,8,0,0,0.0,0,9.4,-0.8,-3.12,Dropout,1,0.9792594384594969,High
1,42,1,9119,1,1,120.0,1,3,1,2,9,108.2,1,0,0,1,1,0,26,0,4,10,14,4,11.25,0,4,11,11,4,12.0,0,7.6,2.6,0.32,Dropout,1,0.8722070106564715,High
1,17,4,9670,1,1,125.0,1,1,1,4,90,125.4,1,0,0,1,1,0,19,0,0,5,6,3,13.333333333333334,0,0,5,5,1,11.0,0,7.6,2.6,0.32,Dropout,1,0.6561038413373711,High
1,17,1,9773,1,1,130.0,1,19,37,9,9,140.2,0,0,0,1,1,1,19,0,0,6,6,6,12.0,0,0,6,7,6,11.666666666666666,0,16.2,0.3,-0.92,Graduate,0,0.03699339997865428,Low
1,1,3,9773,1,1,115.0,1,38,1,9,4,116.1,1,0,0,1,1,0,19,0,0,6,6,6,12.5,0,0,6,7,5,13.0,0,12.4,0.5,1.79,Graduate,0,0.0862643945818428,Low
1,1,1,9147,1,1,150.0,1,1,19,5,5,137.8,1,0,0,1,1,1,19,0,0,5,6,5,13.2,0,0,5,6,5,12.666666666666666,0,16.2,0.3,-0.92,Graduate,0,0.04926228314532911,Low
1,1,3,9670,1,1,134.0,1,14,11,0,0,128.4,1,0,0,0,1,0,19,0,0,5,5,0,0.0,0,0,4,4,0,0.0,0,7.6,2.6,0.32,Dropout,1,0.9859953965821401,High
1,39,1,9670,1,1,120.0,1,34,34,0,0,106.0,1,0,0,0,1,0,28,0,0,5,7,3,11.666666666666666,0,0,5,8,2,11.5,1,7.6,2.6,0.32,Dropout,1,0.9724246479733551,High
1,43,1,9147,1,1,141.0,1,37,37,9,9,130.2,0,0,0,1,1,0,24,0,10,15,16,15,13.466666666666669,1,10,14,14,14,13.642857142857142,0,9.4,-0.8,-3.12,Graduate,0,0.07483837797672316,Low
1,1,1,9130,1,1,133.0,1,3,1,2,4,126.0,0,0,0,1,1,0,18,0,0,5,7,3,13.666666666666666,0,0,5,5,5,13.2,0,7.6,2.6,0.32,Graduate,0,0.09456250715341236,Low
1,1,2,9119,1,1,149.0,1,38,38,5,5,141.0,0,0,0,1,1,0,18,0,0,5,9,2,11.666666666666666,0,0,5,9,2,12.5,2,7.6,2.6,0.32,Enrolled,0,0.46727450213445004,Medium
1,1,1,9773,1,1,121.0,1,1,3,3,7,113.0,1,0,0,1,1,1,18,0,0,6,7,6,11.666666666666666,0,0,6,12,5,10.2,0,12.4,0.5,1.79,Graduate,0,0.11301237752208063,Low
1,44,1,9003,1,39,120.0,1,4,1,2,8,120.0,0,0,0,1,1,0,21,0,0,6,9,5,13.4,0,0,6,9,5,12.4,0,8.9,1.4,3.51,Graduate,0,0.10756041323920475,Low
2,39,1,9991,0,1,148.0,1,19,37,9,5,130.9,0,0,0,0,1,0,28,0,0,5,5,0,0.0,0,0,5,6,0,0.0,0,12.4,0.5,1.79,Dropout,1,0.9885133917909932,High
1,39,1,9003,1,12,133.1,1,37,19,9,10,120.0,0,0,0,1,1,0,58,0,0,6,9,0,0.0,0,0,6,6,0,0.0,0,13.9,-0.3,0.79,Dropout,1,0.9844594173948773,High
2,39,1,9991,0,1,135.0,1,34,34,0,0,134.1,1,0,0,0,1,0,49,0,0,5,5,0,0.0,0,0,5,5,0,0.0,0,7.6,2.6,0.32,Dropout,1,0.992721730225057,High
1,39,1,9119,1,1,150.0,1,1,38,3,5,120.0,0,0,0,1,1,0,24,0,0,5,6,3,10.666666666666666,0,0,5,9,2,10.5,0,15.5,2.8,-4.06,Enrolled,0,0.35767736086077484,Medium
1,43,1,9670,1,1,130.0,1,34,34,0,0,114.8,0,0,0,1,1,0,25,0,0,5,5,4,13.75,0,0,5,5,4,14.75,0,7.6,2.6,0.32,Graduate,0,0.13966297812659964,Low
4,42,1,9147,1,1,133.1,1,37,38,7,3,123.0,1,0,0,1,1,0,33,0,0,5,5,1,10.0,0,0,5,5,0,0.0,0,7.6,2.6,0.32,Dropout,1,0.9091262173770532,High
2,39,2,9119,1,19,133.1,1,37,37,7,7,118.0,0,0,0,0,1,0,33,0,0,5,11,0,0.0,0,0,5,5,0,0.0,0,9.4,-0.8,-3.12,Dropout,1,0.9827219015842013,High
2,43,1,9853,1,1,110.0,1,37,37,7,7,100.0,0,0,0,1,1,0,40,0,0,2,4,1,16.0,0,0,4,5,4,15.5,0,13.9,-0.3,0.79,Graduate,0,0.2305648964123652,Low
2,39,1,9991,0,1,170.0,1,37,19,9,3,151.1,0,0,0,1,1,0,48,0,0,5,9,5,12.285714285714286,0,0,5,8,5,11.125,0,16.2,0.3,-0.92,Graduate,0,0.1636688387057269,Low
1,17,3,9119,1,1,120.0,1,1,19,9,3,116.9,1,0,1,0,1,0,18,0,0,5,10,3,12.0,0,0,5,8,3,10.333333333333334,0,8.9,1.4,3.51,Enrolled,0,0.34012224116644674,Medium
1,39,1,9500,1,19,133.1,1,38,38,9,8,106.0,1,0,0,1,1,0,24,0,0,7,7,6,12.666666666666666,1,0,7,7,6,12.666666666666666,1,7.6,2.6,0.32,Graduate,0,0.08872583161466452,Low
2,1,1,9085,1,1,139.0,1,19,19,192,144,127.1,0,0,0,1,1,1,23,0,0,5,6,5,11.8,0,0,5,7,4,13.25,1,10.8,1.4,1.74,Graduate,0,0.07367614613551883,Low
1,39,1,9991,0,19,133.1,1,19,37,7,5,155.5,1,0,1,0,1,0,39,0,0,5,6,5,10.6,0,0,5,7,5,14.666666666666666,0,10.8,1.4,1.74,Dropout,1,0.8640831663007043,High
1,18,1,9003,1,1,133.1,1,1,38,9,6,101.0,0,0,0,1,1,0,21,0,5,11,16,9,11.9,0,3,9,14,8,12.25,0,15.5,2.8,-4.06,Graduate,0,0.07336270459741889,Low
1,42,1,9119,1,6,120.0,1,35,35,6,6,128.2,1,0,0,1,1,0,34,0,4,6,8,4,11.25,0,1,5,8,2,10.5,0,7.6,2.6,0.32,Dropout,1,0.7741162305774568,High
2,39,1,9991,0,1,100.0,1,19,19,4,4,113.0,0,0,0,1,1,1,41,0,0,5,9,4,11.0,0,0,5,6,5,11.4,0,8.9,1.4,3.51,Enrolled,0,0.1269294293080239,Low
1,1,1,9773,1,1,134.0,1,1,38,4,5,122.8,0,0,0,1,1,0,18,0,0,6,6,6,12.0,0,0,6,6,6,12.5,0,12.7,3.7,-1.7,Graduate,0,0.06243604178937002,Low
2,39,1,9991,0,1,130.0,1,38,38,9,3,145.6,0,0,0,1,1,0,34,0,0,5,10,4,11.75,0,0,5,10,4,10.833333333333334,0,13.9,-0.3,0.79,Enrolled,0,0.24437471462749813,Low
1,1,1,9147,1,1,128.0,1,1,1,2,10,116.5,0,0,0,1,1,0,19,0,0,5,8,2,10.0,0,0,5,8,1,16.0,0,7.6,2.6,0.32,Dropout,1,0.8587036954401384,High
1,1,1,9500,1,1,154.0,1,19,19,3,3,142.0,0,0,0,1,1,0,19,0,0,8,8,7,13.714285714285714,0,0,8,8,7,13.714285714285714,0,12.7,3.7,-1.7,Graduate,0,0.04817085405255925,Low
1,7,1,9003,1,4,150.0,1,1,1,4,6,150.0,0,0,0,1,1,0,28,0,0,6,14,6,14.875,0,0,6,12,6,15.8,0,16.2,0.3,-0.92,Graduate,0,0.23485173783986824,Low
1,17,1,9070,1,1,134.0,1,1,1,5,0,133.3,1,0,0,1,1,0,18,0,0,6,7,5,10.8,1,0,6,6,0,0.0,0,7.6,2.6,0.32,Dropout,1,0.8584489629912279,High
1,1,1,9238,1,1,127.0,1,2,2,3,4,115.8,1,0,0,1,1,0,19,0,0,6,11,3,12.0,0,0,6,12,2,10.0,0,11.1,0.6,2.02,Dropout,1,0.9142390165741545,High
1,17,2,9085,1,1,133.1,1,19,38,9,1,100.0,1,0,1,0,1,0,19,0,0,6,10,5,12.5,0,0,6,19,2,13.5,0,12.4,0.5,1.79,Dropout,1,0.8599650808065988,High
1,17,1,9500,1,1,130.0,1,1,3,9,2,128.6,1,0,0,1,0,0,18,0,0,7,7,7,14.728571428571428,0,0,8,11,8,16.327272727272728,0,16.2,0.3,-0.92,Graduate,0,0.07265272856233633,Low
1,1,1,9130,1,1,135.0,1,3,3,2,2,137.1,1,0,0,1,0,0,18,0,0,6,8,6,12.0,0,0,6,8,5,14.8,0,12.4,0.5,1.79,Graduate,0,0.0985405313510668,Low
1,1,1,9773,1,1,143.0,1,1,3,3,3,149.0,1,0,0,1,0,0,18,0,0,6,8,6,11.428571428571429,0,0,6,7,6,11.0,0,11.1,0.6,2.02,Dropout,1,0.4537913980887551,Medium
1,44,2,9238,1,39,150.0,1,3,19,4,9,147.0,1,0,0,1,0,0,19,0,3,6,6,6,14.166666666666666,0,2,6,6,6,13.5,0,12.4,0.5,1.79,Graduate,0,0.06942698000557516,Low
2,7,1,9238,1,3,150.0,1,37,37,191,192,150.0,0,0,0,1,0,0,31,0,1,6,12,5,12.5,0,0,6,10,5,14.6,0,12.7,3.7,-1.7,Graduate,0,0.1722988373182227,Low
1,39,1,8014,0,1,130.0,1,37,37,9,8,103.5,0,0,0,1,0,1,33,0,0,6,6,6,14.166666666666666,0,0,6,6,6,14.333333333333334,0,12.7,3.7,-1.7,Graduate,0,0.01736886992063986,Low
1,1,3,9500,1,1,113.0,1,3,1,134,135,107.8,1,0,0,1,0,1,20,0,0,7,10,5,14.46,0,0,7,8,6,13.55,0,12.4,0.5,1.79,Enrolled,0,0.04118244091523486,Low
1,44,1,9085,1,39,130.0,6,19,1,6,4,130.0,1,0,0,1,0,0,22,1,0,6,12,5,12.8,0,0,6,19,2,11.5,0,12.4,0.5,1.79,Enrolled,0,0.1972959464165341,Low
1,17,1,9254,1,1,115.0,1,1,19,3,3,109.4,1,0,0,1,0,0,19,0,0,6,8,6,12.666666666666666,0,0,6,8,5,13.4,0,11.1,0.6,2.02,Graduate,0,0.07526337828169687,Low
1,1,3,9070,1,1,146.0,1,34,34,0,0,143.6,1,0,0,1,0,0,18,0,0,6,6,6,12.5,0,0,6,6,6,13.0,0,7.6,2.6,0.32,Dropout,1,0.4583190748999084,Medium
1,17,3,9070,1,1,132.0,1,38,1,5,5,124.3,0,1,0,1,0,0,18,0,0,6,0,0,0.0,0,0,6,0,0,0.0,0,15.5,2.8,-4.06,Dropout,1,0.9713799945066275,High
1,1,5,9670,1,1,116.0,1,19,38,9,9,119.5,1,0,0,0,0,0,18,0,0,6,0,0,0.0,0,0,6,0,0,0.0,0,8.9,1.4,3.51,Dropout,1,0.9832561621009733,High
1,1,1,171,1,1,163.0,1,3,4,2,5,175.6,1,0,0,1,0,0,18,0,0,0,0,0,0.0,0,0,0,0,0,0.0,0,11.1,0.6,2.02,Graduate,0,0.14684177075316984,Low
1,17,2,9147,1,1,122.0,1,19,19,7,7,116.1,1,0,0,1,0,1,19,0,0,5,8,5,11.2,0,0,5,5,3,11.0,0,12.4,0.5,1.79,Graduate,0,0.23128012801367556,Low
1,17,2,9238,1,1,136.0,1,1,3,3,4,126.6,1,0,0,1,0,0,18,0,0,6,6,6,16.5,0,0,6,7,6,17.428571428571427,0,11.1,0.6,2.02,Dropout,1,0.49127296772520385,Medium
1,17,1,9085,1,1,142.0,1,3,19,5,5,130.8,1,0,0,1,0,0,18,0,0,5,9,3,13.666666666666666,1,0,5,5,5,12.0,0,12.7,3.7,-1.7,Graduate,0,0.0689334033442003,Low
1,17,6,9500,1,1,139.0,1,37,37,9,6,133.5,1,0,0,1,0,1,18,0,0,8,8,7,15.228571428571428,0,0,8,8,7,15.228571428571428,0,12.7,3.7,-1.7,Graduate,0,0.030321058348000012,Low
1,53,1,9238,1,42,140.0,1,37,37,9,10,136.9,1,0,0,1,0,0,21,0,5,9,10,9,12.77777777777778,0,4,9,9,9,13.22222222222222,0,8.9,1.4,3.51,Graduate,0,0.0543389113294868,Low
1,1,1,9500,1,1,165.0,1,19,37,5,5,142.3,0,0,0,1,0,1,18,0,0,8,8,7,14.428571428571429,0,0,8,8,7,14.428571428571429,0,12.7,3.7,-1.7,Graduate,0,0.01096592088229432,Low
1,17,3,9670,1,1,122.0,1,1,38,3,3,114.3,1,0,0,1,0,0,18,0,0,6,8,6,13.875,0,0,6,7,6,13.714285714285714,0,11.1,0.6,2.02,Graduate,0,0.06533970550840461,Low
1,1,2,9500,1,1,135.0,1,19,19,9,10,122.9,1,0,0,1,0,0,18,0,0,7,10,7,13.128,0,0,8,13,6,13.193333333333332,0,15.5,2.8,-4.06,Graduate,0,0.048855340657505714,Low
1,17,1,9500,1,1,128.0,1,19,1,4,3,117.2,1,0,0,1,0,0,20,0,0,7,9,6,11.605,0,0,8,10,7,12.4125,0,16.2,0.3,-0.92,Graduate,0,0.08028399180087968,Low
1,17,1,9147,1,1,139.0,1,1,38,4,5,152.0,0,0,0,1,0,1,18,0,0,5,5,5,14.6,0,0,5,8,5,12.0,0,12.7,3.7,-1.7,Graduate,0,0.040329333950305996,Low
1,1,2,9773,1,1,125.0,1,19,1,4,5,122.2,1,0,0,1,0,0,18,0,0,6,0,0,0.0,0,0,6,0,0,0.0,0,11.1,0.6,2.02,Dropout,1,0.9758929016295709,High
1,18,2,9147,1,1,102.0,1,37,38,191,143,101.7,1,0,0,1,0,1,20,0,0,5,6,5,11.8,0,0,5,6,5,11.6,0,8.9,1.4,3.51,Graduate,0,0.04301434130234491,Low
1,17,1,9254,1,1,116.0,1,19,19,9,8,119.9,1,0,0,1,0,0,20,0,0,6,6,6,12.333333333333334,0,0,6,6,6,12.333333333333334,0,12.4,0.5,1.79,Graduate,0,0.03219862045493335,Low
1,17,1,9147,1,1,138.0,1,37,1,9,9,123.7,1,0,1,1,0,1,19,0,0,5,5,4,11.0,0,0,5,5,0,0.0,0,11.1,0.6,2.02,Dropout,1,0.9267716034030076,High
1,51,1,9070,1,1,135.0,1,3,1,3,5,121.8,0,0,0,1,0,1,19,0,5,11,11,11,13.181818181818182,0,5,11,11,11,12.909090909090908,0,11.1,0.6,2.02,Graduate,0,0.046256286336733426,Low
1,17,4,9670,1,1,110.0,1,19,37,9,99,106.1,1,1,1,0,0,1,18,0,0,6,6,1,11.0,0,0,6,0,0,0.0,0,12.7,3.7,-1.7,Dropout,1,0.9487585918730751,High
1,17,3,9773,1,1,132.0,1,1,1,4,9,124.3,1,0,1,1,0,1,19,0,0,6,6,6,11.833333333333334,0,0,6,7,6,12.285714285714286,0,15.5,2.8,-4.06,Graduate,0,0.13914537264955668,Low
1,1,2,9500,1,1,126.0,1,1,38,4,7,124.3,1,0,0,1,0,1,20,0,0,8,8,8,12.98125,0,0,8,8,8,12.98125,0,9.4,-0.8,-3.12,Graduate,0,0.028363015450442775,Low
1,44,1,9147,1,39,117.4,1,19,1,4,9,117.4,1,0,0,1,0,0,21,0,4,7,10,6,11.333333333333334,0,1,5,6,5,11.2,0,11.1,0.6,2.02,Graduate,0,0.11832156246436168,Low
1,43,2,9500,1,1,120.0,1,41,3,2,2,112.7,0,0,0,1,0,0,21,0,0,8,12,6,11.68,0,0,8,12,6,11.68,0,10.8,1.4,1.74,Graduate,0,0.13296652176203735,Low
1,17,1,9070,1,1,116.0,1,38,38,9,9,123.7,0,0,0,1,0,0,20,0,0,6,6,6,14.5,0,0,6,7,6,13.5,0,11.1,0.6,2.02,Graduate,0,0.03417212465727459,Low
1,18,2,9853,1,1,111.0,1,38,38,191,171,105.8,1,0,0,1,0,0,19,0,0,7,7,7,13.142857142857142,0,0,7,8,7,12.857142857142858,0,8.9,1.4,3.51,Graduate,0,0.04771033509771135,Low
1,17,3,9085,1,1,128.0,1,1,19,4,90,124.2,0,0,0,0,0,0,21,0,0,5,8,2,11.5,0,0,5,7,2,10.5,0,7.6,2.6,0.32,Dropout,1,0.9042243892284386,High
1,1,1,9085,1,1,123.0,1,30,19,4,90,122.3,0,0,0,1,0,0,18,0,0,5,6,5,14.2,0,0,5,7,5,11.8,0,7.6,2.6,0.32,Graduate,0,0.039185974646008745,Low
1,1,5,9254,1,1,131.0,1,19,37,9,9,123.7,0,0,0,1,0,1,19,0,0,6,8,5,11.666666666666666,0,0,6,7,5,12.2,0,8.9,1.4,3.51,Graduate,0,0.07923908504604196,Low
1,17,2,9500,1,1,135.0,1,19,19,9,4,129.8,1,0,0,1,0,0,18,0,0,7,8,7,13.175,0,0,8,8,8,14.875,0,13.9,-0.3,0.79,Graduate,0,0.0677714821707275,Low
1,1,4,9500,1,1,136.0,1,1,1,9,9,123.8,1,0,0,1,0,1,19,0,0,8,8,7,13.314285714285717,0,0,8,8,7,13.314285714285717,0,12.7,3.7,-1.7,Graduate,0,0.02944272924889222,Low
1,1,2,9147,1,1,132.0,1,1,19,4,3,126.4,1,0,0,1,0,1,18,0,0,5,13,3,10.6,0,0,5,12,3,10.5,0,13.9,-0.3,0.79,Graduate,0,0.16059402989279947,Low
1,1,1,9853,1,1,120.0,1,19,37,5,7,115.1,0,0,0,1,0,1,18,0,0,6,11,4,12.0,0,0,6,8,4,10.75,0,15.5,2.8,-4.06,Enrolled,0,0.3094963964491529,Medium
1,1,1,9773,1,1,144.0,1,37,37,8,8,138.4,0,0,0,1,0,0,18,0,0,6,7,6,13.428571428571429,0,0,6,7,6,14.142857142857142,0,13.9,-0.3,0.79,Graduate,0,0.06714520432198712,Low
1,17,1,9085,1,1,129.0,1,1,37,9,9,118.2,1,0,0,1,0,1,18,0,0,5,7,4,13.25,0,0,5,8,5,15.571428571428571,0,10.8,1.4,1.74,Graduate,0,0.022665184150956145,Low
1,17,1,9070,1,1,136.0,1,38,19,7,7,121.7,1,0,0,1,0,0,18,0,0,6,6,2,13.0,0,0,6,6,0,0.0,0,12.4,0.5,1.79,Dropout,1,0.9616696423128087,High
1,1,3,9070,1,1,125.0,1,1,38,9,7,118.0,0,0,0,1,0,1,18,0,0,6,6,6,14.333333333333334,0,0,6,7,6,14.0,0,11.1,0.6,2.02,Enrolled,0,0.027059156605716003,Low
1,17,1,9238,1,1,125.0,1,1,38,9,7,119.8,0,0,0,1,0,0,18,0,0,6,0,0,0.0,0,0,6,0,0,0.0,0,11.1,0.6,2.02,Dropout,1,0.9834425053175282,High
1,1,1,9238,1,1,154.0,1,1,3,4,2,164.9,0,0,0,1,0,0,18,0,0,6,6,6,14.0,0,0,6,6,6,13.166666666666666,0,10.8,1.4,1.74,Graduate,0,0.06274499513146686,Low
1,42,1,9085,1,1,100.0,1,1,38,4,9,100.0,1,0,0,1,0,1,20,0,1,2,2,2,12.0,0,1,6,11,6,12.833333333333334,0,13.9,-0.3,0.79,Graduate,0,0.11060422381241403,Low
1,1,1,9853,1,1,124.0,1,3,1,2,5,121.6,0,0,0,1,0,0,18,0,0,6,9,5,12.333333333333334,0,0,6,10,5,10.6,0,15.5,2.8,-4.06,Enrolled,0,0.14699465646441034,Low
1,17,4,9070,1,1,126.0,1,1,19,4,5,120.4,1,0,0,1,0,0,18,0,0,6,8,5,11.8,0,0,6,7,5,10.4,1,16.2,0.3,-0.92,Graduate,0,0.12495859781150816,Low
1,18,6,9500,1,1,124.0,1,37,37,9,7,117.8,0,0,0,1,0,1,20,0,0,8,8,7,12.791428571428572,1,0,8,8,7,12.791428571428572,1,10.8,1.4,1.74,Graduate,0,0.22821892390788037,Low
4,43,1,9670,1,1,150.0,1,37,37,9,6,110.0,0,0,0,1,0,0,40,0,4,8,8,8,11.625,0,3,7,12,5,11.2,0,9.4,-0.8,-3.12,Graduate,0,0.18880652239042958,Low
1,1,6,9500,1,1,133.0,1,38,38,9,9,128.8,1,0,0,1,0,1,18,0,0,7,11,6,11.994444444444444,0,0,8,11,7,12.43142857142857,0,15.5,2.8,-4.06,Graduate,0,0.04399558628721692,Low
1,1,5,9254,1,1,126.0,1,19,19,4,7,116.6,1,0,0,1,0,0,19,0,0,6,9,5,11.6,0,0,6,12,5,12.2,0,13.9,-0.3,0.79,Graduate,0,0.0865477755151515,Low
1,7,1,9991,0,40,120.0,1,1,19,4,9,120.0,0,0,0,1,0,0,24,0,0,5,5,0,0.0,0,0,5,6,0,0.0,0,12.4,0.5,1.79,Dropout,1,0.9814386620294803,High
1,1,3,9773,1,1,175.0,1,3,38,2,10,157.5,1,0,0,1,0,0,19,0,0,6,8,6,13.166666666666666,0,0,6,7,6,13.166666666666666,0,10.8,1.4,1.74,Dropout,1,0.4279245719879985,Medium
1,1,6,9500,1,1,141.0,1,2,1,4,4,136.3,1,0,0,1,0,0,19,0,0,8,8,7,14.1,0,0,8,8,7,14.1,0,10.8,1.4,1.74,Graduate,0,0.053706571914201064,Low
1,1,1,9500,1,1,133.0,1,1,19,9,6,121.5,1,0,0,1,0,1,20,0,0,7,8,6,12.396666666666668,0,0,8,9,7,12.94285714285714,0,11.1,0.6,2.02,Graduate,0,0.03143112026771751,Low
1,1,1,9500,1,1,143.0,1,38,38,5,5,133.9,0,0,0,1,0,0,18,0,0,7,7,7,15.014285714285714,0,0,8,8,8,16.0875,0,12.4,0.5,1.79,Graduate,0,0.03476898727876924,Low
1,1,1,171,1,1,141.0,1,1,38,4,8,136.8,1,0,0,1,0,1,18,0,0,0,0,0,0.0,0,0,0,0,0,0.0,0,13.9,-0.3,0.79,Graduate,0,0.12032022487746592,Low
1,17,2,9500,1,1,134.0,1,19,37,4,7,133.5,1,0,0,1,0,0,19,0,0,7,8,7,14.05,0,0,8,8,8,15.1,0,13.9,-0.3,0.79,Graduate,0,0.06463274979270958,Low
1,17,3,9500,1,1,138.0,1,3,3,4,5,130.0,1,0,0,1,0,0,18,0,0,7,8,7,14.85,0,0,8,8,8,15.2,0,13.9,-0.3,0.79,Dropout,1,0.22568980096732347,Low
1,44,1,9085,1,39,140.0,1,3,3,2,2,140.0,1,0,0,1,0,0,19,0,0,6,10,6,13.0,0,0,6,19,5,13.0,0,12.4,0.5,1.79,Graduate,0,0.0713279375866729,Low
1,1,2,9500,1,1,142.0,1,37,37,9,7,132.7,1,0,0,1,0,1,19,0,0,7,8,7,14.7875,0,0,8,8,8,15.8625,0,13.9,-0.3,0.79,Graduate,0,0.03582075330484212,Low
1,1,1,9500,1,1,118.0,1,19,19,5,7,117.8,0,0,0,1,0,1,19,0,0,7,7,7,13.7,0,0,8,9,7,14.671428571428574,0,12.4,0.5,1.79,Graduate,0,0.02504887652181535,Low
1,1,2,9500,1,1,131.0,1,1,37,4,4,126.1,1,0,0,1,0,1,19,0,0,7,7,7,12.495714285714286,0,0,8,9,7,12.242857142857144,0,11.1,0.6,2.02,Dropout,1,0.042487430278999254,Low
1,1,1,9500,1,1,130.0,1,1,38,1,7,120.0,0,0,0,1,0,0,19,0,0,7,7,6,14.566666666666668,0,0,7,7,6,14.566666666666668,0,7.6,2.6,0.32,Graduate,0,0.02236806378700996,Low
1,39,1,9670,1,12,133.1,1,1,19,1,5,100.0,1,0,1,0,0,0,25,0,0,5,5,5,11.2,0,0,5,5,4,11.25,0,9.4,-0.8,-3.12,Dropout,1,0.9059898113166791,High
1,1,1,9500,1,1,130.0,1,19,19,4,10,116.8,0,0,0,1,0,0,20,0,0,8,8,7,12.685714285714283,0,0,8,8,7,12.685714285714283,0,12.7,3.7,-1.7,Graduate,0,0.02661978449954972,Low
1,53,1,9238,1,42,130.0,1,1,19,5,5,128.3,0,0,1,0,0,0,23,0,5,9,12,7,13.571428571428571,0,4,9,14,4,13.25,0,8.9,1.4,3.51,Dropout,1,0.873630666932238,High
1,1,1,9070,1,1,133.1,1,19,19,7,7,117.0,0,0,0,1,0,0,20,0,0,6,0,0,0.0,0,0,6,0,0,0.0,0,15.5,2.8,-4.06,Dropout,1,0.9905799316996818,High
1,39,1,8014,0,1,130.0,1,37,11,9,10,131.5,0,0,0,1,0,0,27,0,0,6,8,5,11.0,0,0,6,7,6,11.166666666666666,0,11.1,0.6,2.02,Graduate,0,0.06772631013617791,Low
1,1,1,9500,1,1,149.0,1,19,1,4,4,134.8,0,0,0,1,0,0,18,0,0,8,8,8,14.445,0,0,8,8,8,14.445,0,9.4,-0.8,-3.12,Graduate,0,0.03465035308690649,Low
1,1,1,9853,1,1,163.0,1,19,1,5,10,146.6,1,0,1,1,0,0,18,0,0,6,9,5,13.6,0,0,6,10,4,11.75,0,9.4,-0.8,-3.12,Enrolled,0,0.2608918946008601,Low
1,7,1,8014,0,40,130.0,1,19,1,5,10,130.0,1,0,1,0,0,0,23,0,7,12,12,11,14.0,0,4,10,11,8,14.625,0,13.9,-0.3,0.79,Dropout,1,0.7691337548979144,High
1,1,6,9500,1,1,145.0,1,38,37,5,6,127.5,1,0,0,1,0,1,19,0,0,7,7,6,13.416666666666666,0,0,7,7,6,13.416666666666666,0,7.6,2.6,0.32,Graduate,0,0.029863825179775205,Low
1,1,1,9147,1,1,130.0,1,37,38,3,3,123.0,0,0,0,1,0,0,18,0,0,5,8,5,12.333333333333334,2,0,5,7,5,11.4,0,15.5,2.8,-4.06,Graduate,0,0.07014726747655084,Low
1,43,1,9500,1,1,128.0,1,1,19,9,8,100.0,1,0,0,1,0,0,20,0,0,7,8,7,13.1,0,0,8,8,8,14.8125,0,13.9,-0.3,0.79,Graduate,0,0.04948457569085105,Low
1,1,2,9670,1,1,111.0,1,19,19,9,9,114.2,1,0,0,1,0,0,18,0,0,6,9,4,13.2,0,0,6,10,5,12.8,0,12.4,0.5,1.79,Graduate,0,0.10773236023370257,Low
1,1,1,9500,1,1,140.0,1,1,1,4,4,123.5,1,0,0,1,0,1,19,0,0,8,8,8,14.75,0,0,8,8,8,14.75,0,9.4,-0.8,-3.12,Graduate,0,0.022645787674243946,Low
1,44,1,9238,1,39,140.0,1,19,19,8,8,144.3,1,0,0,1,0,1,19,0,3,6,7,6,13.142857142857142,0,2,6,6,6,14.333333333333334,0,12.4,0.5,1.79,Graduate,0,0.04667052801987611,Low
1,1,1,9853,1,1,145.0,1,38,37,5,5,142.2,0,0,0,1,0,0,19,0,0,6,9,4,12.5,0,0,6,9,5,12.5,0,9.4,-0.8,-3.12,Enrolled,0,0.19360210117181387,Low
1,1,1,9085,1,1,151.0,1,3,3,1,90,161.9,0,0,0,1,0,0,18,0,0,5,6,4,13.75,0,0,5,8,5,14.857142857142858,0,7.6,2.6,0.32,Graduate,0,0.060371821754997654,Low
1,1,1,9238,1,1,132.0,1,37,37,9,5,135.9,0,0,0,1,0,0,18,0,0,6,11,5,12.4,0,0,6,7,6,13.0,0,9.4,-0.8,-3.12,Graduate,0,0.048391490618094064,Low
1,1,2,9773,1,1,116.0,1,19,19,4,7,110.1,1,0,0,1,0,0,18,0,0,6,6,6,13.333333333333334,0,0,6,6,6,12.0,0,11.1,0.6,2.02,Graduate,0,0.08020141181303501,Low
1,2,1,9853,1,1,120.0,1,19,38,9,9,122.5,0,0,0,0,0,0,28,0,11,11,11,11,11.727272727272728,0,8,8,8,8,12.0,0,15.5,2.8,-4.06,Dropout,1,0.8931213972042688,High
1,17,1,9254,1,1,158.0,1,37,37,5,9,138.1,1,0,0,1,0,0,19,0,0,6,8,4,12.5,0,0,6,11,1,14.0,0,7.6,2.6,0.32,Dropout,1,0.8452709283477048,High
1,43,1,171,1,1,116.0,1,3,1,2,3,117.3,1,0,1,1,0,0,20,0,0,0,0,0,0.0,0,0,0,0,0,0.0,0,13.9,-0.3,0.79,Dropout,1,0.8097008280325195,High
1,1,2,9500,1,1,112.0,1,1,37,4,9,106.8,1,0,0,1,0,1,19,0,0,7,8,6,13.533333333333331,0,0,8,9,7,13.614285714285714,0,12.4,0.5,1.79,Graduate,0,0.04224333580876312,Low
1,1,1,9070,1,1,126.0,1,1,19,4,0,120.1,0,1,0,1,0,1,20,0,0,6,6,6,13.166666666666666,0,0,6,6,6,12.666666666666666,0,11.1,0.6,2.02,Graduate,0,0.04993847909078363,Low
1,1,2,9254,1,1,120.0,1,19,19,9,9,116.5,1,0,0,1,0,1,19,0,0,6,9,5,13.2,0,0,6,8,5,11.0,0,12.4,0.5,1.79,Graduate,0,0.11230107063745329,Low
1,51,1,9070,1,1,117.0,1,5,1,2,10,120.0,1,0,0,1,0,0,21,0,0,6,7,5,12.2,0,0,6,7,4,12.6,0,8.9,1.4,3.51,Enrolled,0,0.1388150308795854,Low
1,1,1,9853,1,1,153.0,1,1,19,9,4,139.7,1,0,0,1,0,1,19,0,0,7,7,7,13.428571428571429,0,0,7,7,7,14.857142857142858,0,11.1,0.6,2.02,Graduate,0,0.06784587517183001,Low
1,1,2,9070,1,1,124.0,1,19,1,9,3,123.7,1,0,0,1,0,1,18,0,1,6,8,6,12.714285714285714,1,0,6,8,6,12.625,0,13.9,-0.3,0.79,Graduate,0,0.09293832691425831,Low
1,17,2,9130,1,1,127.0,1,3,1,2,1,116.5,0,0,0,1,0,0,19,0,0,6,0,0,0.0,0,0,6,0,0,0.0,0,15.5,2.8,-4.06,Dropout,1,0.9913719395373135,High
1,17,1,9670,1,1,126.0,1,12,38,9,5,122.2,0,0,0,1,0,1,19,0,0,6,6,6,13.666666666666666,0,0,6,9,6,13.666666666666666,0,8.9,1.4,3.51,Graduate,0,0.06781660953848818,Low
1,1,1,9773,1,1,133.1,1,38,19,132,103,146.0,0,0,1,1,0,0,20,0,0,6,6,5,11.0,0,0,6,6,6,13.166666666666666,0,16.2,0.3,-0.92,Graduate,0,0.13127206404972128,Low
1,17,2,9853,1,1,114.0,1,1,1,4,0,108.8,1,0,0,1,0,0,18,0,0,7,11,5,11.4,0,0,7,9,6,13.333333333333334,0,13.9,-0.3,0.79,Enrolled,0,0.2609651994079823,Low
1,43,1,171,1,1,133.0,1,19,19,5,7,133.0,0,0,0,1,0,0,18,0,0,0,0,0,0.0,0,0,0,0,0,0.0,0,15.5,2.8,-4.06,Enrolled,0,0.2389474708858812,Low
1,17,1,9130,1,1,130.0,1,1,1,4,5,123.8,0,0,0,1,0,0,18,0,0,5,7,4,12.0,0,0,5,6,5,12.0,0,7.6,2.6,0.32,Graduate,0,0.0565561294381409,Low
1,17,3,9773,1,1,127.0,1,19,19,5,8,120.0,0,0,0,1,0,0,18,0,0,6,6,0,0.0,0,0,6,0,0,0.0,0,8.9,1.4,3.51,Dropout,1,0.9882425788534965,High
1,17,3,9238,1,1,143.0,1,37,38,0,7,126.9,1,0,0,1,0,0,18,0,0,6,14,5,11.0,0,0,6,6,6,11.666666666666666,0,7.6,2.6,0.32,Graduate,0,0.12861643756707225,Low
1,18,4,9773,1,1,130.0,1,19,19,4,4,121.3,1,0,0,1,0,0,20,0,0,6,12,5,12.0,0,0,6,8,6,11.571428571428571,0,15.5,2.8,-4.06,Dropout,1,0.38519893741341144,Medium
1,17,3,9500,1,1,136.0,1,19,1,9,9,129.0,1,0,0,1,0,1,19,0,0,7,7,7,13.308571428571428,0,0,8,10,8,12.55,0,12.4,0.5,1.79,Graduate,0,0.06494846097987952,Low
1,1,1,9853,1,1,125.0,1,37,37,9,9,114.9,1,0,1,0,0,0,21,0,0,6,8,3,13.666666666666666,0,0,6,7,3,10.666666666666666,0,15.5,2.8,-4.06,Dropout,1,0.9687671737231445,High
1,17,1,9670,1,3,110.0,1,12,3,5,8,106.5,1,0,1,0,0,0,20,0,0,6,6,0,0.0,0,0,6,9,0,0.0,0,10.8,1.4,1.74,Dropout,1,0.9909317977172901,High
1,1,1,9254,1,1,130.0,1,37,38,9,9,133.9,1,0,0,1,0,0,18,0,0,6,10,5,12.2,0,0,6,8,4,11.25,0,9.4,-0.8,-3.12,Graduate,0,0.10470575552837462,Low
1,1,1,9773,1,1,135.0,1,1,4,5,3,124.9,0,0,0,1,0,1,20,0,0,6,7,6,12.666666666666666,0,0,6,6,6,12.833333333333334,0,10.8,1.4,1.74,Graduate,0,0.08888779711374555,Low
1,1,2,9500,1,1,133.0,1,19,37,1,9,128.5,1,0,0,1,0,1,19,0,0,8,8,8,14.07125,0,0,8,8,8,14.07125,0,9.4,-0.8,-3.12,Graduate,0,0.029524829712527765,Low
1,1,1,9085,1,6,122.0,1,19,19,9,9,126.2,1,0,0,1,0,0,22,0,0,5,14,4,14.25,3,0,5,9,5,13.2,4,9.4,-0.8,-3.12,Dropout,1,0.2601991105912116,Low
1,17,1,9130,1,1,122.0,1,19,19,9,9,121.7,1,0,0,0,0,0,22,0,0,6,0,0,0.0,0,0,2,2,0,0.0,2,9.4,-0.8,-3.12,Dropout,1,0.9780902206096774,High
1,1,2,9853,1,1,121.0,1,38,38,7,5,120.0,1,0,0,1,0,0,18,0,0,6,10,3,12.0,0,0,6,8,4,10.25,0,10.8,1.4,1.74,Enrolled,0,0.25545178069273,Low
1,43,1,9147,1,1,123.0,1,3,19,9,9,113.2,0,0,0,1,0,0,21,0,3,10,18,6,11.166666666666666,2,4,10,16,7,10.571428571428571,0,7.6,2.6,0.32,Enrolled,0,0.28396450219706076,Low
1,1,1,9238,1,1,128.0,1,19,19,0,5,120.3,1,0,0,1,0,0,19,0,0,6,12,2,13.0,0,0,6,8,5,11.6,0,7.6,2.6,0.32,Graduate,0,0.10007415398765153,Low
1,1,4,171,1,1,139.0,1,37,38,9,9,127.8,1,0,0,1,0,0,19,0,0,0,0,0,0.0,0,0,0,0,0,0.0,0,10.8,1.4,1.74,Dropout,1,0.505258434511678,Medium
1,1,2,9500,1,1,124.0,1,34,34,0,0,123.3,1,0,0,1,0,1,20,0,0,8,8,7,14.901428571428571,1,0,8,8,7,14.901428571428571,1,9.4,-0.8,-3.12,Dropout,1,0.7186259974301642,High
1,1,3,9500,1,1,135.0,1,38,19,8,8,126.3,1,0,1,1,0,1,18,0,0,7,8,7,12.65,0,0,8,9,8,12.445555555555554,0,15.5,2.8,-4.06,Graduate,0,0.06427421342678054,Low
1,51,1,9991,0,42,110.0,1,19,37,5,9,128.2,0,0,0,0,0,0,22,0,7,12,12,7,11.0,0,5,5,5,5,10.6,0,8.9,1.4,3.51,Dropout,1,0.8929471235956743,High
1,17,4,9085,1,1,138.0,1,19,36,90,7,134.9,1,0,0,1,0,0,20,0,0,5,7,4,12.4,0,0,5,9,5,12.666666666666666,0,7.6,2.6,0.32,Graduate,0,0.05674886422592433,Low
1,44,1,9003,1,39,140.0,1,38,38,6,6,140.0,0,0,0,1,0,0,19,0,0,6,7,6,12.0,0,0,6,7,6,12.666666666666666,0,12.4,0.5,1.79,Graduate,0,0.03451601759491383,Low
1,1,5,9500,1,1,126.0,1,1,19,6,7,115.5,1,0,0,1,0,1,19,0,0,7,8,7,12.135714285714286,0,0,8,10,7,13.328571428571427,0,12.4,0.5,1.79,Graduate,0,0.029857712251609603,Low
1,1,2,9500,1,1,113.0,1,38,19,9,7,106.7,1,0,0,1,0,1,20,0,0,7,10,5,12.62,0,0,7,8,6,12.5,0,11.1,0.6,2.02,Enrolled,0,0.024207716168385927,Low
1,39,1,9991,0,1,120.0,1,38,38,3,3,140.0,0,0,0,1,0,0,25,0,0,5,11,3,10.666666666666666,0,0,5,11,3,11.333333333333334,0,15.5,2.8,-4.06,Enrolled,0,0.5676155065261087,Medium
1,1,1,9500,1,1,145.0,1,19,19,9,7,136.6,0,0,0,1,0,1,19,0,0,7,12,6,13.766666666666666,0,0,8,10,7,14.051428571428572,0,15.5,2.8,-4.06,Graduate,0,0.03411247950346944,Low
1,18,1,9500,1,1,124.0,1,38,37,9,7,119.3,1,0,0,1,0,0,19,0,0,8,8,8,13.11625,0,0,8,8,8,13.11625,0,9.4,-0.8,-3.12,Graduate,0,0.02872597705497976,Low
1,1,1,9070,1,1,160.0,1,3,38,1,9,152.0,1,0,0,0,0,0,19,0,0,5,5,0,0.0,0,0,6,0,0,0.0,0,10.8,1.4,1.74,Dropout,1,0.9473483493864715,High
1,1,1,9500,1,1,138.0,1,38,19,9,5,144.3,0,0,0,1,0,0,20,0,0,7,9,6,12.7,0,0,8,8,7,13.571428571428571,0,13.9,-0.3,0.79,Graduate,0,0.04927463110940517,Low
1,39,2,9556,1,1,130.0,1,37,37,9,9,159.0,1,0,0,1,0,0,25,0,0,7,11,7,11.857142857142858,0,0,8,21,5,11.7,0,12.4,0.5,1.79,Enrolled,0,0.2638604605601876,Low
1,17,1,9500,1,1,127.0,1,19,38,5,9,129.5,1,0,0,1,0,1,20,0,0,7,7,6,12.333333333333334,0,0,7,7,6,12.333333333333334,0,7.6,2.6,0.32,Graduate,0,0.020494818725388827,Low
1,39,1,9238,1,1,170.0,1,38,19,9,9,140.0,1,0,0,1,0,0,24,0,0,6,9,4,15.75,0,0,6,10,5,16.4,0,9.4,-0.8,-3.12,Enrolled,0,0.2872674561457078,Low
1,1,3,9670,1,1,111.0,1,1,1,5,5,105.4,0,0,0,1,0,0,20,0,0,5,6,5,13.333333333333334,0,0,5,6,5,13.2,0,7.6,2.6,0.32,Graduate,0,0.049169698269679825,Low
1,42,1,9500,1,1,100.0,1,1,19,4,8,136.0,1,0,0,1,0,0,21,0,4,7,9,7,14.355555555555554,0,5,8,8,8,13.49375,0,15.5,2.8,-4.06,Graduate,0,0.06868744505374426,Low
1,44,1,9003,1,39,160.0,1,37,38,9,9,160.0,0,0,1,1,0,1,19,0,0,6,8,6,13.0,0,0,6,11,5,13.0,0,15.5,2.8,-4.06,Graduate,0,0.08934578625773267,Low
1,1,1,9773,1,1,152.0,1,38,37,9,9,139.1,0,0,0,1,0,1,19,0,0,6,6,6,12.833333333333334,0,0,6,6,6,13.5,0,16.2,0.3,-0.92,Graduate,0,0.040066266920621166,Low
1,1,2,9670,1,1,144.0,1,37,38,9,9,126.9,0,0,0,1,0,1,21,0,0,5,5,5,13.2,0,0,5,5,4,13.0,0,9.4,-0.8,-3.12,Graduate,0,0.06068691569717644,Low
1,39,1,9500,1,3,133.8,1,3,37,2,10,184.0,0,0,0,1,0,0,28,0,0,7,9,7,17.005555555555556,0,1,8,9,8,16.582222222222224,0,15.5,2.8,-4.06,Graduate,0,0.12624072012939783,Low
1,1,1,9238,1,1,125.0,1,37,38,9,9,125.0,1,0,1,0,0,1,19,0,0,6,8,5,10.6,0,0,6,8,5,11.0,0,10.8,1.4,1.74,Graduate,0,0.6275945190072272,High
1,1,1,9147,1,1,150.0,1,37,37,9,6,138.5,0,0,0,1,0,1,18,0,0,5,5,5,14.0,0,0,5,6,5,13.6,0,12.4,0.5,1.79,Graduate,0,0.025483760945463715,Low
5,17,5,9500,1,1,143.0,1,37,38,5,8,133.5,1,0,0,1,0,1,18,0,0,8,8,7,12.114285714285714,0,0,8,8,7,12.114285714285714,0,12.7,3.7,-1.7,Graduate,0,0.024487506362229808,Low
1,1,3,9500,1,1,145.0,1,19,37,7,7,141.5,1,0,0,1,0,1,18,0,0,8,8,8,13.05875,0,0,8,8,8,13.05875,0,9.4,-0.8,-3.12,Graduate,0,0.03879884470783066,Low
1,42,1,9500,1,1,120.0,1,1,2,9,3,130.0,1,0,0,1,0,0,22,0,4,8,8,7,13.285714285714286,0,4,8,8,7,13.285714285714286,0,12.7,3.7,-1.7,Graduate,0,0.08624991748480909,Low
1,1,1,9147,1,1,138.0,1,37,37,194,171,131.0,1,0,0,1,0,0,19,0,0,5,9,4,11.0,0,0,5,8,3,10.666666666666666,0,12.4,0.5,1.79,Enrolled,0,0.08930239416624254,Low
1,1,1,9500,1,1,145.0,1,19,1,9,5,145.0,0,0,0,1,0,1,18,0,0,7,7,7,14.071428571428571,0,0,8,8,8,15.1625,0,13.9,-0.3,0.79,Graduate,0,0.03404987040268023,Low
1,17,1,9254,1,1,122.0,1,37,37,5,6,114.3,0,0,0,0,0,0,20,0,0,6,0,0,0.0,0,0,6,0,0,0.0,0,15.5,2.8,-4.06,Dropout,1,0.999148242910998,High
1,44,1,171,1,39,110.0,1,37,37,5,6,108.3,0,0,0,0,0,0,26,0,4,9,9,4,11.25,0,3,10,12,3,11.0,0,12.4,0.5,1.79,Dropout,1,0.8203126692371313,High
1,1,3,9070,1,1,136.0,1,37,38,9,9,125.2,1,0,0,1,0,1,18,0,0,6,6,6,14.0,0,0,6,8,6,13.625,0,10.8,1.4,1.74,Graduate,0,0.03964590212125863,Low
1,1,1,9254,1,1,145.0,1,1,38,4,9,131.7,1,0,0,1,0,1,21,0,0,6,8,6,12.166666666666666,0,0,6,11,3,11.666666666666666,0,10.8,1.4,1.74,Dropout,1,0.5686780798059003,Medium
1,17,4,9500,1,1,141.0,1,38,37,3,3,126.3,1,0,0,1,0,0,18,0,0,8,8,7,13.297142857142855,0,0,8,8,7,13.297142857142855,0,10.8,1.4,1.74,Graduate,0,0.08187463215190952,Low
1,1,1,9085,1,1,149.0,1,19,19,4,6,147.6,1,0,0,1,0,0,20,0,0,6,14,6,13.923076923076923,0,0,6,9,6,14.25,0,15.5,2.8,-4.06,Graduate,0,0.046923877691913904,Low
1,1,6,9500,1,1,130.0,1,38,19,5,6,125.1,1,0,0,1,0,0,18,0,0,7,11,7,13.37,0,0,8,13,7,12.833333333333334,0,15.5,2.8,-4.06,Graduate,0,0.075062387975607,Low
1,17,6,9147,1,1,121.0,1,19,38,7,9,123.8,0,0,0,1,0,1,19,0,0,5,5,5,12.4,0,0,5,8,3,11.0,0,12.7,3.7,-1.7,Enrolled,0,0.22908888770375319,Low
1,1,1,9670,1,1,128.0,1,1,1,2,2,130.8,1,0,0,1,0,0,20,0,0,5,5,4,15.0,0,0,5,5,4,13.75,0,7.6,2.6,0.32,Dropout,1,0.5602532963480489,Medium
1,1,1,9853,1,1,152.0,1,19,19,9,5,154.1,0,0,1,1,0,1,18,0,0,6,6,6,13.333333333333334,0,0,6,7,6,12.571428571428571,0,12.7,3.7,-1.7,Graduate,0,0.08015627881146907,Low
1,16,2,9147,1,1,132.0,1,37,37,9,9,122.6,1,0,0,1,0,1,20,0,0,5,8,3,12.0,0,0,5,9,4,12.625,0,10.8,1.4,1.74,Enrolled,0,0.09051472933551359,Low
1,1,2,8014,0,1,107.0,1,19,11,0,0,103.5,1,0,0,1,0,0,22,0,0,6,7,5,13.4,0,0,6,9,5,12.2,0,7.6,2.6,0.32,Graduate,0,0.09609125455383417,Low
1,1,1,171,1,1,131.0,1,19,38,4,5,132.8,1,0,0,1,0,0,18,0,0,0,0,0,0.0,0,0,0,0,0,0.0,0,7.6,2.6,0.32,Enrolled,0,0.08904785693932661,Low
1,51,1,9991,0,1,141.0,1,19,38,5,7,100.0,0,0,0,1,0,0,21,0,1,5,9,4,11.5,0,1,5,5,5,11.4,0,8.9,1.4,3.51,Graduate,0,0.11168467549576455,Low
1,18,2,9853,1,1,120.0,1,1,1,9,0,115.8,0,0,0,1,0,0,18,0,0,7,12,6,12.0,0,0,7,11,6,12.166666666666666,0,13.9,-0.3,0.79,Enrolled,0,0.13227829797726365,Low
1,1,1,9500,1,1,148.0,1,19,19,4,4,133.8,0,0,0,1,0,0,18,0,0,8,8,7,13.485714285714284,0,0,8,8,7,13.485714285714284,0,12.7,3.7,-1.7,Graduate,0,0.036983985189138764,Low
1,1,1,9070,1,1,130.0,1,12,19,4,5,118.5,0,1,0,1,0,1,18,0,0,6,6,6,12.0,0,0,6,8,6,11.285714285714286,0,8.9,1.4,3.51,Graduate,0,0.03478774511652131,Low
1,17,1,171,1,1,145.0,1,37,37,9,1,150.3,1,0,0,1,0,0,19,0,0,0,0,0,0.0,0,0,0,0,0,0.0,0,15.5,2.8,-4.06,Dropout,1,0.7692535704404091,High
1,17,3,9147,1,1,112.0,1,1,19,3,5,107.8,1,0,0,1,0,0,19,0,0,5,7,3,10.333333333333334,0,0,5,11,3,14.428571428571429,0,10.8,1.4,1.74,Enrolled,0,0.28976613594411943,Low
1,1,1,9500,1,1,138.0,1,38,1,9,4,127.5,1,0,0,1,0,0,19,0,0,7,10,5,12.94,0,0,7,7,5,13.76,0,16.2,0.3,-0.92,Enrolled,0,0.11096184366586219,Low
1,1,3,9500,1,1,135.0,1,1,37,7,7,120.5,1,0,0,1,0,0,19,0,0,8,11,7,13.258571428571427,0,0,8,11,7,13.258571428571427,0,10.8,1.4,1.74,Graduate,0,0.03805348399533315,Low
1,1,1,9147,1,1,118.0,1,1,2,10,10,117.3,1,0,0,1,0,0,19,0,0,5,9,4,12.25,0,0,5,10,4,12.0,0,8.9,1.4,3.51,Enrolled,0,0.12542513035834355,Low
1,17,1,9254,1,1,123.0,1,38,37,9,7,120.6,1,0,0,0,0,0,19,0,0,6,9,3,11.666666666666666,0,0,6,15,1,10.0,0,10.8,1.4,1.74,Dropout,1,0.9698022176794933,High
1,16,4,9254,1,1,126.0,1,38,37,9,7,118.7,1,0,0,1,0,1,21,0,0,6,7,6,13.571428571428571,0,0,6,6,6,12.5,0,8.9,1.4,3.51,Graduate,0,0.023223223174814216,Low
1,1,2,9773,1,1,150.0,41,1,37,9,7,130.8,0,0,0,1,0,1,20,1,0,6,9,5,11.8,0,0,6,9,5,11.833333333333334,0,15.5,2.8,-4.06,Graduate,0,0.10804166931935294,Low
1,1,1,9147,1,1,121.0,1,19,19,3,9,112.6,1,0,0,1,0,1,20,0,0,5,7,5,14.2,0,0,5,7,5,13.285714285714286,0,11.1,0.6,2.02,Graduate,0,0.05352701063550453,Low
1,39,1,9991,0,19,133.1,1,37,37,9,9,117.2,0,0,0,1,0,0,41,0,0,5,8,5,11.0,0,0,5,6,5,11.8,1,7.6,2.6,0.32,Graduate,0,0.08124492418089738,Low
4,7,1,9500,1,40,130.0,1,37,37,3,3,130.0,1,0,0,1,0,0,32,0,0,7,16,4,13.625,0,0,7,8,7,12.6375,0,12.4,0.5,1.79,Enrolled,0,0.14451897472023048,Low
1,17,3,9500,1,1,139.0,1,38,1,9,5,131.8,1,0,0,1,0,0,18,0,0,8,8,7,14.652857142857142,0,0,8,8,7,14.652857142857142,0,10.8,1.4,1.74,Graduate,0,0.07914484338084624,Low
4,39,1,8014,0,1,160.0,1,37,37,3,4,97.0,0,0,0,1,0,1,35,0,0,6,9,6,11.333333333333334,0,0,6,6,6,11.333333333333334,0,15.5,2.8,-4.06,Graduate,0,0.06638165408437247,Low
1,39,1,9500,1,1,110.0,1,37,37,9,9,130.0,0,0,1,0,0,0,32,0,0,7,12,4,13.7,0,0,7,7,0,0.0,0,16.2,0.3,-0.92,Dropout,1,0.9775534787942252,High
1,39,1,8014,0,40,140.0,1,19,37,5,9,148.0,0,0,0,1,0,0,37,0,7,11,11,11,13.727272727272728,0,4,8,8,8,14.75,0,12.4,0.5,1.79,Graduate,0,0.10147149224803431,Low
2,39,2,9147,1,3,130.0,1,3,37,9,9,103.4,0,0,0,1,0,0,30,0,4,7,9,7,11.75,0,3,8,12,7,11.142857142857142,0,12.7,3.7,-1.7,Dropout,1,0.5697113359425658,Medium
1,43,2,9773,1,1,132.0,1,19,19,0,0,127.1,0,0,0,1,1,0,23,0,0,6,9,6,12.333333333333334,0,0,6,11,5,13.0,0,7.6,2.6,0.32,Graduate,0,0.22088601737809663,Low
1,17,2,9773,1,1,139.0,1,3,1,2,7,124.0,1,0,0,1,0,1,20,0,0,6,6,6,14.0,0,0,6,7,6,13.857142857142858,0,15.5,2.8,-4.06,Dropout,1,0.0968055653793414,Low
1,1,1,9670,1,1,135.0,1,19,37,5,7,121.4,0,0,0,1,1,0,21,0,0,5,7,4,11.5,0,0,5,6,4,11.75,0,9.4,-0.8,-3.12,Graduate,0,0.18712522302584716,Low
1,1,1,9147,1,1,117.0,1,38,19,5,7,118.1,0,0,0,1,1,0,19,0,0,5,6,5,11.2,0,0,5,5,5,13.2,0,12.4,0.5,1.79,Graduate,0,0.03721045071892576,Low
1,17,4,9500,1,1,137.0,1,1,19,4,3,121.3,1,0,0,1,1,1,18,0,0,8,8,7,15.07,0,0,8,8,7,15.07,0,10.8,1.4,1.74,Graduate,0,0.04672838031890226,Low
1,42,1,9119,1,1,144.0,1,34,34,0,0,119.5,0,0,0,1,1,0,18,0,0,5,6,1,10.0,0,0,5,7,1,12.0,0,10.8,1.4,1.74,Dropout,1,0.8023950315503502,High
1,39,1,9991,0,1,130.0,1,1,1,4,10,115.2,0,0,0,1,1,0,24,0,0,5,5,4,12.0,0,0,5,6,5,12.666666666666666,0,12.4,0.5,1.79,Enrolled,0,0.14887544937712321,Low
1,18,1,9670,1,1,140.0,1,1,37,9,9,130.2,1,0,0,1,1,0,22,0,0,6,11,4,13.0,0,0,6,11,4,12.6,0,12.7,3.7,-1.7,Graduate,0,0.33323016101070746,Medium
1,17,4,9254,1,1,130.0,1,19,1,5,5,130.0,1,0,0,1,1,0,18,0,0,6,7,4,11.0,0,0,6,7,3,11.25,0,16.2,0.3,-0.92,Dropout,1,0.5398410473806418,Medium
1,16,2,9238,1,1,130.0,1,37,37,5,6,126.9,1,0,0,1,0,0,18,0,0,6,8,6,13.571428571428571,0,0,6,11,5,12.166666666666666,0,9.4,-0.8,-3.12,Graduate,0,0.09973026682396122,Low
1,1,2,9070,1,1,152.0,101,2,1,9,1,168.5,1,0,0,1,1,0,21,1,0,6,7,5,14.6,0,0,6,6,5,14.2,0,16.2,0.3,-0.92,Graduate,0,0.09225143929574524,Low
4,39,1,9500,1,1,133.1,1,37,37,9,9,130.0,0,0,1,1,0,0,38,0,0,7,13,3,11.833333333333334,0,0,7,14,2,10.0,0,16.2,0.3,-0.92,Dropout,1,0.9495288516483688,High
1,18,1,9556,1,1,140.0,1,38,37,9,9,122.8,0,0,0,1,0,1,19,0,0,7,11,7,12.625,0,0,8,11,8,12.5125,0,12.7,3.7,-1.7,Graduate,0,0.01783745304309824,Low
6,39,1,9500,1,1,133.1,1,37,37,9,9,110.0,0,0,0,1,0,0,36,0,0,7,12,4,11.5,0,0,7,14,3,12.333333333333334,0,16.2,0.3,-0.92,Dropout,1,0.868064818903492,High
1,16,1,9085,1,1,140.0,1,1,1,9,9,127.1,1,0,0,1,0,0,18,0,0,5,8,4,13.25,1,0,5,10,4,10.5,0,12.7,3.7,-1.7,Graduate,0,0.12409102169135142,Low
1,1,3,9500,1,1,133.1,1,19,19,5,5,108.5,1,0,0,1,0,0,19,0,0,7,9,7,12.60625,0,0,8,12,6,11.9,0,12.4,0.5,1.79,Graduate,0,0.05643022162041877,Low
1,53,1,9085,1,42,140.0,1,19,38,9,9,138.2,0,0,1,0,0,0,21,0,7,10,15,8,13.75,0,4,9,17,5,13.2,0,8.9,1.4,3.51,Dropout,1,0.7813284179947018,High
1,1,2,9500,1,1,133.1,1,19,38,192,192,96.0,1,0,0,1,0,0,19,0,0,7,10,6,13.598333333333334,0,0,8,11,6,11.933333333333332,0,11.1,0.6,2.02,Enrolled,0,0.06104598698583496,Low
1,1,1,9238,1,1,135.0,1,19,19,9,9,124.5,0,0,0,1,0,1,18,0,0,6,11,5,11.142857142857142,0,0,6,8,6,12.285714285714286,0,16.2,0.3,-0.92,Graduate,0,0.031781630613839734,Low
2,7,1,9500,1,3,120.0,1,37,19,9,7,120.0,1,0,0,1,0,0,45,0,7,11,11,11,12.7,0,6,10,12,10,12.96818181818182,0,13.9,-0.3,0.79,Enrolled,0,0.07443176373036903,Low
1,17,1,9147,1,1,140.0,1,37,37,9,7,132.3,1,0,0,1,0,0,20,0,0,5,9,1,10.0,0,0,5,10,1,11.0,0,7.6,2.6,0.32,Dropout,1,0.8431560698301265,High
1,17,1,9254,1,1,128.0,1,19,1,5,7,120.7,1,0,1,1,0,0,18,0,0,6,8,6,11.666666666666666,0,0,6,10,4,11.5,0,13.9,-0.3,0.79,Graduate,0,0.48439676979245094,Medium
1,1,1,9670,1,1,141.0,1,1,19,4,4,132.6,0,0,0,1,0,1,18,0,0,6,8,6,14.0,0,0,6,7,6,13.142857142857142,0,11.1,0.6,2.02,Graduate,0,0.09484854742474724,Low
1,7,2,9130,1,3,140.0,1,34,34,0,0,140.0,0,0,0,1,0,0,25,0,0,5,9,0,0.0,4,0,5,9,0,0.0,3,10.8,1.4,1.74,Dropout,1,0.9917476443913629,High
1,1,6,9500,1,1,139.0,1,1,1,4,4,124.5,1,0,0,1,0,0,19,0,0,8,9,7,12.04142857142857,0,0,8,9,7,12.04142857142857,0,10.8,1.4,1.74,Graduate,0,0.05911397308328243,Low
1,1,1,171,1,1,142.0,1,19,19,7,7,142.0,1,0,0,1,0,1,18,0,0,0,0,0,0.0,0,0,0,0,0,0.0,0,13.9,-0.3,0.79,Graduate,0,0.12006939283017624,Low
1,7,1,9254,1,40,130.0,1,1,1,3,6,130.0,0,0,0,1,0,0,39,0,12,13,14,13,13.76923076923077,0,9,12,16,12,14.583333333333334,0,13.9,-0.3,0.79,Graduate,0,0.21916550774054955,Low
2,39,1,9003,1,1,130.0,1,38,37,9,9,144.0,0,0,0,1,0,0,29,0,13,18,20,18,15.444444444444445,0,11,13,13,13,15.307692307692308,0,15.5,2.8,-4.06,Graduate,0,0.03435192841645304,Low
1,17,1,9853,1,1,125.0,1,19,19,4,7,128.5,1,0,0,1,0,0,18,0,0,7,9,6,11.5,0,0,7,8,7,12.714285714285714,0,13.9,-0.3,0.79,Enrolled,0,0.1510499201410567,Low
1,7,1,9070,1,3,140.0,1,37,2,9,3,140.0,0,0,0,0,0,0,23,0,0,3,3,2,10.0,0,0,6,0,0,0.0,0,10.8,1.4,1.74,Dropout,1,0.989050246024024,High
1,42,1,9853,1,1,120.0,1,1,37,5,5,113.9,1,0,0,1,0,0,21,0,0,6,8,4,12.25,0,0,6,13,3,10.333333333333334,0,12.7,3.7,-1.7,Dropout,1,0.6651648065166181,High
1,1,1,9238,1,1,147.0,1,1,19,4,4,137.2,0,0,0,0,0,0,18,0,0,6,6,6,14.5,0,0,6,6,6,15.166666666666666,0,10.8,1.4,1.74,Graduate,0,0.08070971711109111,Low
1,7,1,9085,1,40,140.0,1,1,19,5,5,140.0,1,0,0,1,0,0,23,0,0,6,7,6,15.571428571428571,0,0,6,8,6,16.375,0,12.4,0.5,1.79,Graduate,0,0.06103372604686136,Low
1,1,1,9130,1,1,161.0,1,1,19,4,4,152.3,0,0,0,1,0,0,18,0,0,6,7,6,15.571428571428571,0,0,6,7,6,14.714285714285714,0,11.1,0.6,2.02,Graduate,0,0.05735885739021231,Low
2,39,1,8014,0,19,133.1,1,37,37,4,8,112.5,0,0,0,1,0,0,32,0,0,6,8,5,13.8,0,0,6,7,6,12.166666666666666,0,9.4,-0.8,-3.12,Graduate,0,0.04947349589563713,Low
2,39,2,9147,1,1,150.0,1,19,37,9,7,101.0,0,0,1,0,0,0,29,0,0,5,8,3,10.666666666666666,0,0,5,14,2,14.8,0,10.8,1.4,1.74,Dropout,1,0.9017682479334809,High
1,1,6,9238,1,1,113.0,1,1,38,194,163,112.3,1,0,1,1,0,1,20,0,0,6,8,5,11.6,0,0,6,8,4,11.75,0,8.9,1.4,3.51,Graduate,0,0.1560414567289294,Low
1,39,1,9238,1,1,140.0,1,34,34,0,0,114.0,1,0,0,0,0,0,28,0,0,6,11,1,13.0,0,0,6,12,0,0.0,0,9.4,-0.8,-3.12,Dropout,1,0.9257313593401887,High
1,7,1,9147,1,3,130.0,1,38,38,1,9,130.0,0,0,0,1,0,0,27,0,0,5,9,3,12.0,0,0,5,11,4,13.625,0,10.8,1.4,1.74,Graduate,0,0.2465742600549835,Low
1,43,2,9500,1,1,120.0,1,37,34,90,0,121.5,0,0,1,1,0,0,22,0,11,14,14,12,12.333333333333334,2,11,14,14,12,12.333333333333334,2,7.6,2.6,0.32,Graduate,0,0.3086131944487197,Medium
2,39,1,9003,1,19,133.1,1,19,37,9,10,120.0,0,0,1,1,0,0,37,0,0,6,10,6,12.875,0,0,6,12,6,12.9,0,16.2,0.3,-0.92,Enrolled,0,0.06800067975720209,Low
1,7,1,8014,0,3,130.0,1,37,38,0,5,130.0,0,0,0,0,0,0,28,0,0,6,12,1,11.0,0,0,6,0,0,0.0,0,12.7,3.7,-1.7,Dropout,1,0.9794599646123506,High
2,39,1,9003,1,1,120.0,1,37,37,9,9,125.7,0,0,1,0,0,0,43,0,0,6,10,4,12.25,0,0,6,13,4,10.5,0,8.9,1.4,3.51,Dropout,1,0.934083717380577,High
1,43,1,9556,1,1,140.0,1,37,37,9,9,128.0,1,0,0,0,0,0,32,0,0,7,7,0,0.0,7,0,8,8,0,0.0,7,10.8,1.4,1.74,Dropout,1,0.9769319524202243,High
1,17,1,9238,1,1,123.0,1,1,1,9,9,113.2,0,0,0,1,0,1,20,0,0,6,11,4,10.75,0,0,6,13,5,11.5,0,15.5,2.8,-4.06,Enrolled,0,0.07737766623897456,Low
4,39,1,9500,1,19,133.1,1,38,1,9,4,120.0,0,0,0,1,0,1,35,0,0,8,9,8,13.63,1,0,8,9,8,13.63,1,9.4,-0.8,-3.12,Graduate,0,0.08376895143788646,Low
1,1,1,9670,1,1,130.0,1,37,37,0,0,117.8,1,0,0,1,0,0,21,0,0,5,8,3,13.0,0,0,5,7,4,11.5,1,7.6,2.6,0.32,Graduate,0,0.16138764735001299,Low
1,1,4,9500,1,1,126.0,1,19,19,7,9,121.3,1,0,0,1,0,1,18,0,0,7,9,6,13.533333333333331,0,0,7,7,7,12.228571428571428,0,12.4,0.5,1.79,Enrolled,0,0.05963193725529781,Low
1,1,1,9500,1,1,176.0,1,3,38,3,7,169.7,0,0,0,1,0,1,18,0,0,7,7,7,16.9,0,0,8,9,8,16.37777777777778,0,16.2,0.3,-0.92,Graduate,0,0.06477678972327944,Low
1,17,4,9238,1,1,124.0,1,19,19,5,8,117.7,1,0,0,1,0,0,18,0,0,6,10,5,12.0,0,0,6,11,4,12.0,0,16.2,0.3,-0.92,Graduate,0,0.31215162517416745,Medium
1,44,1,8014,0,39,120.0,1,19,37,7,6,121.8,1,0,0,1,0,0,22,0,3,6,6,6,12.5,0,2,6,7,6,13.285714285714286,0,12.4,0.5,1.79,Graduate,0,0.04874736763056701,Low
1,1,2,9500,1,1,140.0,1,1,1,4,10,128.3,1,0,0,1,0,0,19,0,0,8,8,7,12.764285714285714,0,0,8,8,7,12.764285714285714,0,10.8,1.4,1.74,Graduate,0,0.04257034371274621,Low
1,18,2,9147,1,1,143.0,1,19,38,9,7,132.2,1,0,0,1,0,1,18,0,0,5,8,5,13.75,0,0,5,6,5,12.166666666666666,0,13.9,-0.3,0.79,Graduate,0,0.04099577909137196,Low
1,1,2,171,1,1,136.0,1,39,1,3,4,134.3,1,0,1,1,0,0,19,0,0,0,0,0,0.0,0,0,0,0,0,0.0,0,12.4,0.5,1.79,Dropout,1,0.462596631278905,Medium
1,1,1,9500,1,1,132.0,1,19,1,9,5,123.4,0,0,0,1,0,1,18,0,0,7,7,7,14.604285714285712,0,0,8,9,8,15.68333333333333,0,11.1,0.6,2.02,Graduate,0,0.032489226843263094,Low
2,39,1,9991,0,19,133.1,1,19,39,5,3,121.7,0,0,1,0,0,0,31,0,0,5,7,0,0.0,0,0,5,7,0,0.0,0,16.2,0.3,-0.92,Dropout,1,0.9874531706512005,High
2,39,1,8014,0,19,100.0,1,1,19,1,5,130.0,0,0,1,1,0,1,33,0,0,6,9,5,13.833333333333334,0,0,6,7,6,12.5,0,9.4,-0.8,-3.12,Graduate,0,0.08315780774898728,Low
1,1,3,9500,1,1,137.0,1,19,38,7,7,126.5,1,0,0,1,0,1,19,0,0,8,8,8,13.57625,0,0,8,8,8,13.57625,0,9.4,-0.8,-3.12,Graduate,0,0.020244248915631036,Low
1,17,1,9238,1,1,153.0,1,38,38,7,7,159.7,1,0,0,1,0,1,18,0,0,6,7,6,15.142857142857142,0,0,6,6,6,15.833333333333334,0,12.7,3.7,-1.7,Graduate,0,0.04487210368522057,Low
1,1,1,9147,1,1,160.0,1,9,19,4,3,151.3,0,0,0,1,0,0,23,0,0,5,8,3,10.666666666666666,0,0,5,8,5,11.6,0,7.6,2.6,0.32,Graduate,0,0.22086550875668987,Low
1,17,1,9238,1,1,145.0,1,38,38,5,7,138.0,1,0,0,1,0,0,20,0,0,6,11,5,11.2,0,0,6,6,6,12.0,0,9.4,-0.8,-3.12,Graduate,0,0.08004770761165042,Low
1,1,5,9500,1,1,137.0,1,38,38,4,8,126.5,1,0,0,1,0,0,18,0,0,8,8,8,13.76375,0,0,8,8,8,13.76375,0,9.4,-0.8,-3.12,Graduate,0,0.081204355366405,Low
1,53,1,9085,1,42,140.0,1,1,1,4,3,140.0,1,0,1,1,0,0,21,0,7,9,10,8,13.25,0,4,9,14,5,12.2,0,8.9,1.4,3.51,Enrolled,0,0.22674662898000156,Low
1,1,1,9238,1,1,120.0,1,19,38,5,6,112.3,0,0,0,1,0,1,22,0,0,6,10,5,10.714285714285714,0,0,6,10,5,12.2,0,12.7,3.7,-1.7,Graduate,0,0.07032649202127539,Low
1,1,1,9238,1,1,122.0,1,1,19,4,4,127.3,1,0,1,1,0,0,20,0,0,6,6,6,12.166666666666666,0,0,6,7,6,11.666666666666666,0,9.4,-0.8,-3.12,Graduate,0,0.0784366602957825,Low
1,7,1,9500,1,3,130.0,1,19,38,4,10,130.0,1,0,0,1,0,0,23,0,1,7,8,6,14.357142857142858,0,1,7,8,6,14.357142857142858,0,7.6,2.6,0.32,Graduate,0,0.08814674462995799,Low
1,17,2,9773,1,1,133.1,1,3,1,4,5,115.0,1,0,0,1,0,0,19,0,0,6,6,6,12.833333333333334,0,0,6,6,6,12.666666666666666,0,16.2,0.3,-0.92,Graduate,0,0.06636489788667724,Low
1,17,6,9500,1,1,150.0,1,1,37,1,1,131.5,1,0,0,1,0,0,19,0,0,8,8,7,13.925714285714283,0,0,8,8,7,13.925714285714283,0,10.8,1.4,1.74,Graduate,0,0.07667263276131994,Low
1,39,1,9991,0,1,133.1,1,19,38,7,4,125.7,0,0,0,1,0,0,26,0,0,5,9,2,12.0,0,0,5,9,3,11.0,0,10.8,1.4,1.74,Dropout,1,0.7759372986060745,High
1,1,6,9500,1,1,141.0,1,1,37,4,3,126.8,1,0,0,1,0,0,18,0,0,7,7,7,13.44285714285714,0,0,8,9,8,13.744444444444444,0,16.2,0.3,-0.92,Graduate,0,0.11065027041300465,Low
1,18,1,9119,1,1,146.0,1,1,37,7,7,132.4,1,0,0,1,1,0,18,0,0,5,5,1,16.0,0,0,5,5,0,0.0,0,9.4,-0.8,-3.12,Dropout,1,0.8837887870351214,High
1,44,1,9003,1,39,150.0,1,38,37,9,9,150.0,1,0,0,1,1,0,20,0,0,6,8,6,13.125,0,0,6,10,6,13.2,0,16.2,0.3,-0.92,Graduate,0,0.04389768898435401,Low
1,1,1,9670,1,1,133.1,1,3,1,4,4,95.0,0,0,0,1,1,0,19,0,0,6,7,0,0.0,0,0,6,6,0,0.0,0,15.5,2.8,-4.06,Dropout,1,0.9828678996033486,High
1,43,1,9991,0,1,120.0,1,37,37,9,9,128.2,0,0,0,0,1,0,32,0,5,9,9,5,11.4,0,4,4,4,4,11.0,0,10.8,1.4,1.74,Dropout,1,0.9567506961472153,High
2,39,1,9130,1,1,150.0,1,19,19,4,4,130.0,0,0,0,0,1,0,31,0,0,4,12,2,11.0,2,0,5,9,3,11.666666666666666,0,9.4,-0.8,-3.12,Dropout,1,0.9385179984784412,High
1,39,1,9119,1,19,133.1,1,1,19,4,5,100.0,0,0,0,1,1,0,25,0,0,5,13,1,11.0,0,0,5,11,1,10.0,0,13.9,-0.3,0.79,Enrolled,0,0.5634077735670142,Medium
1,42,1,9085,1,39,140.0,1,19,3,9,1,159.9,1,0,0,1,0,0,21,0,2,6,14,5,13.666666666666666,0,2,6,10,5,13.0,0,16.2,0.3,-0.92,Graduate,0,0.104046655924076,Low
2,43,1,9991,0,1,140.0,1,37,37,4,9,100.0,0,0,0,0,0,0,31,0,2,6,10,4,11.75,0,0,5,6,1,10.0,0,12.7,3.7,-1.7,Dropout,1,0.9567547015973059,High
2,39,1,9853,1,1,133.1,1,37,37,5,5,116.5,0,0,0,1,0,0,34,0,0,7,11,1,10.0,0,0,7,7,1,13.0,0,16.2,0.3,-0.92,Dropout,1,0.9465181772303434,High
1,1,1,9238,1,1,128.0,1,19,19,9,9,120.0,0,0,0,1,0,1,18,0,0,6,8,6,13.5,0,0,6,9,6,12.833333333333334,0,11.1,0.6,2.02,Graduate,0,0.030384121297582247,Low
1,1,3,9238,1,1,117.0,1,19,19,9,9,117.0,1,0,1,1,0,0,19,0,0,6,0,0,0.0,0,0,6,0,0,0.0,0,12.4,0.5,1.79,Dropout,1,0.9947808692827073,High
1,53,1,9670,1,42,140.0,1,19,37,3,6,140.0,1,0,1,1,0,0,21,0,0,6,12,1,12.0,0,0,6,11,1,11.0,0,8.9,1.4,3.51,Enrolled,0,0.31479135729244473,Medium
1,1,2,9853,1,1,124.0,1,38,37,5,3,118.1,1,0,0,0,0,0,18,0,0,6,11,3,13.0,0,0,6,10,5,11.8,0,9.4,-0.8,-3.12,Dropout,1,0.8369094573922283,High
1,1,1,9254,1,1,158.0,1,19,39,4,8,153.5,1,0,0,1,0,0,20,0,0,6,7,6,14.833333333333334,0,0,6,6,6,16.0,0,11.1,0.6,2.02,Graduate,0,0.10276132543794594,Low
1,43,1,9773,1,1,137.0,1,38,37,9,5,127.9,1,0,0,1,0,0,20,0,0,6,6,6,11.833333333333334,0,0,6,7,6,12.857142857142858,0,15.5,2.8,-4.06,Graduate,0,0.08214232263419603,Low
1,17,3,9670,1,1,123.0,1,38,38,7,8,118.8,1,1,0,1,0,1,18,0,0,6,10,5,12.0,0,0,6,11,5,12.333333333333334,0,11.1,0.6,2.02,Graduate,0,0.24362763212887137,Low
1,1,1,9238,1,1,126.0,1,38,38,7,8,126.7,1,0,0,1,0,0,19,0,0,6,11,4,12.75,0,0,6,7,6,11.333333333333334,0,7.6,2.6,0.32,Graduate,0,0.10454025467239625,Low
1,43,1,9085,1,1,170.0,1,19,19,5,1,170.0,1,0,0,1,0,0,19,0,0,5,5,0,0.0,5,0,5,7,4,14.75,1,12.7,3.7,-1.7,Enrolled,0,0.1352807568111113,Low
4,39,1,9130,1,1,133.1,1,3,1,5,5,110.0,1,0,0,1,0,1,30,0,0,6,7,0,0.0,0,0,6,16,1,10.0,0,11.1,0.6,2.02,Dropout,1,0.900383941181208,High
1,17,1,9238,1,1,115.0,1,19,38,5,5,115.0,1,0,0,1,0,0,19,0,0,6,6,6,12.0,0,0,6,7,6,12.857142857142858,0,11.1,0.6,2.02,Graduate,0,0.034063887600382876,Low
1,1,3,9556,1,1,132.0,1,38,37,7,7,119.0,1,0,0,1,0,0,19,0,0,7,9,7,11.677777777777775,0,0,8,8,8,13.8,0,12.7,3.7,-1.7,Graduate,0,0.03630343193540349,Low
1,1,4,9500,1,1,132.0,1,1,37,4,7,121.8,1,0,0,1,0,1,19,0,0,8,8,7,13.6,0,0,8,8,7,13.6,0,12.7,3.7,-1.7,Graduate,0,0.02382394846291306,Low
1,1,1,9085,1,1,143.0,1,19,38,9,9,133.4,1,0,0,1,0,0,19,0,0,6,7,6,16.0,0,0,6,8,6,15.875,0,12.4,0.5,1.79,Graduate,0,0.0451072981649009,Low
1,1,3,9238,1,1,137.0,1,1,1,3,3,131.4,1,0,0,1,0,0,20,0,0,6,9,5,11.8,0,0,6,7,6,11.5,0,7.6,2.6,0.32,Graduate,0,0.062028360418269986,Low
1,42,1,9119,1,1,130.0,1,19,37,9,3,135.0,0,0,1,1,1,0,25,0,0,5,5,0,0.0,0,2,6,7,2,14.0,0,13.9,-0.3,0.79,Dropout,1,0.8999941973187435,High
1,1,2,9773,1,1,121.0,1,19,19,9,9,122.8,0,0,0,1,1,0,19,0,0,6,0,0,0.0,0,0,6,0,0,0.0,0,12.4,0.5,1.79,Dropout,1,0.9828352934082469,High
2,39,1,9853,1,1,130.0,1,37,19,7,3,140.0,0,0,1,1,0,1,34,0,0,6,7,6,16.142857142857142,0,0,6,10,6,16.2,0,9.4,-0.8,-3.12,Graduate,0,0.10774495108201665,Low
1,18,2,9500,1,1,135.0,1,38,37,9,5,125.3,1,0,0,1,0,1,18,0,0,8,8,7,11.785714285714286,0,0,8,8,7,11.785714285714286,0,12.7,3.7,-1.7,Graduate,0,0.017097110386381797,Low
1,1,6,9500,1,1,137.0,1,1,1,4,5,126.3,1,0,0,1,0,1,18,0,0,8,8,8,13.42375,0,0,8,8,8,13.42375,0,9.4,-0.8,-3.12,Graduate,0,0.04008583408215224,Low
1,1,1,9670,1,1,100.0,1,38,38,9,10,100.0,0,0,0,1,0,0,20,0,0,6,8,6,12.5,0,0,6,10,5,14.166666666666666,0,11.1,0.6,2.02,Graduate,0,0.09354663371246943,Low
1,17,2,9500,1,1,127.0,1,19,37,9,7,121.3,1,0,0,1,0,1,20,0,0,8,8,7,12.464285714285714,0,0,8,8,7,12.464285714285714,0,10.8,1.4,1.74,Graduate,0,0.016125432663416282,Low
1,53,1,9991,0,1,140.0,1,38,38,191,193,135.0,0,0,1,1,0,0,23,0,6,11,18,8,12.375,0,3,9,15,5,12.6,0,8.9,1.4,3.51,Enrolled,0,0.19955375252784208,Low
1,39,1,9670,1,1,140.0,1,37,37,6,6,120.0,0,0,0,1,0,0,28,0,0,6,8,1,10.0,0,0,6,9,0,0.0,0,10.8,1.4,1.74,Dropout,1,0.9885231489467315,High
1,17,1,9773,1,1,121.0,1,37,19,9,10,113.7,0,0,0,1,0,0,18,0,0,6,8,5,12.6,0,0,6,10,6,12.428571428571429,0,15.5,2.8,-4.06,Enrolled,0,0.11198174415750795,Low
1,43,1,9147,1,1,131.0,1,19,38,9,9,129.7,1,0,0,1,0,0,19,0,0,5,5,5,12.6,0,0,5,6,4,12.4,0,16.2,0.3,-0.92,Graduate,0,0.06444146672940698,Low
2,1,1,9147,1,1,151.0,1,38,37,9,8,132.1,1,0,0,1,0,0,34,0,0,5,7,2,10.0,0,0,5,6,4,12.0,0,7.6,2.6,0.32,Dropout,1,0.40491130386340274,Medium
2,51,1,9853,1,1,130.0,1,37,37,7,8,120.3,0,0,0,1,0,0,35,0,0,7,7,0,0.0,0,0,6,0,0,0.0,0,8.9,1.4,3.51,Dropout,1,0.9452954399819687,High
1,7,1,9991,0,40,120.0,1,37,37,9,7,120.0,0,0,0,1,0,0,32,0,0,5,7,5,11.6,0,0,5,8,5,12.333333333333334,0,12.4,0.5,1.79,Graduate,0,0.10985645115257796,Low
1,17,2,9254,1,1,136.0,1,19,19,4,7,123.1,1,0,0,1,0,0,19,0,0,6,8,6,12.166666666666666,0,0,6,6,6,13.5,0,11.1,0.6,2.02,Graduate,0,0.06970319658984786,Low
1,17,5,9670,1,1,125.0,1,1,19,9,7,119.4,1,0,0,1,0,0,18,0,0,6,10,4,13.6,0,0,6,7,5,12.666666666666666,0,11.1,0.6,2.02,Graduate,0,0.10057675613896831,Low
2,39,1,9147,1,1,133.1,1,37,37,9,9,140.0,0,0,0,0,0,0,35,0,0,5,8,4,12.5,1,0,5,8,5,11.8,0,9.4,-0.8,-3.12,Dropout,1,0.8195216299873574,High
1,39,1,8014,0,1,133.1,1,1,12,4,5,116.5,0,0,0,1,1,1,24,0,0,6,6,4,12.25,0,0,6,10,4,11.5,0,12.4,0.5,1.79,Enrolled,0,0.1719064586056399,Low
1,17,1,9238,1,1,120.0,1,19,37,9,9,113.0,1,0,0,1,0,1,20,0,0,6,7,6,11.714285714285714,0,0,6,8,6,12.625,0,13.9,-0.3,0.79,Graduate,0,0.024491562402554963,Low
1,1,3,9773,1,1,143.0,11,19,19,4,9,133.9,1,0,0,1,1,1,18,1,0,6,7,6,13.5,0,0,6,7,6,13.0,0,16.2,0.3,-0.92,Graduate,0,0.14910126955224728,Low
1,1,3,9500,1,1,133.1,1,38,19,7,9,115.5,1,0,0,1,1,1,20,0,0,8,8,7,13.024285714285714,0,0,8,8,7,13.024285714285714,0,10.8,1.4,1.74,Graduate,0,0.012132736083333973,Low
1,17,5,9254,1,1,121.0,1,1,19,4,7,116.5,1,0,0,0,1,0,18,0,0,6,12,0,0.0,0,0,6,0,0,0.0,0,9.4,-0.8,-3.12,Dropout,1,0.8325829883060231,High
1,1,1,9119,1,1,168.0,1,19,19,4,4,171.2,0,0,0,1,1,1,18,0,0,5,6,5,17.333333333333332,0,0,5,8,5,18.571428571428573,0,12.4,0.5,1.79,Graduate,0,0.07901393484731467,Low
1,1,1,9670,1,1,124.0,1,19,37,5,7,119.1,0,0,0,1,1,1,20,0,0,5,7,4,11.0,0,0,5,7,4,11.5,0,9.4,-0.8,-3.12,Graduate,0,0.07887999742101191,Low
1,17,2,9853,1,1,127.0,1,19,38,3,3,121.1,1,0,0,1,1,0,19,0,0,7,10,6,13.666666666666666,0,0,7,9,6,12.5,0,12.4,0.5,1.79,Dropout,1,0.3643170228195994,Medium
1,1,2,9070,1,1,129.0,1,1,1,4,9,132.9,1,0,0,1,1,1,20,0,0,6,9,6,11.375,0,0,6,6,5,13.8,0,7.6,2.6,0.32,Enrolled,0,0.12081832905472048,Low
1,1,1,9238,1,1,137.0,1,19,1,9,9,132.8,0,0,0,1,1,0,19,0,0,6,6,6,12.833333333333334,0,0,6,8,6,11.833333333333334,0,10.8,1.4,1.74,Graduate,0,0.037000210044010544,Low
1,1,1,9773,1,1,120.0,1,36,37,0,0,126.7,1,0,0,1,1,0,20,0,0,6,9,5,12.6,0,0,6,11,4,11.5,0,7.6,2.6,0.32,Graduate,0,0.2825212332519968,Low
1,1,1,9500,1,1,110.0,1,19,19,9,7,105.8,1,0,0,1,1,0,22,0,0,7,8,6,14.333333333333334,0,0,8,9,7,13.771428571428572,0,11.1,0.6,2.02,Graduate,0,0.04668927530065858,Low
1,17,2,9119,1,1,120.0,1,1,19,9,8,117.2,0,0,0,1,1,1,18,0,0,5,8,4,13.5,0,0,6,10,6,13.625,0,11.1,0.6,2.02,Enrolled,0,0.08972444008093179,Low
1,1,1,9500,1,1,143.0,1,38,38,9,9,140.0,0,0,0,1,1,0,19,0,0,8,8,7,14.285714285714286,0,0,8,8,7,14.285714285714286,0,12.7,3.7,-1.7,Graduate,0,0.02461495103130165,Low
1,44,1,9003,1,39,120.0,1,1,19,9,7,120.0,0,0,0,1,1,0,22,0,2,6,15,3,11.75,0,0,6,12,2,10.0,0,13.9,-0.3,0.79,Dropout,1,0.893020617105444,High
1,17,5,9119,1,1,124.0,11,4,12,2,9,119.5,1,0,0,1,1,0,20,1,0,5,5,5,14.8,0,0,5,5,5,17.6,0,8.9,1.4,3.51,Graduate,0,0.10886980753605482,Low
2,39,1,9003,1,1,168.0,1,1,41,9,3,153.9,0,0,1,0,1,0,34,0,0,6,7,0,0.0,0,0,6,0,0,0.0,0,12.4,0.5,1.79,Dropout,1,0.9784203075925666,High
2,39,1,8014,0,19,133.1,1,1,1,4,4,130.0,0,0,0,1,1,0,24,0,0,6,14,1,10.0,0,0,5,5,0,0.0,0,16.2,0.3,-0.92,Dropout,1,0.9440474602971752,High
1,39,2,9670,1,1,150.0,1,34,34,0,0,107.0,1,0,0,1,1,0,26,0,0,5,5,0,0.0,0,0,5,5,0,0.0,0,7.6,2.6,0.32,Dropout,1,0.9840742557936888,High
1,39,1,9500,1,1,140.0,1,37,37,9,6,132.8,0,0,0,1,1,0,35,0,0,7,10,4,12.6,0,0,7,9,5,12.38,0,12.4,0.5,1.79,Dropout,1,0.6410097557936535,High
1,1,1,9991,0,1,145.0,1,2,37,4,9,127.5,1,0,0,1,1,0,22,0,0,5,9,5,12.428571428571429,1,0,5,7,5,11.8,0,7.6,2.6,0.32,Graduate,0,0.10335989481146234,Low
1,18,1,9254,1,1,118.0,1,38,38,5,5,123.3,1,0,0,1,1,0,26,0,0,6,10,4,10.0,0,0,6,11,3,12.0,0,9.4,-0.8,-3.12,Enrolled,0,0.6380082587687725,High
1,17,1,9147,1,1,123.0,1,1,19,3,4,122.0,0,0,0,1,1,0,19,0,0,5,7,3,12.333333333333334,0,0,5,5,0,0.0,0,8.9,1.4,3.51,Dropout,1,0.9520833039127768,High
1,1,5,9254,1,1,120.0,1,3,19,3,9,114.8,1,0,0,0,1,0,19,0,0,6,0,0,0.0,0,0,6,0,0,0.0,0,8.9,1.4,3.51,Dropout,1,0.9934294774003113,High
1,44,1,171,1,39,140.0,1,3,3,2,2,140.0,0,0,1,1,1,0,20,0,0,0,0,0,0.0,0,0,0,0,0,0.0,0,15.5,2.8,-4.06,Graduate,0,0.17631338194888072,Low
1,51,1,9670,1,1,126.0,1,3,3,1,10,111.0,0,0,1,1,1,0,21,0,5,11,12,10,12.1,0,2,8,9,8,13.333333333333334,0,11.1,0.6,2.02,Graduate,0,0.15595176863079718,Low
1,1,2,9773,1,1,137.0,1,1,19,7,7,133.2,1,0,0,1,0,1,19,0,0,6,7,6,14.714285714285714,0,0,6,6,6,15.0,0,13.9,-0.3,0.79,Graduate,0,0.1234123553012148,Low
1,1,3,9773,1,1,130.0,1,19,19,9,9,123.0,1,0,0,1,0,0,18,0,0,6,6,6,12.666666666666666,0,0,6,7,6,12.833333333333334,0,12.7,3.7,-1.7,Graduate,0,0.08884497223554493,Low
1,53,1,9003,1,42,150.0,1,1,38,8,8,150.0,0,0,0,1,0,1,23,0,7,12,14,12,14.384615384615383,0,5,10,12,10,13.3,0,8.9,1.4,3.51,Graduate,0,0.07816238397610771,Low
1,17,3,9147,1,1,147.0,1,19,38,5,7,132.3,1,0,0,1,0,1,18,0,0,5,5,5,13.4,0,0,5,6,5,12.2,0,12.7,3.7,-1.7,Graduate,0,0.03331018956710058,Low
1,18,1,9500,1,1,140.0,1,37,38,5,7,126.0,1,0,0,1,0,0,18,0,0,8,8,7,13.314285714285717,0,0,8,8,7,13.314285714285717,0,12.7,3.7,-1.7,Graduate,0,0.03213489283320293,Low
1,1,3,9500,1,1,132.0,1,38,38,9,9,119.3,1,0,0,1,0,0,19,0,0,8,8,7,11.98857142857143,0,0,8,8,7,11.98857142857143,0,10.8,1.4,1.74,Graduate,0,0.023167456257526954,Low
1,53,1,9147,1,42,130.0,1,1,19,143,172,133.8,1,0,0,1,0,0,21,0,6,11,17,11,11.545454545454543,0,3,9,13,8,12.88888888888889,0,8.9,1.4,3.51,Graduate,0,0.07621392935686586,Low
1,1,1,9085,1,1,130.0,1,37,37,9,6,126.5,1,0,0,1,0,1,18,0,0,6,13,6,16.46153846153846,0,0,6,8,6,13.875,0,15.5,2.8,-4.06,Graduate,0,0.03140729165105616,Low
1,1,1,9773,1,1,151.0,1,38,37,9,5,138.4,1,0,0,1,0,1,24,0,0,6,7,6,13.666666666666666,0,0,6,6,6,12.833333333333334,0,10.8,1.4,1.74,Graduate,0,0.061982341380524456,Low
1,1,4,9500,1,1,144.0,1,3,39,2,3,129.0,1,0,0,1,0,0,18,0,0,7,8,7,12.65,0,0,8,9,8,13.411111111111111,0,16.2,0.3,-0.92,Dropout,1,0.46668326698789797,Medium
1,1,1,9670,1,1,127.0,1,19,1,5,7,118.3,1,0,0,1,0,0,18,0,0,6,7,6,12.333333333333334,0,0,6,10,3,12.0,0,13.9,-0.3,0.79,Enrolled,0,0.1523034046378871,Low
1,17,2,9500,1,1,131.0,1,19,37,9,7,129.8,1,0,0,1,0,0,20,0,0,7,8,6,14.37,0,0,8,10,7,14.65,0,12.4,0.5,1.79,Graduate,0,0.077034465740853,Low
1,17,2,9085,1,1,123.0,1,1,19,4,9,113.6,1,0,0,1,0,0,19,0,0,5,13,3,12.0,2,0,5,8,4,11.75,0,9.4,-0.8,-3.12,Enrolled,0,0.08901052979375113,Low
1,1,5,9773,1,1,130.0,1,34,38,0,8,128.3,1,0,0,0,0,1,18,0,0,6,12,3,12.0,0,0,6,15,3,10.666666666666666,0,7.6,2.6,0.32,Dropout,1,0.696557534463155,High
1,43,1,9254,1,1,130.0,1,1,19,5,7,130.0,0,0,0,1,0,1,19,0,0,6,11,4,12.0,0,0,6,14,3,11.0,0,10.8,1.4,1.74,Dropout,1,0.7040153296291168,High
1,17,2,9853,1,1,131.0,1,1,38,4,8,121.9,1,0,0,1,0,0,19,0,0,6,10,5,12.6,0,0,6,7,5,11.2,0,10.8,1.4,1.74,Graduate,0,0.1541297753006463,Low
1,1,5,9238,1,3,135.0,1,1,38,9,3,129.4,0,0,1,1,0,0,18,0,0,6,6,6,12.166666666666666,0,0,6,6,6,12.333333333333334,0,10.8,1.4,1.74,Graduate,0,0.09049566315236181,Low
1,1,2,9853,1,1,123.0,1,19,1,194,103,115.3,1,0,0,1,0,0,20,0,0,7,8,6,13.5,0,0,7,8,6,14.0,0,11.1,0.6,2.02,Enrolled,0,0.07345375435578969,Low
1,1,5,9500,1,1,145.0,1,38,38,9,9,125.5,1,0,0,1,0,1,18,0,0,8,8,8,13.76375,0,0,8,8,8,13.76375,0,9.4,-0.8,-3.12,Graduate,0,0.04669007212127274,Low
1,17,6,9556,1,1,118.0,1,38,38,5,5,117.8,1,0,0,1,0,1,19,0,0,7,11,6,12.4,0,0,7,8,6,12.8,0,11.1,0.6,2.02,Graduate,0,0.062455525210447956,Low
1,17,3,9147,1,1,125.0,1,3,38,2,10,118.7,1,0,0,1,0,0,18,0,0,5,16,4,10.666666666666666,0,0,5,11,2,12.0,0,13.9,-0.3,0.79,Enrolled,0,0.2412536763833234,Low
1,1,2,9500,1,1,152.0,1,37,37,9,9,139.0,1,0,0,1,0,0,18,0,0,7,7,6,14.333333333333334,0,0,7,7,6,14.333333333333334,0,7.6,2.6,0.32,Graduate,0,0.02591907914787178,Low
1,1,1,9085,1,1,101.0,1,1,37,4,9,98.9,1,0,0,1,0,0,21,0,0,6,12,4,12.5,0,0,6,13,2,12.666666666666666,0,11.1,0.6,2.02,Enrolled,0,0.20974451685832748,Low
1,17,1,9254,1,1,137.0,1,34,38,0,7,137.7,1,0,1,0,0,0,19,0,0,6,14,1,10.0,0,0,6,13,0,0.0,0,7.6,2.6,0.32,Dropout,1,0.9481764063555836,High
1,1,4,9500,1,1,123.0,1,1,1,3,3,113.6,1,0,0,1,0,0,21,0,0,7,8,7,14.69625,0,0,8,9,8,14.622222222222224,0,12.4,0.5,1.79,Graduate,0,0.06099931097559798,Low
1,1,1,9085,1,1,120.0,1,4,1,2,9,113.4,0,0,0,1,0,0,18,0,0,6,14,4,11.5,0,0,6,17,3,13.75,0,11.1,0.6,2.02,Enrolled,0,0.24339218644681546,Low
1,17,3,9556,1,1,131.0,1,19,38,9,7,128.5,0,0,0,1,0,1,18,0,0,7,9,7,12.855555555555556,0,0,8,8,8,13.9125,0,12.7,3.7,-1.7,Graduate,0,0.04615912539088415,Low
1,1,1,9500,1,1,141.0,1,1,1,3,10,142.8,0,0,0,1,0,0,18,0,0,7,7,7,13.7,0,0,8,9,8,13.994444444444444,0,11.1,0.6,2.02,Graduate,0,0.07466537908323626,Low
1,1,1,9130,1,1,144.0,1,3,1,1,3,137.7,0,0,0,0,0,0,23,0,0,5,9,0,0.0,3,1,5,10,1,12.0,3,10.8,1.4,1.74,Dropout,1,0.9472343762313439,High
1,1,1,9238,1,1,107.0,1,19,37,7,7,103.5,1,0,0,1,0,0,20,0,0,6,13,3,11.2,0,0,6,9,4,12.0,0,16.2,0.3,-0.92,Enrolled,0,0.4086087332883489,Medium
1,1,1,9500,1,1,133.0,1,38,38,5,5,123.2,0,0,0,1,0,0,18,0,0,7,7,7,13.285714285714286,0,0,8,9,8,13.333333333333334,0,16.2,0.3,-0.92,Graduate,0,0.052863887540642224,Low
1,17,2,9853,1,1,126.0,1,1,19,2,10,126.0,1,0,0,1,0,0,19,0,0,6,9,5,13.0,0,0,6,8,5,10.4,0,7.6,2.6,0.32,Enrolled,0,0.25428303153838167,Low
1,39,1,9500,1,1,133.1,1,1,38,3,7,121.7,0,0,0,1,0,1,27,0,0,7,8,6,12.6,0,0,7,9,6,11.685714285714283,0,12.4,0.5,1.79,Enrolled,0,0.04826877195107283,Low
1,17,1,9147,1,1,147.0,1,37,37,9,6,142.8,1,0,1,0,0,1,19,0,0,5,5,5,12.8,0,0,5,5,4,12.0,0,11.1,0.6,2.02,Enrolled,0,0.5619566644606541,Medium
1,43,1,9130,1,1,120.0,1,1,19,9,9,120.0,1,0,0,1,0,0,21,0,0,6,14,5,11.5,1,0,6,13,5,11.0,1,15.5,2.8,-4.06,Dropout,1,0.5480344176497294,Medium
1,18,1,9500,1,1,130.0,1,37,38,7,8,119.3,1,0,0,1,0,1,19,0,0,8,8,7,11.4,0,0,8,8,7,11.4,0,10.8,1.4,1.74,Graduate,0,0.028053938961324607,Low
1,44,1,9238,1,1,120.0,1,37,37,6,9,121.0,0,0,0,1,0,1,21,0,3,6,6,6,12.333333333333334,0,2,6,8,6,11.333333333333334,0,13.9,-0.3,0.79,Graduate,0,0.03165032537612282,Low
1,1,5,9773,1,1,138.0,1,19,19,9,9,139.4,1,0,0,1,0,0,18,0,0,6,7,5,12.8,0,0,6,10,4,12.2,0,10.8,1.4,1.74,Graduate,0,0.23533299722806125,Low
1,17,1,9085,1,1,124.0,1,19,38,7,7,113.9,1,0,0,1,0,1,20,0,0,5,8,5,12.0,1,0,5,8,4,15.0,1,12.7,3.7,-1.7,Graduate,0,0.06509961018906704,Low
1,1,1,9853,1,1,133.0,1,37,37,9,7,124.6,1,0,0,1,0,1,18,0,0,6,8,5,13.0,0,0,6,9,5,13.5,0,9.4,-0.8,-3.12,Graduate,0,0.0703930635004971,Low
1,17,1,9070,1,1,122.0,1,1,1,4,8,123.8,1,0,1,0,0,1,18,0,0,6,6,6,11.833333333333334,0,0,6,8,6,11.0,0,12.7,3.7,-1.7,Dropout,1,0.8084085570034426,High
1,1,3,9085,1,1,138.0,1,1,3,4,4,126.3,1,0,0,1,0,0,18,0,0,6,8,6,14.0,0,0,6,9,6,13.333333333333334,0,8.9,1.4,3.51,Graduate,0,0.06929529627080622,Low
1,17,4,9773,1,1,134.0,1,1,1,3,3,120.4,1,0,0,1,0,1,18,0,0,6,6,6,12.333333333333334,0,0,6,6,6,13.5,0,16.2,0.3,-0.92,Graduate,0,0.0968627571226437,Low
1,1,3,9500,1,1,128.0,1,1,1,7,7,120.5,1,0,0,1,0,1,19,0,0,7,10,5,13.04,0,0,7,7,7,12.5,0,12.4,0.5,1.79,Enrolled,0,0.05287001536469754,Low
1,53,1,9085,1,42,140.0,1,19,38,8,9,144.9,1,0,1,0,0,0,23,0,7,11,18,11,13.166666666666666,0,4,9,15,8,13.333333333333334,0,8.9,1.4,3.51,Enrolled,0,0.1452722793240843,Low
1,39,1,9085,1,19,133.1,1,19,19,4,9,139.9,1,0,0,1,0,1,24,0,1,6,7,6,12.5,0,0,6,11,6,12.833333333333334,0,8.9,1.4,3.51,Graduate,0,0.048412983167261794,Low
1,1,1,171,1,1,142.0,1,1,1,3,3,133.3,1,0,0,1,0,0,19,0,0,0,0,0,0.0,0,0,0,0,0,0.0,0,10.8,1.4,1.74,Graduate,0,0.23795726426964647,Low
1,1,3,9500,1,1,141.0,1,19,19,9,9,126.0,1,0,0,1,0,0,18,0,0,8,8,7,15.657142857142857,0,0,8,8,7,15.657142857142857,0,12.7,3.7,-1.7,Graduate,0,0.04889445461264268,Low
1,1,2,9070,1,1,145.0,1,1,19,4,3,133.5,0,0,0,1,0,0,19,0,0,6,6,6,12.166666666666666,0,0,6,6,6,11.333333333333334,0,12.7,3.7,-1.7,Graduate,0,0.0650541306487496,Low
1,17,2,9853,1,1,145.0,1,38,19,4,9,127.9,1,0,0,1,0,0,19,0,0,6,0,0,0.0,0,0,6,0,0,0.0,0,10.8,1.4,1.74,Dropout,1,0.9941427857590097,High
1,1,1,9238,1,1,108.0,1,1,38,5,8,105.9,0,0,0,1,0,1,20,0,0,6,11,5,10.6,0,0,6,9,5,11.166666666666666,0,11.1,0.6,2.02,Enrolled,0,0.07911306792083388,Low
1,1,1,9085,1,1,132.0,1,1,12,4,5,124.3,0,0,0,1,0,0,20,0,0,6,10,6,13.428571428571429,0,0,6,11,5,12.666666666666666,0,13.9,-0.3,0.79,Enrolled,0,0.04939508521372068,Low
1,39,1,9773,1,1,140.0,1,34,37,0,0,102.5,0,0,0,1,0,0,26,0,0,6,8,4,11.75,0,0,6,12,0,0.0,0,7.6,2.6,0.32,Dropout,1,0.9358730635376388,High
1,39,1,9254,1,19,133.1,1,19,1,9,5,97.0,0,0,1,0,1,0,36,0,0,5,10,0,0.0,0,0,5,5,0,0.0,0,15.5,2.8,-4.06,Dropout,1,0.989478955196425,High
1,17,1,171,1,1,128.0,1,1,1,4,10,134.7,0,0,0,0,1,0,19,0,0,0,0,0,0.0,0,0,0,0,0,0.0,0,10.8,1.4,1.74,Dropout,1,0.9407979144677754,High
1,42,1,9119,1,1,120.0,1,19,37,9,9,113.8,0,0,0,0,1,0,27,0,0,5,0,0,0.0,0,0,5,0,0,0.0,0,15.5,2.8,-4.06,Dropout,1,0.9967777942037976,High
1,1,4,9119,1,1,120.0,1,3,1,123,152,116.9,0,0,0,1,1,0,18,0,0,5,9,1,13.0,0,0,5,5,0,0.0,0,8.9,1.4,3.51,Dropout,1,0.8678610518026587,High
1,1,4,9500,1,1,139.0,1,37,38,9,9,124.0,1,0,0,1,1,1,18,0,0,8,8,7,13.331428571428573,0,0,8,8,7,13.331428571428573,0,10.8,1.4,1.74,Graduate,0,0.02857742274129973,Low
1,39,1,9070,1,1,139.3,1,38,38,5,5,117.5,0,0,0,1,1,0,28,0,0,6,0,0,0.0,0,0,6,0,0,0.0,0,12.4,0.5,1.79,Dropout,1,0.9826841612473374,High
1,44,1,171,1,39,150.0,1,19,1,9,9,154.8,1,0,0,1,1,0,21,0,0,0,0,0,0.0,0,0,0,0,0,0.0,0,12.4,0.5,1.79,Graduate,0,0.18714362355786535,Low
1,1,1,9500,1,1,138.0,1,19,37,4,9,141.0,0,0,0,1,1,0,19,0,0,7,7,6,13.7,0,0,7,7,6,13.7,0,7.6,2.6,0.32,Graduate,0,0.02883860521056321,Low
1,39,1,9670,1,9,133.1,1,6,22,3,3,120.0,0,0,1,0,1,0,26,0,0,5,5,0,0.0,0,0,5,5,0,0.0,5,9.4,-0.8,-3.12,Dropout,1,0.9878335562396549,High
1,51,1,9119,1,1,136.0,1,1,19,3,5,133.6,1,0,0,1,1,0,20,0,4,9,12,9,13.454545454545457,0,2,7,9,6,13.875,0,11.1,0.6,2.02,Dropout,1,0.500373018162614,Medium
1,1,6,9500,1,1,134.0,1,38,38,9,9,122.0,1,0,0,1,1,0,19,0,0,8,8,7,12.2,0,0,8,8,7,12.2,0,12.7,3.7,-1.7,Graduate,0,0.05060230254332941,Low
1,1,1,9147,1,1,140.0,1,19,19,7,3,120.0,1,0,0,1,1,0,21,0,0,5,8,3,10.0,0,0,5,10,4,11.0,0,12.7,3.7,-1.7,Dropout,1,0.6439618955339694,High
1,53,1,9670,1,42,110.0,1,1,19,9,9,114.2,0,0,0,1,1,1,23,0,0,6,7,5,13.0,0,0,6,7,6,12.857142857142858,0,8.9,1.4,3.51,Graduate,0,0.08722790653459671,Low
1,39,1,8014,0,38,133.1,1,38,37,4,8,95.5,0,0,0,1,1,0,29,0,0,6,11,6,12.0,0,0,6,6,6,14.0,0,11.1,0.6,2.02,Graduate,0,0.16612782154401556,Low
1,1,1,9500,1,1,129.0,1,1,1,9,9,120.0,0,0,0,1,1,0,20,0,0,8,8,7,15.028571428571428,0,0,8,8,7,15.028571428571428,0,12.7,3.7,-1.7,Graduate,0,0.02366422555651611,Low
1,1,1,9238,1,1,116.0,1,1,19,5,9,111.1,0,0,0,1,1,0,18,0,0,6,8,6,12.0,0,0,6,7,6,11.714285714285714,0,15.5,2.8,-4.06,Graduate,0,0.07790014233899623,Low
1,1,1,9773,1,1,130.0,1,1,38,3,5,128.6,1,0,0,1,1,0,19,0,0,6,8,5,12.0,0,0,6,8,5,12.4,0,9.4,-0.8,-3.12,Graduate,0,0.08648401881171316,Low
1,7,1,9556,1,3,130.0,1,1,37,4,8,130.0,0,0,0,0,1,0,23,0,3,7,7,3,13.666666666666666,0,3,8,8,3,11.333333333333334,4,10.8,1.4,1.74,Dropout,1,0.9251799517722429,High
1,1,1,171,1,1,116.0,1,38,1,5,1,111.1,0,0,0,1,1,0,21,0,0,0,0,0,0.0,0,0,0,0,0,0.0,0,13.9,-0.3,0.79,Dropout,1,0.8706196827637989,High
1,17,1,9147,1,1,136.0,1,1,1,9,3,122.7,1,0,0,1,1,0,18,0,0,5,6,5,12.0,0,0,5,7,4,12.5,0,15.5,2.8,-4.06,Enrolled,0,0.10797351756082195,Low
1,1,1,171,1,1,147.0,1,37,19,7,7,134.4,1,0,0,1,1,1,18,0,0,0,0,0,0.0,0,0,0,0,0,0.0,0,10.8,1.4,1.74,Graduate,0,0.0682865862136652,Low
1,1,5,9070,1,1,117.0,1,19,37,5,5,131.0,1,0,1,0,1,0,21,0,0,6,6,1,14.0,0,0,6,7,0,0.0,7,9.4,-0.8,-3.12,Dropout,1,0.9243973515358587,High
1,51,1,9238,1,1,141.0,1,1,1,5,9,125.0,0,0,0,1,1,0,22,0,0,6,6,0,0.0,0,0,6,7,0,0.0,0,11.1,0.6,2.02,Dropout,1,0.9780921195676342,High
1,18,1,9556,1,1,133.1,1,3,19,2,8,106.0,1,0,0,1,1,0,21,0,0,7,8,7,12.375,0,0,7,11,5,12.583333333333334,0,8.9,1.4,3.51,Graduate,0,0.1315715028951742,Low
1,39,1,9500,1,1,133.1,1,38,19,9,9,128.0,1,0,0,0,1,0,32,0,0,7,0,0,0.0,0,0,8,0,0,0.0,0,16.2,0.3,-0.92,Dropout,1,0.9766560584101049,High
1,7,1,9003,1,3,120.0,1,1,19,4,1,120.0,1,0,0,1,1,0,27,0,14,18,21,18,11.421052631578949,0,10,13,16,13,11.076923076923077,1,15.5,2.8,-4.06,Graduate,0,0.16330148864220556,Low
1,1,1,9500,1,1,148.0,1,19,38,9,8,134.8,1,0,0,1,1,0,18,0,0,7,7,6,13.35,0,0,7,7,6,13.35,0,7.6,2.6,0.32,Graduate,0,0.03877192196503346,Low
1,39,1,9070,1,1,130.0,1,1,1,5,3,112.0,1,0,0,1,1,1,24,0,0,6,6,6,15.0,0,0,6,6,2,16.0,0,15.5,2.8,-4.06,Graduate,0,0.12823540625064128,Low
1,1,1,9130,1,1,120.0,1,19,37,1,9,116.1,1,0,0,1,1,0,22,0,0,5,9,2,10.5,0,0,5,5,0,0.0,0,12.7,3.7,-1.7,Dropout,1,0.9839431965538823,High
1,43,1,9130,1,1,120.0,1,2,3,3,2,120.0,1,0,0,0,1,0,22,0,0,6,0,0,0.0,0,0,4,6,0,0.0,2,10.8,1.4,1.74,Dropout,1,0.9370824720462348,High
1,1,3,9147,1,1,133.0,1,37,37,9,5,119.7,1,0,0,1,1,0,19,0,0,5,8,5,13.25,0,0,5,6,5,11.833333333333334,0,13.9,-0.3,0.79,Graduate,0,0.05036089559221334,Low
1,17,6,9119,1,1,129.0,1,37,13,4,90,117.1,1,0,0,1,1,0,19,0,0,5,10,0,0.0,0,0,5,5,0,0.0,0,7.6,2.6,0.32,Dropout,1,0.9342726771708157,High
1,1,2,9085,1,1,118.0,1,1,19,3,3,112.4,1,0,0,1,1,0,21,0,0,5,7,4,11.5,0,0,5,15,3,10.6,4,10.8,1.4,1.74,Enrolled,0,0.41340593361295486,Medium
1,1,2,9500,1,1,140.0,1,1,1,2,7,131.0,1,0,0,1,0,1,18,0,0,8,8,8,13.88125,0,0,8,8,8,13.88125,0,9.4,-0.8,-3.12,Graduate,0,0.04713693815092229,Low
1,1,2,9254,1,1,127.0,1,3,19,3,10,130.9,1,0,0,1,0,0,18,0,0,6,8,6,11.333333333333334,0,0,6,8,5,12.6,0,9.4,-0.8,-3.12,Graduate,0,0.07954053558753658,Low
1,1,1,171,1,1,131.0,1,19,19,9,9,134.9,1,0,1,1,0,0,20,0,0,0,0,0,0.0,0,0,0,0,0,0.0,0,16.2,0.3,-0.92,Dropout,1,0.796160462432282,High
1,17,1,9238,1,1,132.0,1,1,19,4,9,127.1,1,0,0,1,0,0,19,0,0,6,7,6,12.857142857142858,0,0,6,7,6,13.666666666666666,0,13.9,-0.3,0.79,Graduate,0,0.07349932828456546,Low
1,17,5,9773,1,1,113.0,1,38,38,191,175,110.2,1,0,1,1,0,0,19,0,0,6,6,5,11.6,0,0,6,6,6,12.5,0,8.9,1.4,3.51,Graduate,0,0.18911553220805022,Low
1,17,1,9254,1,1,115.0,1,12,1,9,3,108.7,1,0,0,1,0,1,18,0,0,6,9,5,11.4,0,0,6,6,6,11.333333333333334,0,12.4,0.5,1.79,Graduate,0,0.08795016296271867,Low
1,1,1,9130,1,1,133.1,1,1,1,3,9,138.0,1,0,0,1,0,0,20,0,0,6,11,6,13.333333333333334,0,0,6,10,6,13.0,0,16.2,0.3,-0.92,Enrolled,0,0.06124722404216643,Low
1,44,1,9070,1,39,150.0,1,12,37,3,9,147.7,0,0,1,1,0,1,22,0,2,7,7,7,13.571428571428571,0,5,9,9,9,13.77777777777778,0,12.4,0.5,1.79,Graduate,0,0.037547828355448246,Low
2,39,1,9556,1,19,133.1,1,37,38,9,9,123.0,0,0,0,1,0,0,31,0,0,7,13,6,11.833333333333334,0,0,7,8,7,12.228571428571428,0,12.4,0.5,1.79,Graduate,0,0.09301641076438505,Low
1,17,1,9853,1,1,141.0,1,19,19,9,8,142.8,0,0,0,1,0,1,19,0,0,7,7,7,14.428571428571429,0,0,7,7,7,14.142857142857142,0,16.2,0.3,-0.92,Graduate,0,0.03086902929366751,Low
1,1,2,171,1,1,140.0,1,1,3,3,3,138.3,1,0,0,1,0,0,18,0,0,0,0,0,0.0,0,0,0,0,0,0.0,0,12.4,0.5,1.79,Enrolled,0,0.052152034611993386,Low
1,1,2,9254,1,1,136.0,1,38,38,9,7,125.2,1,0,0,1,0,1,18,0,0,6,8,6,12.285714285714286,0,0,6,9,5,12.4,0,8.9,1.4,3.51,Graduate,0,0.06658854917444329,Low
1,1,1,9085,1,1,140.0,1,12,1,1,90,141.8,0,0,0,1,0,0,21,0,0,5,7,5,14.4,0,0,5,5,5,13.8,0,7.6,2.6,0.32,Graduate,0,0.06101817862953675,Low
1,17,5,9500,1,1,143.0,1,38,1,9,7,130.6,1,0,0,1,0,1,18,0,0,7,8,7,13.15,0,0,8,9,8,15.06875,0,13.9,-0.3,0.79,Graduate,0,0.08053645641696403,Low
1,44,1,9147,1,39,130.0,22,2,37,2,8,130.0,0,0,1,0,1,0,25,1,0,5,6,0,0.0,0,0,5,5,0,0.0,0,15.5,2.8,-4.06,Dropout,1,0.9704540472260593,High
1,15,1,9119,1,1,133.1,41,1,3,5,8,100.0,0,0,1,1,1,0,21,1,0,5,5,0,0.0,0,0,6,8,0,0.0,0,11.1,0.6,2.02,Dropout,1,0.952990941185734,High
1,18,2,9500,1,1,129.0,1,38,37,5,5,119.0,1,0,0,1,0,1,19,0,0,8,8,7,12.342857142857143,0,0,8,8,7,12.342857142857143,0,10.8,1.4,1.74,Graduate,0,0.013064280864625443,Low
1,1,2,9773,1,1,132.0,1,38,1,9,9,124.3,1,0,0,1,0,0,19,0,0,6,6,5,12.2,0,0,6,7,5,10.8,0,10.8,1.4,1.74,Enrolled,0,0.17816105183946515,Low
1,17,1,9254,1,1,118.0,1,11,34,5,0,122.2,1,0,0,1,0,0,22,0,0,6,10,4,10.5,0,0,6,14,1,11.0,0,7.6,2.6,0.32,Dropout,1,0.8864503529192653,High
1,15,1,9147,1,1,150.0,1,38,1,9,1,150.0,0,0,0,1,1,0,19,0,0,5,5,5,10.6,0,0,5,8,5,11.6,0,12.4,0.5,1.79,Graduate,0,0.059258698511871086,Low
1,39,1,8014,0,19,133.1,1,37,37,9,5,135.5,0,0,0,1,0,0,58,0,0,6,6,0,0.0,0,0,6,6,0,0.0,0,11.1,0.6,2.02,Dropout,1,0.983697285917872,High
1,16,2,9238,1,1,122.0,1,19,37,9,7,127.3,1,0,0,1,0,1,19,0,0,6,8,4,11.25,0,0,6,6,6,12.0,0,10.8,1.4,1.74,Graduate,0,0.12886523847154852,Low
1,43,1,9670,1,1,127.0,22,37,37,9,9,127.0,1,0,0,1,1,0,23,1,3,9,11,6,10.5,0,4,10,10,10,11.7,0,9.4,-0.8,-3.12,Graduate,0,0.19595987526873937,Low
1,1,2,9773,1,1,122.0,1,37,37,9,9,126.9,1,0,0,1,0,1,19,0,0,6,11,4,11.0,0,0,6,11,3,11.666666666666666,0,9.4,-0.8,-3.12,Enrolled,0,0.21282408616235565,Low
1,18,3,9500,1,1,131.0,1,19,1,4,7,127.5,1,0,0,1,0,0,18,0,0,7,7,7,13.457142857142856,0,0,8,8,8,14.5125,0,13.9,-0.3,0.79,Graduate,0,0.11114208330519214,Low
1,1,2,9085,1,1,130.0,1,19,19,90,90,122.0,0,0,0,1,0,0,20,0,0,5,6,5,12.6,0,0,5,8,4,12.333333333333334,0,7.6,2.6,0.32,Graduate,0,0.07462918974555359,Low
1,17,5,9085,1,1,130.0,1,19,19,90,7,115.8,0,0,0,0,0,0,18,0,0,6,0,0,0.0,0,0,6,0,0,0.0,0,12.7,3.7,-1.7,Dropout,1,0.9762806811879065,High
1,17,1,9670,1,1,130.0,1,3,19,5,5,121.6,0,0,0,1,0,0,18,0,0,6,6,6,13.666666666666666,0,0,6,8,5,13.6,0,8.9,1.4,3.51,Graduate,0,0.06337705378006825,Low
1,17,4,9147,1,1,122.0,1,19,19,5,7,116.4,1,0,1,1,0,1,18,0,0,5,5,5,11.6,0,0,5,5,5,11.8,0,11.1,0.6,2.02,Graduate,0,0.1127332748770227,Low
1,39,1,9130,1,1,114.0,1,38,38,9,10,120.0,0,0,0,1,0,0,24,0,0,6,9,6,12.571428571428571,0,0,6,10,5,12.833333333333334,0,11.1,0.6,2.02,Dropout,1,0.33252885285807515,Medium
1,17,4,9853,1,1,143.0,1,37,37,9,5,127.3,1,0,0,1,0,0,18,0,0,6,7,5,11.8,0,0,6,7,5,11.4,0,10.8,1.4,1.74,Dropout,1,0.24950510188824723,Low
1,1,3,9147,1,1,127.0,1,1,38,5,7,123.5,1,0,0,1,0,1,19,0,0,5,5,5,11.6,0,0,5,11,3,12.666666666666666,0,9.4,-0.8,-3.12,Enrolled,0,0.18634503279736944,Low
1,17,3,9238,1,1,141.0,1,19,38,9,7,125.6,1,0,0,1,0,1,19,0,0,6,8,6,11.333333333333334,0,0,6,6,6,11.833333333333334,0,8.9,1.4,3.51,Graduate,0,0.05495925799568069,Low
1,1,1,9254,1,1,129.0,1,38,38,6,6,118.5,1,0,0,1,0,0,18,0,0,6,6,6,10.666666666666666,0,0,6,6,6,11.5,0,7.6,2.6,0.32,Graduate,0,0.042734705072173834,Low
1,1,2,9130,1,1,140.0,1,19,37,9,9,129.5,1,0,0,1,0,0,18,0,0,5,10,4,13.5,1,0,5,5,5,13.4,0,12.7,3.7,-1.7,Enrolled,0,0.04673951843975041,Low
1,1,1,171,1,1,137.0,1,19,19,5,5,134.6,1,0,0,1,0,1,19,0,0,0,0,0,0.0,0,0,0,0,0,0.0,0,10.8,1.4,1.74,Graduate,0,0.1423761147998713,Low
1,44,1,9085,1,1,140.0,1,4,4,2,6,140.0,0,0,0,1,0,0,22,0,2,6,9,6,13.333333333333334,0,1,6,9,4,11.5,0,13.9,-0.3,0.79,Graduate,0,0.1775455055738047,Low
1,1,1,9254,1,1,143.0,1,2,37,1,1,133.2,1,0,0,1,0,0,19,0,0,6,9,5,13.4,0,0,6,16,2,13.5,0,10.8,1.4,1.74,Enrolled,0,0.4798713820518133,Medium
3,17,1,9238,1,1,138.0,1,37,37,9,9,133.5,1,0,0,1,0,1,21,0,0,6,8,3,10.2,0,0,6,13,4,12.25,0,12.7,3.7,-1.7,Enrolled,0,0.156779295001762,Low
1,17,1,9773,1,1,120.0,1,19,38,9,7,117.9,1,0,0,1,0,1,21,0,0,6,6,5,13.0,0,0,6,7,6,12.833333333333334,0,8.9,1.4,3.51,Graduate,0,0.06605564413016315,Low
1,1,3,9500,1,1,144.0,1,38,38,5,7,128.0,1,0,0,1,0,1,18,0,0,8,11,7,12.90857142857143,0,0,8,11,7,12.90857142857143,0,10.8,1.4,1.74,Graduate,0,0.027536487562936043,Low
1,1,5,9853,1,1,123.0,1,1,12,4,9,113.2,1,0,0,1,0,0,20,0,0,6,12,4,12.0,0,0,6,11,1,10.0,0,10.8,1.4,1.74,Dropout,1,0.8982831273439683,High
1,1,3,9254,1,1,129.0,1,37,38,7,7,122.0,1,0,0,1,0,1,18,0,0,6,9,6,10.833333333333334,0,0,6,8,5,11.0,0,7.6,2.6,0.32,Enrolled,0,0.06562204156584427,Low
1,16,3,9070,1,1,152.0,1,1,38,4,8,156.9,1,0,0,1,0,0,19,0,0,6,6,6,15.333333333333334,0,0,6,9,6,15.833333333333334,0,12.7,3.7,-1.7,Graduate,0,0.08377046131162903,Low
1,1,2,9500,1,1,130.0,1,1,38,9,9,125.1,1,0,0,1,0,1,18,0,0,7,9,6,12.816666666666668,0,0,8,11,6,12.875,0,11.1,0.6,2.02,Enrolled,0,0.041372955600539774,Low
1,15,1,9147,1,1,133.1,41,41,1,3,4,100.0,0,0,1,0,1,0,26,1,6,7,7,6,13.0,0,2,6,6,2,14.0,0,11.1,0.6,2.02,Dropout,1,0.8870806747058414,High
1,15,1,9119,1,1,160.0,32,1,3,143,152,160.0,0,0,1,1,0,0,19,1,0,6,11,2,13.5,1,0,5,11,2,11.0,0,8.9,1.4,3.51,Enrolled,0,0.3377842785759762,Medium
2,39,1,8014,0,1,140.0,1,37,37,9,9,101.0,0,0,0,1,0,0,35,0,0,6,7,6,12.5,0,0,6,6,6,12.166666666666666,0,15.5,2.8,-4.06,Graduate,0,0.02713495821210408,Low
1,18,1,9670,1,1,133.0,1,1,1,9,9,121.5,1,0,0,1,0,1,19,0,0,6,7,6,13.0,0,0,6,6,6,14.333333333333334,0,12.4,0.5,1.79,Graduate,0,0.05596796662518533,Low
1,1,1,9085,1,1,138.0,1,38,37,9,6,126.8,1,0,0,1,1,0,18,0,0,5,6,4,11.75,0,0,5,10,5,12.571428571428571,1,10.8,1.4,1.74,Graduate,0,0.07171366944460016,Low
1,1,5,9670,1,1,142.0,1,19,19,7,3,132.9,0,0,0,1,1,0,19,0,0,5,5,4,12.5,0,0,5,5,4,14.25,0,7.6,2.6,0.32,Graduate,0,0.11805398548088744,Low
1,1,1,171,1,1,115.0,1,1,1,9,9,134.3,1,0,0,1,1,0,25,0,16,17,19,17,11.61111111111111,0,14,17,22,17,12.055555555555555,0,12.4,0.5,1.79,Graduate,0,0.09766729039637209,Low
1,17,6,9254,1,1,125.0,1,1,1,4,3,120.5,1,0,0,1,1,0,18,0,0,6,6,6,14.0,0,0,6,6,6,14.666666666666666,0,11.1,0.6,2.02,Graduate,0,0.09478724280615099,Low
1,17,1,9003,1,1,170.0,1,1,4,9,5,144.1,1,0,1,0,1,0,26,0,0,6,8,0,0.0,0,0,6,10,0,0.0,0,16.2,0.3,-0.92,Dropout,1,0.964273783982876,High
1,43,1,9991,0,1,140.0,1,1,1,6,6,100.0,0,0,0,1,1,0,34,0,0,5,5,5,13.8,0,0,5,6,5,13.833333333333334,0,9.4,-0.8,-3.12,Graduate,0,0.07737732839963085,Low
1,1,2,9254,1,1,110.0,1,4,19,4,3,114.8,1,0,0,0,1,0,18,0,0,5,6,0,0.0,0,0,5,5,0,0.0,0,12.7,3.7,-1.7,Dropout,1,0.9715318041625204,High
1,1,1,171,1,1,114.0,1,3,29,3,5,111.9,0,0,0,0,1,0,18,0,0,0,0,0,0.0,0,0,0,0,0,0.0,0,9.4,-0.8,-3.12,Dropout,1,0.8935557368263426,High
1,17,3,9119,1,1,138.0,1,1,19,4,3,125.4,1,0,0,1,1,1,18,0,0,5,9,4,12.25,0,0,5,9,3,12.333333333333334,0,8.9,1.4,3.51,Dropout,1,0.3448225335446546,Medium
1,44,1,9003,1,39,140.0,1,37,37,9,4,140.0,0,0,0,1,1,0,20,0,0,6,12,3,11.5,0,0,6,12,3,13.666666666666666,0,12.4,0.5,1.79,Dropout,1,0.7492437507510844,High
1,44,1,9070,1,39,140.0,1,1,19,4,4,140.0,0,0,0,1,1,0,25,0,2,7,9,6,12.571428571428571,0,5,9,9,9,12.555555555555555,0,16.2,0.3,-0.92,Graduate,0,0.14779077396373766,Low
1,17,1,9130,1,1,132.0,1,2,1,4,1,127.8,0,0,0,1,1,0,18,0,0,6,9,6,12.0,0,0,6,10,5,12.166666666666666,0,11.1,0.6,2.02,Dropout,1,0.40763620986801324,Medium
1,1,1,9003,1,1,148.0,1,19,37,9,9,131.6,1,0,0,1,1,0,19,0,8,12,17,11,12.0,2,4,12,21,12,12.307692307692308,0,15.5,2.8,-4.06,Graduate,0,0.056026385042864404,Low
1,1,1,171,1,1,132.0,1,1,1,4,1,119.4,1,0,0,1,1,0,20,0,0,0,0,0,0.0,0,0,0,0,0,0.0,0,10.8,1.4,1.74,Dropout,1,0.8553804375228625,High
1,18,2,9238,1,1,126.0,1,19,37,5,7,129.9,1,0,0,1,1,1,20,0,1,7,9,6,12.0,0,2,6,6,6,11.166666666666666,0,10.8,1.4,1.74,Graduate,0,0.13955087359904,Low
1,1,1,9119,1,1,121.0,1,3,1,2,3,114.0,0,0,0,1,1,0,20,0,0,5,9,4,11.6,0,0,5,7,4,12.25,2,7.6,2.6,0.32,Enrolled,0,0.12264017493085824,Low
1,1,2,9147,1,1,120.0,1,1,37,4,9,113.4,1,0,0,1,1,1,19,0,0,5,5,0,0.0,0,0,5,5,0,0.0,0,11.1,0.6,2.02,Dropout,1,0.9362017714295672,High
1,1,1,9147,1,1,123.0,1,1,19,4,5,117.8,0,0,0,1,1,0,20,0,0,5,9,5,12.0,0,0,5,9,4,13.0,0,8.9,1.4,3.51,Enrolled,0,0.13109350388335667,Low
1,1,6,9500,1,1,122.0,1,1,1,3,7,114.3,1,0,0,1,1,0,18,0,0,7,8,6,13.976666666666668,0,0,8,12,6,12.041666666666666,1,11.1,0.6,2.02,Enrolled,0,0.09549075868937903,Low
1,1,1,9670,1,1,136.0,1,2,38,143,163,129.7,1,0,0,1,1,0,19,0,0,6,10,4,12.5,0,0,6,12,1,10.0,3,16.2,0.3,-0.92,Enrolled,0,0.28892671207963955,Low
1,18,1,9147,1,1,119.0,1,37,37,7,7,112.0,1,0,0,0,1,0,20,0,0,5,5,0,0.0,0,0,5,0,0,0.0,0,9.4,-0.8,-3.12,Dropout,1,0.993845100832473,High
1,39,1,9670,1,1,120.0,1,38,37,7,7,140.0,0,0,0,1,1,0,24,0,0,6,15,4,10.5,0,0,6,16,4,12.5,0,15.5,2.8,-4.06,Dropout,1,0.8254839077252831,High
1,44,1,9003,1,39,150.0,1,38,38,9,8,150.0,1,0,0,1,1,0,20,0,0,6,8,5,12.857142857142858,0,0,6,11,6,12.3,0,16.2,0.3,-0.92,Graduate,0,0.04668488534541404,Low
1,1,3,9670,1,1,121.0,1,3,19,2,8,122.4,1,0,0,1,1,0,19,0,0,5,7,3,11.666666666666666,0,0,5,5,4,12.0,0,9.4,-0.8,-3.12,Enrolled,0,0.1478554465119734,Low
1,51,1,9119,1,1,140.0,1,1,19,4,4,150.0,0,0,0,1,1,0,23,0,0,5,7,2,13.0,0,0,5,11,1,10.0,0,8.9,1.4,3.51,Dropout,1,0.6839310404843237,High
1,17,2,9254,1,1,135.0,1,19,19,4,3,135.0,1,0,0,1,1,0,20,0,0,6,8,6,11.833333333333334,0,0,6,9,5,10.4,0,7.6,2.6,0.32,Enrolled,0,0.24712282198866595,Low
1,43,4,8014,0,1,116.0,1,34,34,0,0,116.2,0,0,0,1,1,0,21,0,9,11,11,11,12.454545454545457,0,3,11,17,8,12.75,0,9.4,-0.8,-3.12,Graduate,0,0.1287998330323751,Low
1,17,2,9119,1,1,120.0,1,10,12,9,9,120.4,1,0,0,1,1,0,20,0,0,5,6,3,11.0,0,0,5,6,0,0.0,0,10.8,1.4,1.74,Dropout,1,0.9126088597293752,High
2,17,5,9119,1,1,126.0,1,37,38,4,4,122.9,1,0,0,1,1,0,21,0,0,5,10,4,13.2,0,0,5,7,4,14.25,2,7.6,2.6,0.32,Enrolled,0,0.14850783180290586,Low
1,1,1,9773,1,1,170.0,1,1,19,9,7,155.0,0,0,0,1,1,1,18,0,0,6,6,6,15.5,0,0,6,6,6,14.166666666666666,0,11.1,0.6,2.02,Graduate,0,0.05880431154830699,Low
1,1,3,9254,1,1,123.0,1,1,1,4,3,123.4,1,0,0,1,1,0,18,0,0,6,8,6,12.333333333333334,0,0,6,6,6,13.666666666666666,0,11.1,0.6,2.02,Graduate,0,0.09722613743894332,Low
1,17,1,9147,1,1,120.0,1,3,38,3,7,124.2,1,0,0,1,1,0,18,0,0,5,13,5,12.0,0,0,5,9,4,11.4,0,13.9,-0.3,0.79,Enrolled,0,0.16710296973014088,Low
1,44,1,9003,1,39,130.0,1,3,3,7,1,130.0,1,0,0,1,1,0,20,0,0,6,12,4,11.6,0,0,6,11,5,11.5,0,15.5,2.8,-4.06,Enrolled,0,0.34339843327214076,Medium
1,17,1,9773,1,1,130.0,1,19,38,4,9,126.2,0,0,0,1,1,1,18,0,0,6,7,6,11.333333333333334,0,0,6,8,6,12.285714285714286,0,16.2,0.3,-0.92,Graduate,0,0.057283816737886004,Low
1,17,1,9773,1,1,117.0,1,37,37,0,4,120.5,1,0,0,1,1,0,19,0,0,6,12,0,0.0,1,0,6,0,0,0.0,0,9.4,-0.8,-3.12,Dropout,1,0.9614357076872676,High
1,17,1,9119,1,1,131.0,1,1,3,9,10,123.7,1,0,0,1,1,0,20,0,0,5,7,4,12.0,0,0,5,8,2,12.5,0,10.8,1.4,1.74,Enrolled,0,0.2799680709537345,Low
1,17,1,9130,1,1,130.0,1,19,38,4,7,122.5,0,0,0,1,1,0,19,0,0,5,11,4,12.0,1,0,5,9,5,12.6,0,9.4,-0.8,-3.12,Graduate,0,0.09917987671063973,Low
1,39,1,9991,0,1,133.0,1,37,37,9,5,139.2,1,0,1,1,1,0,33,0,0,5,11,2,12.5,0,0,5,9,2,11.5,1,12.7,3.7,-1.7,Dropout,1,0.9225100478084545,High
1,51,1,171,1,1,128.0,1,2,1,3,3,131.2,1,0,0,1,1,0,21,0,6,12,12,12,13.666666666666666,0,4,11,16,11,13.0,0,8.9,1.4,3.51,Graduate,0,0.07905868533407646,Low
2,39,1,9003,1,1,133.1,1,1,19,4,4,120.0,0,0,1,0,1,0,25,0,0,6,17,2,14.5,2,0,6,13,0,0.0,1,15.5,2.8,-4.06,Dropout,1,0.9754509824290845,High
1,1,1,9085,1,1,123.0,1,1,1,4,9,116.7,1,0,0,1,1,1,20,0,0,6,10,4,13.2,0,0,6,8,0,0.0,0,12.4,0.5,1.79,Dropout,1,0.7511864154102058,High
1,53,1,9085,1,42,150.0,1,1,1,9,4,150.0,1,0,0,1,1,1,22,0,1,7,11,5,12.166666666666666,0,4,8,14,5,14.8,0,8.9,1.4,3.51,Dropout,1,0.7221912974221714,High
4,39,1,9773,1,19,133.1,1,37,37,9,1,117.5,0,0,0,1,0,0,39,0,0,6,10,4,11.25,0,0,6,6,6,11.333333333333334,0,10.8,1.4,1.74,Graduate,0,0.15163611384520473,Low
1,1,2,9670,1,1,140.0,1,3,1,2,6,137.6,1,0,0,1,1,1,21,0,0,6,8,6,15.166666666666666,0,0,6,7,6,14.428571428571429,0,8.9,1.4,3.51,Graduate,0,0.05703846983620244,Low
1,17,1,9254,1,1,126.0,1,1,1,9,9,124.3,0,0,0,1,0,1,19,0,0,6,8,6,11.166666666666666,0,0,6,7,4,13.4,0,16.2,0.3,-0.92,Graduate,0,0.07063356885271982,Low
1,39,1,9500,1,19,133.1,1,37,37,9,7,116.0,0,0,0,1,0,1,26,0,0,7,8,6,10.983333333333334,0,0,7,8,6,10.983333333333334,0,7.6,2.6,0.32,Graduate,0,0.1351543796634804,Low
1,18,2,9238,1,1,121.0,1,19,1,4,3,121.4,1,0,0,1,0,1,19,0,0,6,8,4,10.75,0,0,6,11,5,11.5,0,15.5,2.8,-4.06,Graduate,0,0.1879487848254787,Low
1,53,1,9085,1,42,140.0,1,1,3,4,2,142.8,1,0,0,0,0,1,20,0,7,12,15,11,13.384615384615383,0,4,9,13,7,14.285714285714286,0,8.9,1.4,3.51,Graduate,0,0.06286430693360306,Low
1,17,1,9670,1,1,133.1,1,1,37,4,9,96.0,1,0,0,1,0,1,25,0,0,6,8,6,11.285714285714286,0,0,6,10,5,12.2,0,15.5,2.8,-4.06,Enrolled,0,0.2358750625377643,Low
1,43,1,8014,0,1,131.0,1,19,37,8,5,125.0,0,0,0,1,1,0,24,0,0,6,13,0,0.0,3,0,6,6,0,0.0,0,16.2,0.3,-0.92,Dropout,1,0.9872190012278793,High
1,17,6,9119,1,1,124.0,1,19,19,4,0,126.1,1,0,0,1,1,0,20,0,0,5,7,4,13.0,0,0,5,9,5,14.833333333333334,3,7.6,2.6,0.32,Graduate,0,0.11425291676316232,Low
2,39,1,9003,1,1,120.0,1,37,37,9,9,155.8,0,0,0,1,1,0,29,0,0,6,9,6,16.11111111111111,0,0,6,7,6,13.5,0,13.9,-0.3,0.79,Graduate,0,0.05619501098437273,Low
1,1,1,9773,1,1,133.1,1,1,3,9,9,116.0,0,0,0,1,1,0,20,0,0,6,8,6,11.5,0,0,6,8,6,11.0,0,16.2,0.3,-0.92,Graduate,0,0.1544090077867072,Low
1,44,1,9130,1,39,110.0,1,3,4,2,2,110.0,1,0,0,1,1,0,20,0,0,6,15,4,10.75,0,0,6,12,2,10.5,0,13.9,-0.3,0.79,Dropout,1,0.8410169293555779,High
1,39,1,9670,1,19,133.1,1,19,1,5,8,97.2,1,0,0,1,1,1,24,0,0,6,10,4,11.6,0,0,6,8,5,13.0,0,11.1,0.6,2.02,Graduate,0,0.26585632347080707,Low
1,39,1,9500,1,19,133.1,1,1,3,2,2,100.0,0,0,1,1,1,0,24,0,0,7,21,0,0.0,3,0,7,7,0,0.0,0,16.2,0.3,-0.92,Dropout,1,0.9487692913964149,High
1,7,1,9119,1,40,140.0,1,3,1,2,5,140.0,0,0,0,1,1,0,23,0,0,5,5,5,13.8,0,0,5,7,5,14.142857142857142,0,11.1,0.6,2.02,Graduate,0,0.13690994084057395,Low
1,43,1,9556,1,1,130.0,1,1,37,5,5,128.0,1,0,0,1,1,0,20,0,0,7,8,7,13.585714285714284,0,0,8,8,8,14.6875,0,15.5,2.8,-4.06,Graduate,0,0.054784837395738285,Low
1,17,2,9670,1,1,110.0,1,1,1,4,10,115.3,1,0,0,1,1,0,19,0,0,6,8,6,13.857142857142858,0,0,6,8,5,13.0,0,15.5,2.8,-4.06,Graduate,0,0.1678141455886718,Low
4,39,1,9003,1,1,140.0,1,37,37,9,8,150.0,0,0,0,1,1,0,28,0,0,6,12,5,12.0,0,0,6,10,6,12.333333333333334,0,11.1,0.6,2.02,Enrolled,0,0.14285438961182065,Low
1,44,1,9003,1,39,160.0,1,1,38,4,4,160.0,1,0,0,1,1,1,20,0,0,6,9,6,13.444444444444445,0,0,6,9,5,12.6,0,13.9,-0.3,0.79,Graduate,0,0.056388056477355224,Low
1,1,1,9070,1,1,138.0,1,38,37,3,3,133.1,0,0,0,1,1,0,18,0,0,6,6,6,14.0,0,0,6,7,6,13.857142857142858,0,8.9,1.4,3.51,Graduate,0,0.055441630306510434,Low
1,1,1,9670,1,1,126.0,1,1,1,90,90,119.0,1,0,1,1,1,0,20,0,0,6,10,1,12.0,1,0,6,0,0,0.0,0,10.8,1.4,1.74,Dropout,1,0.9686522414464132,High
2,39,1,9991,0,1,120.0,1,37,19,5,3,156.0,1,0,0,1,1,0,33,0,0,5,5,5,14.2,0,0,5,6,5,13.833333333333334,0,10.8,1.4,1.74,Graduate,0,0.06787208100889383,Low
2,39,1,9500,1,1,130.0,1,37,37,191,183,163.7,0,0,0,1,0,0,35,0,0,7,11,5,13.34,0,0,7,9,5,10.84,0,12.4,0.5,1.79,Enrolled,0,0.18070608624155707,Low
1,39,1,9500,1,40,130.0,1,37,37,9,7,130.0,0,0,0,1,0,0,27,0,3,8,12,7,12.457142857142856,0,3,8,12,7,12.457142857142856,0,12.7,3.7,-1.7,Enrolled,0,0.10054121970230484,Low
1,17,5,9773,1,1,122.0,1,38,38,7,7,123.1,1,0,0,0,0,0,19,0,0,6,12,3,11.0,0,0,6,12,3,12.0,0,9.4,-0.8,-3.12,Dropout,1,0.9225186223646851,High
1,39,1,9991,0,1,160.0,41,37,19,9,9,160.0,0,0,0,1,0,1,31,1,0,5,13,4,10.5,0,0,5,10,4,10.5,0,15.5,2.8,-4.06,Enrolled,0,0.25310226394775903,Low
1,1,1,171,1,1,134.0,1,19,37,7,7,136.1,1,0,0,1,1,0,19,0,0,0,0,0,0.0,0,0,0,0,0,0.0,0,9.4,-0.8,-3.12,Graduate,0,0.520938521867676,Medium
1,43,1,9070,1,1,134.0,1,19,37,7,7,132.7,1,0,0,1,1,0,22,0,9,13,13,13,14.0,0,7,12,13,12,13.0,0,15.5,2.8,-4.06,Graduate,0,0.04847392308447331,Low
1,43,1,9500,1,1,140.0,100,1,1,6,6,128.2,0,0,0,1,0,0,39,1,0,7,0,0,0.0,0,0,8,0,0,0.0,0,12.7,3.7,-1.7,Dropout,1,0.9141628897118221,High
1,17,1,9254,1,1,127.0,1,1,1,4,8,126.7,1,0,0,0,1,0,22,0,0,1,1,0,0.0,0,0,6,0,0,0.0,0,12.4,0.5,1.79,Dropout,1,0.9659635366728001,High
2,39,1,9991,0,1,133.1,1,37,19,9,10,150.0,0,0,0,1,1,0,47,0,0,5,8,4,10.0,0,0,5,8,4,12.5,0,9.4,-0.8,-3.12,Enrolled,0,0.22013241296010028,Low
1,17,1,171,1,1,143.0,1,19,37,5,9,156.3,1,0,0,1,1,1,19,0,0,0,0,0,0.0,0,0,0,0,0,0.0,0,11.1,0.6,2.02,Graduate,0,0.14214307804887658,Low
1,10,1,9254,1,1,115.0,24,3,1,9,9,116.1,1,0,0,1,0,0,19,1,0,6,6,6,13.5,0,0,6,6,6,14.333333333333334,0,12.4,0.5,1.79,Graduate,0,0.08046332263252197,Low
1,17,1,9500,1,1,131.0,1,19,37,9,9,123.8,1,0,0,1,0,0,19,0,0,7,0,0,0.0,0,0,8,0,0,0.0,0,15.5,2.8,-4.06,Dropout,1,0.9932727060168676,High
1,1,1,171,1,1,146.0,1,19,37,9,7,153.0,1,0,0,1,0,1,21,0,15,17,18,17,13.38888888888889,0,15,17,18,17,14.88888888888889,0,11.1,0.6,2.02,Graduate,0,0.049383316643617045,Low
1,7,1,9500,1,5,140.0,1,19,1,4,1,140.0,1,0,0,0,0,0,39,0,0,7,0,0,0.0,0,0,8,0,0,0.0,0,12.4,0.5,1.79,Dropout,1,0.9967676823214323,High
1,17,1,171,1,1,135.0,1,19,1,4,1,131.9,1,0,0,1,1,0,19,0,6,12,12,12,13.583333333333334,0,4,11,12,11,13.583333333333334,0,8.9,1.4,3.51,Graduate,0,0.07463383629118331,Low
1,1,1,171,1,1,133.0,1,37,19,9,8,141.4,0,0,0,1,1,1,20,0,0,0,0,0,0.0,0,0,0,0,0,0.0,0,13.9,-0.3,0.79,Enrolled,0,0.11442754576953983,Low
1,39,1,9147,1,12,133.1,1,1,1,9,4,140.0,1,0,1,0,1,0,24,0,0,5,5,0,0.0,0,0,5,5,0,0.0,0,12.7,3.7,-1.7,Dropout,1,0.9559703143672142,High
1,39,1,9991,0,1,120.0,1,19,19,9,9,115.0,1,0,0,1,1,0,27,0,0,5,9,1,10.0,0,0,5,5,0,0.0,0,12.7,3.7,-1.7,Dropout,1,0.9877500046896821,High
2,39,1,9991,0,1,133.1,1,37,37,9,9,168.0,0,0,0,1,1,0,29,0,0,5,5,5,15.2,0,0,5,5,5,15.2,0,11.1,0.6,2.02,Graduate,0,0.057190274486280224,Low
1,17,1,9085,1,1,130.0,1,19,1,9,4,101.3,1,0,0,1,1,0,20,0,0,6,12,4,12.8,0,0,6,17,0,0.0,0,12.4,0.5,1.79,Dropout,1,0.8896602508219452,High
1,1,1,9670,1,1,125.0,1,19,1,7,4,122.6,0,0,0,1,1,0,21,0,0,5,7,5,11.166666666666666,0,0,5,5,4,11.0,0,9.4,-0.8,-3.12,Dropout,1,0.19680139371588945,Low
1,1,1,171,1,1,134.0,1,3,2,2,2,141.7,1,0,0,1,1,0,18,0,0,0,0,0,0.0,0,0,0,0,0,0.0,0,7.6,2.6,0.32,Enrolled,0,0.08781051641926718,Low
1,1,1,9500,1,1,151.0,1,1,1,4,3,132.3,0,0,0,1,1,0,19,0,0,8,9,7,12.828571428571427,0,0,8,9,7,12.828571428571427,0,12.7,3.7,-1.7,Graduate,0,0.05230936182233968,Low
1,17,1,9773,1,1,112.0,1,1,1,5,1,111.7,0,0,1,0,1,0,19,0,0,6,6,6,12.5,0,0,6,10,4,12.6,0,15.5,2.8,-4.06,Dropout,1,0.9034808984055752,High
1,39,1,9119,1,1,120.0,1,37,37,9,9,98.7,0,0,0,1,1,1,28,0,0,5,12,3,10.0,0,0,5,10,3,12.4,0,12.4,0.5,1.79,Graduate,0,0.24526250345618716,Low
1,15,1,9254,1,1,140.0,26,19,1,9,7,140.0,1,0,0,0,0,0,21,1,0,6,6,6,11.5,0,0,6,10,4,13.25,0,13.9,-0.3,0.79,Graduate,0,0.22340420630507732,Low
1,10,1,9500,1,1,140.0,24,3,3,2,9,140.0,1,0,1,0,0,0,23,1,0,8,11,7,11.328571428571427,0,0,8,11,7,11.328571428571427,0,12.7,3.7,-1.7,Dropout,1,0.5005419328703227,Medium
4,39,1,9003,1,1,133.1,1,19,19,9,4,100.7,0,0,0,1,0,0,39,0,0,6,15,2,13.0,2,0,6,13,3,13.0,1,15.5,2.8,-4.06,Enrolled,0,0.3968212951118845,Medium
1,17,3,9500,1,1,143.0,1,38,1,9,5,133.8,1,0,0,1,0,0,18,0,0,7,7,6,13.033333333333331,0,0,7,7,6,13.033333333333331,0,7.6,2.6,0.32,Graduate,0,0.05253899414694971,Low
2,15,1,9773,1,1,133.1,41,37,37,9,6,100.0,0,0,0,1,0,0,59,1,0,6,8,6,12.166666666666666,0,0,6,7,4,11.75,0,11.1,0.6,2.02,Graduate,0,0.36329421204772816,Medium
1,7,1,9119,1,4,180.0,1,4,3,2,7,180.0,0,0,1,1,1,0,30,0,0,5,6,4,14.5,0,0,5,10,3,16.2,0,13.9,-0.3,0.79,Enrolled,0,0.2452456827801106,Low
1,1,1,9085,1,1,136.0,1,1,38,9,9,130.8,1,0,0,1,0,0,18,0,0,5,7,5,14.4,1,0,5,5,5,13.6,0,12.7,3.7,-1.7,Graduate,0,0.02777700357256522,Low
2,44,1,9991,0,39,140.0,1,37,37,9,9,140.0,0,0,0,1,0,0,41,0,2,6,10,4,12.25,0,3,7,9,6,12.5,0,9.4,-0.8,-3.12,Enrolled,0,0.29337687561438125,Low
1,39,1,9500,1,1,130.0,1,37,19,9,8,106.2,1,0,0,1,0,0,27,0,0,7,14,0,0.0,0,0,7,14,0,0.0,0,11.1,0.6,2.02,Dropout,1,0.9598313404300384,High
1,1,1,9238,1,1,141.0,1,38,19,9,10,125.6,1,0,0,1,0,1,18,0,0,6,6,6,12.666666666666666,0,0,6,6,6,12.0,0,9.4,-0.8,-3.12,Graduate,0,0.03371697702777903,Low
1,18,5,9853,1,1,121.0,1,38,19,7,7,117.5,1,0,1,0,0,0,20,0,0,6,14,2,12.0,0,0,6,14,3,11.666666666666666,0,10.8,1.4,1.74,Dropout,1,0.9516454983203121,High
2,39,1,9119,1,3,120.0,1,37,37,4,7,122.5,0,0,0,0,0,0,32,0,0,5,6,0,0.0,0,0,5,5,0,0.0,0,12.7,3.7,-1.7,Dropout,1,0.9920595366554334,High
1,17,1,9147,1,1,129.0,1,38,37,3,5,132.9,1,0,0,1,0,0,19,0,0,5,5,3,11.666666666666666,0,0,5,10,4,10.8,0,9.4,-0.8,-3.12,Dropout,1,0.5720332448957426,Medium
2,39,1,9853,1,12,133.1,1,37,37,7,8,103.0,0,0,0,1,0,0,41,0,0,6,0,0,0.0,0,0,6,0,0,0.0,0,16.2,0.3,-0.92,Dropout,1,0.9945868843295471,High
4,17,5,8014,0,1,100.0,1,19,19,90,90,107.0,0,0,0,1,0,0,38,0,0,5,12,1,10.0,0,0,5,10,0,0.0,0,10.8,1.4,1.74,Dropout,1,0.9509718563798842,High
1,7,1,9130,1,2,133.1,6,42,1,4,9,100.0,0,0,0,1,1,0,35,1,0,7,8,0,0.0,1,0,6,9,0,0.0,0,8.9,1.4,3.51,Dropout,1,0.9640661164346485,High
1,39,1,8014,0,1,133.1,1,34,34,0,0,100.0,1,0,0,1,0,0,27,0,0,6,11,4,12.25,0,0,6,16,3,12.0,0,7.6,2.6,0.32,Dropout,1,0.6356916014413228,High
1,17,1,9070,1,1,139.0,1,1,37,4,9,131.3,1,0,0,1,0,0,19,0,0,6,10,4,12.0,1,0,6,6,6,12.5,0,7.6,2.6,0.32,Graduate,0,0.10162364201786668,Low
1,18,1,9773,1,1,125.0,1,19,37,9,5,122.2,0,0,0,0,0,0,18,0,0,6,7,5,12.6,0,0,6,6,5,11.8,0,11.1,0.6,2.02,Enrolled,0,0.22821432531222963,Low
2,39,1,9991,0,9,133.1,1,34,34,0,0,118.4,0,0,0,0,0,0,39,0,0,5,5,0,0.0,0,0,5,5,0,0.0,0,7.6,2.6,0.32,Dropout,1,0.99621698715628,High
2,7,1,9254,1,2,100.0,1,37,37,9,9,100.0,0,0,0,0,0,0,37,0,0,5,5,0,0.0,0,0,5,10,0,0.0,0,10.8,1.4,1.74,Dropout,1,0.985775310735015,High
5,39,1,9500,1,1,110.0,1,38,38,9,9,110.0,0,0,0,0,0,0,37,0,0,8,8,0,0.0,1,0,8,8,0,0.0,1,12.7,3.7,-1.7,Dropout,1,0.9702280235697882,High
2,43,1,8014,0,1,133.1,1,34,34,0,0,100.0,0,0,0,1,0,1,35,0,11,16,16,16,12.6875,0,11,13,13,13,12.0,0,9.4,-0.8,-3.12,Graduate,0,0.10745404888260131,Low
1,43,1,9147,1,1,123.0,1,37,37,9,9,106.2,0,0,0,1,0,0,49,0,9,13,22,10,10.4,0,4,9,18,6,10.666666666666666,0,12.7,3.7,-1.7,Graduate,0,0.15066259641058052,Low
1,7,1,9147,1,40,110.0,1,37,37,9,9,110.0,0,0,0,1,0,0,52,0,11,15,26,14,10.466666666666669,0,9,12,16,12,10.923076923076923,0,13.9,-0.3,0.79,Graduate,0,0.1532679166441248,Low
1,1,2,9085,1,1,130.0,1,1,38,5,5,122.3,1,0,0,1,0,0,18,0,0,5,10,5,14.333333333333334,2,0,5,8,5,13.0,1,9.4,-0.8,-3.12,Graduate,0,0.0476240982071408,Low
1,39,1,8014,0,1,133.1,1,37,37,9,9,112.5,0,0,0,1,0,1,30,0,0,7,7,6,14.666666666666666,1,0,6,7,6,14.333333333333334,0,10.8,1.4,1.74,Graduate,0,0.036359102385225064,Low
1,1,2,9500,1,1,97.0,1,1,19,2,7,98.1,1,0,0,1,0,0,21,0,0,7,7,7,12.835714285714284,0,0,8,8,8,14.23125,0,11.1,0.6,2.02,Graduate,0,0.045103964753580306,Low
1,1,1,9119,1,1,130.0,1,37,19,9,5,140.2,1,0,0,1,1,0,20,0,0,5,5,0,0.0,0,0,5,0,0,0.0,0,9.4,-0.8,-3.12,Dropout,1,0.8995552864677209,High
1,17,1,9147,1,1,139.0,1,1,38,6,6,143.6,1,0,1,1,1,0,18,0,0,5,9,0,0.0,0,0,5,5,0,0.0,0,7.6,2.6,0.32,Enrolled,0,0.38681838199734636,Medium
1,16,1,171,1,1,150.0,1,37,37,9,9,134.6,1,0,0,1,1,0,19,0,0,0,0,0,0.0,0,0,0,0,0,0.0,0,7.6,2.6,0.32,Dropout,1,0.7993973116313428,High
1,1,3,9500,1,1,141.0,1,3,19,2,10,126.8,1,0,0,1,1,0,18,0,0,8,8,8,13.24875,0,0,8,8,8,13.24875,0,9.4,-0.8,-3.12,Graduate,0,0.05084654108820164,Low
1,15,1,33,1,1,133.1,41,2,3,2,4,100.0,0,0,0,1,1,0,20,1,0,7,10,7,12.857142857142858,0,0,7,7,4,12.75,0,8.9,1.4,3.51,Enrolled,0,0.1267011318631164,Low
1,17,1,9130,1,1,137.0,1,38,19,5,7,130.0,1,0,0,1,0,0,21,0,0,6,12,5,13.6,0,0,6,10,4,14.25,0,12.4,0.5,1.79,Enrolled,0,0.2904696395172169,Low
1,1,4,9147,1,1,116.0,1,1,1,3,4,113.6,1,0,0,1,0,1,22,0,0,5,6,3,14.0,0,0,5,8,5,12.4,0,11.1,0.6,2.02,Graduate,0,0.10100000005818881,Low
1,44,1,9130,1,39,140.0,1,19,19,5,5,140.0,1,0,1,0,0,0,20,0,1,6,11,3,12.0,0,0,6,11,2,11.0,0,12.4,0.5,1.79,Enrolled,0,0.4327686390109513,Medium
1,17,4,9085,1,1,106.0,1,37,1,3,9,106.0,0,0,0,1,0,0,20,0,0,6,9,6,13.166666666666666,0,0,6,8,4,14.0,0,13.9,-0.3,0.79,Enrolled,0,0.12896540695793834,Low
1,17,6,9238,1,1,135.0,1,1,19,7,7,126.6,1,0,0,1,0,1,19,0,0,6,8,6,13.625,0,0,6,7,6,12.166666666666666,0,12.7,3.7,-1.7,Graduate,0,0.045533956905001144,Low
1,17,5,9500,1,1,144.0,1,19,38,9,5,130.7,1,0,0,1,0,1,18,0,0,7,8,7,14.85,0,0,8,9,8,15.61111111111111,0,13.9,-0.3,0.79,Graduate,0,0.061961344724352434,Low
1,1,2,9147,1,1,108.0,1,1,19,4,4,105.9,1,0,0,1,1,0,21,0,0,5,9,4,10.75,0,0,5,6,5,11.4,0,11.1,0.6,2.02,Graduate,0,0.08534415755040309,Low
1,15,1,9556,1,1,137.0,26,19,1,9,4,137.0,0,0,1,1,0,0,19,1,0,7,11,0,0.0,4,0,7,11,2,11.666666666666666,0,8.9,1.4,3.51,Enrolled,0,0.6526920182088509,High
1,43,1,9130,1,1,133.1,6,37,37,9,6,100.0,0,0,0,1,0,0,37,1,0,6,0,0,0.0,0,0,6,0,0,0.0,0,13.9,-0.3,0.79,Dropout,1,0.970046382893344,High
2,1,1,8014,0,1,121.0,1,37,37,9,9,114.4,1,0,0,1,0,0,45,0,8,12,14,12,14.0,0,2,7,12,7,13.857142857142858,0,7.6,2.6,0.32,Enrolled,0,0.048814841289924873,Low
1,39,1,9003,1,19,133.1,1,37,37,9,10,120.0,0,0,1,0,1,0,38,0,0,6,8,0,0.0,0,0,6,10,0,0.0,0,16.2,0.3,-0.92,Dropout,1,0.9957180200267594,High
6,39,1,9991,0,12,130.0,1,37,37,90,90,119.0,1,0,0,0,1,0,55,0,0,5,5,0,0.0,0,0,5,5,0,0.0,0,7.6,2.6,0.32,Dropout,1,0.8977893778897126,High
5,39,1,9003,1,1,133.1,1,37,37,9,7,110.0,0,0,1,0,0,0,28,0,0,6,17,5,13.0,0,0,6,11,4,11.75,0,13.9,-0.3,0.79,Dropout,1,0.9284972483314718,High
5,7,1,9991,0,2,120.0,1,37,37,6,6,120.0,0,0,0,1,0,0,46,0,6,8,12,8,12.375,0,4,9,11,5,12.4,0,8.9,1.4,3.51,Graduate,0,0.20377679998251222,Low
1,1,4,171,1,1,131.0,1,19,19,4,4,119.8,1,1,0,1,0,0,22,0,0,0,0,0,0.0,0,0,0,0,0,0.0,0,16.2,0.3,-0.92,Graduate,0,0.34211180553956555,Medium
2,39,2,9670,1,19,133.1,1,37,37,9,9,135.6,0,0,0,1,0,0,46,0,0,6,10,5,11.4,0,0,6,9,4,13.75,0,12.4,0.5,1.79,Dropout,1,0.7100748233142864,High
1,39,1,9991,0,1,100.0,1,19,37,5,5,120.7,0,0,0,1,0,0,28,0,0,5,9,4,11.25,0,0,5,7,4,13.0,0,7.6,2.6,0.32,Enrolled,0,0.39683540824478203,Medium
1,1,3,9085,1,1,131.0,1,37,19,9,8,136.3,1,0,1,0,0,0,18,0,0,5,7,3,13.0,0,0,5,8,3,12.0,0,7.6,2.6,0.32,Dropout,1,0.8388801432513844,High
1,16,1,171,1,1,158.0,1,38,37,9,9,164.3,1,0,0,1,1,1,18,0,0,0,0,0,0.0,0,0,0,0,0,0.0,0,10.8,1.4,1.74,Enrolled,0,0.06777051696013463,Low
1,1,1,9773,1,1,146.0,1,37,37,9,7,149.2,1,0,0,1,1,1,21,0,0,6,6,6,13.5,0,0,6,6,6,14.166666666666666,0,12.7,3.7,-1.7,Graduate,0,0.04211275283197501,Low
1,16,2,9070,1,1,133.0,1,1,3,4,2,122.5,1,0,0,1,0,0,18,0,0,6,11,1,11.0,1,0,6,11,4,11.0,4,7.6,2.6,0.32,Enrolled,0,0.4238944078839699,Medium
1,43,1,9991,0,1,120.0,1,19,37,3,9,100.0,0,0,0,1,0,0,34,0,0,5,9,0,0.0,0,0,5,10,1,11.0,0,13.9,-0.3,0.79,Dropout,1,0.9231415521604905,High
1,17,1,9853,1,1,119.0,1,37,38,9,9,125.0,1,0,0,1,0,1,21,0,0,6,9,5,12.0,0,0,6,8,5,11.2,0,10.8,1.4,1.74,Dropout,1,0.45757121069605156,Medium
1,1,1,9773,1,1,132.0,1,37,19,9,9,131.0,1,0,0,1,0,1,18,0,0,6,8,5,13.0,0,0,6,7,6,13.0,0,15.5,2.8,-4.06,Graduate,0,0.09916883302080395,Low
1,1,1,171,1,1,130.0,1,29,38,9,8,122.0,1,0,0,1,1,0,20,0,0,0,0,0,0.0,0,0,0,0,0,0.0,0,7.6,2.6,0.32,Graduate,0,0.2795577927968797,Low
1,1,1,9147,1,1,132.0,1,38,37,7,7,131.3,1,0,0,1,0,0,18,0,0,5,8,4,12.0,0,0,5,8,4,12.25,0,9.4,-0.8,-3.12,Enrolled,0,0.08368098587846612,Low
1,17,2,9119,1,1,133.1,1,1,2,3,3,117.0,1,0,0,1,1,0,21,0,0,5,10,5,11.166666666666666,0,0,5,10,3,10.8,0,12.4,0.5,1.79,Enrolled,0,0.32536258734480566,Medium
1,17,1,9254,1,1,119.0,1,37,37,5,4,118.0,1,0,0,1,1,0,19,0,0,6,13,2,10.5,0,0,6,11,1,12.0,0,10.8,1.4,1.74,Dropout,1,0.9286261662071366,High
1,17,2,8014,0,1,134.0,1,1,19,4,99,126.0,1,0,0,1,1,0,22,0,0,6,7,6,12.666666666666666,0,0,6,6,6,12.166666666666666,0,7.6,2.6,0.32,Graduate,0,0.0535716161384635,Low
1,44,1,9003,1,39,120.0,1,1,19,4,7,120.0,0,0,0,1,1,0,23,0,1,6,6,1,11.0,0,0,6,8,0,0.0,0,15.5,2.8,-4.06,Dropout,1,0.8924447742987704,High
1,17,4,171,1,1,172.0,1,3,1,2,10,155.6,1,0,0,1,1,0,19,0,0,0,0,0,0.0,0,0,0,0,0,0.0,0,9.4,-0.8,-3.12,Dropout,1,0.7035655555874321,High
1,1,4,9147,1,1,120.0,1,19,38,5,5,122.8,1,0,0,1,1,0,18,0,0,5,6,4,11.5,0,0,5,12,2,10.333333333333334,0,10.8,1.4,1.74,Enrolled,0,0.3336835273134665,Medium
1,1,3,171,1,1,129.0,1,38,37,9,3,127.3,1,0,1,0,1,1,19,0,0,0,0,0,0.0,0,0,0,0,0,0.0,0,9.4,-0.8,-3.12,Dropout,1,0.7204088418110266,High
1,17,1,9147,1,1,118.0,1,1,38,9,9,118.4,1,0,0,1,1,0,19,0,0,5,10,2,10.5,0,0,5,5,4,11.75,0,12.4,0.5,1.79,Enrolled,0,0.25152524441136764,Low
1,1,1,9670,1,1,127.0,1,1,37,4,9,128.1,0,0,0,1,1,0,19,0,0,5,8,4,12.5,0,0,5,6,4,11.0,0,7.6,2.6,0.32,Enrolled,0,0.24196804591219162,Low
1,1,2,9500,1,1,133.1,1,37,37,9,9,99.0,1,0,0,1,1,0,22,0,0,7,9,6,12.833333333333334,0,0,8,12,6,12.5,0,16.2,0.3,-0.92,Enrolled,0,0.049151818648267925,Low
1,1,1,9773,1,1,164.0,1,19,1,9,9,161.2,0,0,0,1,1,1,18,0,0,6,7,6,15.571428571428571,0,0,6,7,6,16.142857142857142,0,13.9,-0.3,0.79,Graduate,0,0.05482085283867041,Low
1,17,1,9238,1,1,136.0,1,37,37,7,7,140.9,1,0,0,1,1,0,18,0,0,6,10,4,12.0,0,0,6,7,5,11.8,0,9.4,-0.8,-3.12,Dropout,1,0.4452201118287343,Medium
1,17,1,9773,1,1,117.0,1,38,38,9,9,111.1,0,0,1,1,1,0,19,0,0,6,6,4,11.25,0,0,6,6,3,11.333333333333334,0,16.2,0.3,-0.92,Dropout,1,0.8300237285568975,High
1,1,4,171,1,1,131.0,1,1,1,0,3,149.9,1,0,0,1,1,0,18,0,0,0,0,0,0.0,0,0,0,0,0,0.0,0,11.1,0.6,2.02,Graduate,0,0.13509587933994227,Low
1,17,6,9670,1,1,110.0,1,1,19,4,10,111.3,0,0,0,1,1,0,21,0,0,6,10,6,12.285714285714286,0,0,6,11,4,14.25,0,15.5,2.8,-4.06,Enrolled,0,0.1670588634684954,Low
1,1,2,9254,1,1,125.0,1,1,19,4,1,121.5,1,0,0,1,1,0,18,0,0,6,12,5,11.0,0,0,6,11,3,10.333333333333334,0,9.4,-0.8,-3.12,Enrolled,0,0.17886586775467858,Low
1,44,1,9003,1,39,120.0,1,19,38,6,6,120.0,1,0,0,1,1,0,19,0,0,6,8,6,12.142857142857142,0,0,6,11,5,13.6,0,12.4,0.5,1.79,Graduate,0,0.11625343517787776,Low
1,39,1,9003,1,19,133.1,1,1,19,9,8,120.0,0,0,1,0,1,0,27,0,0,6,11,2,11.5,0,0,6,7,0,0.0,0,8.9,1.4,3.51,Dropout,1,0.9566747791530639,High
1,53,1,9003,1,42,130.0,1,38,38,9,9,130.0,1,0,1,1,1,0,20,0,7,12,16,11,12.545454545454543,0,5,10,12,8,11.625,0,8.9,1.4,3.51,Enrolled,0,0.09522725293274172,Low
1,1,5,9254,1,1,101.0,1,3,19,3,9,98.9,1,0,0,1,1,0,20,0,0,6,10,4,13.0,0,0,6,6,6,13.0,0,12.4,0.5,1.79,Graduate,0,0.10444234499180907,Low
1,1,6,9500,1,1,141.0,1,4,3,2,1,136.3,1,0,0,1,1,0,18,0,0,8,9,8,12.8875,1,0,8,9,8,12.8875,1,9.4,-0.8,-3.12,Graduate,0,0.18035793477714857,Low
1,17,1,9773,1,1,128.0,1,38,19,9,10,125.2,1,0,0,1,1,0,18,0,0,6,6,6,12.666666666666666,0,0,6,7,5,13.6,0,12.4,0.5,1.79,Enrolled,0,0.10224618595458396,Low
1,1,2,9070,1,1,145.0,1,38,19,7,7,130.0,1,0,0,1,1,0,18,0,0,6,7,6,12.833333333333334,0,0,6,7,6,12.571428571428571,0,8.9,1.4,3.51,Graduate,0,0.0689733269644708,Low
1,1,1,9147,1,1,160.0,1,1,38,4,7,141.5,1,0,0,1,1,0,18,0,0,5,10,3,10.666666666666666,1,0,5,11,2,12.5,0,9.4,-0.8,-3.12,Dropout,1,0.7296278170848348,High
1,16,5,9085,1,1,134.0,1,19,37,8,8,123.9,1,0,0,1,1,0,18,0,0,5,11,5,13.0,2,0,5,7,5,12.4,0,9.4,-0.8,-3.12,Enrolled,0,0.07556214792421766,Low
1,17,2,9500,1,1,125.0,1,19,19,5,5,114.5,1,0,0,1,0,0,18,0,0,7,11,6,11.983333333333334,0,0,8,12,8,12.28125,0,16.2,0.3,-0.92,Graduate,0,0.05117613434040085,Low
1,39,1,8014,0,15,133.1,1,34,34,0,0,100.0,1,0,0,0,0,0,37,0,0,5,9,0,0.0,0,0,5,5,0,0.0,5,9.4,-0.8,-3.12,Dropout,1,0.9851490579724693,High
2,39,1,8014,0,1,120.0,1,38,37,5,3,110.5,0,0,0,1,0,1,36,0,0,6,6,6,11.833333333333334,0,0,6,6,6,11.5,0,10.8,1.4,1.74,Graduate,0,0.03289328489755496,Low
2,39,1,9085,1,19,133.1,1,19,19,9,5,101.0,1,0,0,1,0,0,26,0,0,6,21,3,12.666666666666666,0,0,6,15,2,11.0,0,15.5,2.8,-4.06,Dropout,1,0.8280828137689024,High
1,1,1,9085,1,1,121.0,1,37,38,6,9,121.0,0,0,0,1,0,0,19,0,0,5,9,4,13.75,1,0,5,8,4,14.5,0,7.6,2.6,0.32,Graduate,0,0.06288181618333902,Low
1,39,1,8014,0,1,120.0,1,37,1,7,4,95.0,1,0,0,1,0,0,24,0,0,6,8,5,11.4,0,0,6,8,5,11.8,0,15.5,2.8,-4.06,Dropout,1,0.5055124161912845,Medium
1,1,2,9773,1,1,130.0,109,19,1,9,9,126.9,1,0,0,1,0,1,19,1,0,6,8,6,13.166666666666666,0,0,6,6,6,13.0,0,11.1,0.6,2.02,Dropout,1,0.41673305820542156,Medium
1,42,1,9670,1,1,130.0,1,1,1,9,10,116.3,1,0,0,1,0,1,20,0,3,7,10,6,12.833333333333334,0,2,8,8,5,11.8,0,12.7,3.7,-1.7,Graduate,0,0.12506201367364703,Low
1,18,1,9670,1,1,128.0,1,19,3,9,7,120.0,1,0,0,1,0,0,19,0,0,6,8,6,14.125,0,0,6,10,5,14.5,0,11.1,0.6,2.02,Graduate,0,0.10424839532797497,Low
1,1,1,9085,1,1,126.0,1,38,37,9,9,123.6,1,0,0,1,0,0,21,0,0,5,10,3,11.666666666666666,0,0,5,5,5,13.0,0,10.8,1.4,1.74,Graduate,0,0.09872136844892257,Low
2,39,1,9556,1,1,120.0,1,37,37,9,4,150.0,0,0,0,0,0,0,50,0,0,7,18,6,10.25,0,0,7,14,4,11.25,0,12.7,3.7,-1.7,Dropout,1,0.908615622219261,High
2,39,1,9556,1,1,100.0,1,37,37,9,9,120.0,0,0,0,1,0,0,47,0,1,7,16,6,12.514285714285716,0,0,7,15,4,11.75,0,12.7,3.7,-1.7,Dropout,1,0.7292845618975898,High
1,42,1,9853,1,1,120.0,1,1,19,4,7,111.3,0,0,0,1,0,0,24,0,9,13,17,10,11.5,0,7,13,18,9,10.444444444444445,0,16.2,0.3,-0.92,Dropout,1,0.765191300657526,High
1,39,1,9991,0,1,110.0,1,37,37,7,10,150.0,0,0,0,0,0,0,48,0,0,5,5,1,10.0,0,0,5,5,0,0.0,0,15.5,2.8,-4.06,Dropout,1,0.9582374636418515,High
1,1,1,9085,1,1,127.0,1,37,2,9,4,123.2,1,0,0,1,0,1,18,0,0,6,7,6,15.714285714285714,0,0,6,17,5,12.77777777777778,0,12.4,0.5,1.79,Graduate,0,0.05060665780034354,Low
1,44,1,9991,0,39,130.0,1,37,37,5,5,130.0,1,0,0,1,1,0,32,0,2,6,9,4,12.5,0,3,7,7,4,11.0,0,9.4,-0.8,-3.12,Dropout,1,0.7977893822232457,High
1,1,1,9670,1,1,141.0,1,19,3,4,0,137.9,1,0,0,0,1,0,20,0,0,5,6,3,12.0,0,0,5,5,4,12.75,0,7.6,2.6,0.32,Dropout,1,0.8568288738155991,High
1,39,1,9119,1,1,120.0,1,37,38,9,8,100.0,0,0,1,1,1,0,24,0,0,5,11,0,0.0,0,0,5,5,0,0.0,0,16.2,0.3,-0.92,Dropout,1,0.9407970753854932,High
2,39,1,9130,1,19,133.1,1,37,38,9,9,120.0,0,0,0,1,1,0,53,0,0,5,9,4,12.25,2,0,5,8,4,11.75,0,9.4,-0.8,-3.12,Graduate,0,0.41001090549426206,Medium
2,39,1,9773,1,19,133.1,1,19,19,9,4,131.0,0,0,1,0,1,0,42,0,0,4,5,0,0.0,0,0,4,4,0,0.0,0,13.9,-0.3,0.79,Dropout,1,0.9924443706178956,High
2,39,1,9991,0,12,133.1,1,37,37,9,9,133.8,1,0,0,1,1,0,52,0,0,5,5,5,13.6,0,0,5,5,5,14.2,0,7.6,2.6,0.32,Graduate,0,0.049687847364571526,Low
1,43,1,8014,0,1,130.0,1,38,3,132,122,100.0,0,0,0,1,1,0,54,0,9,13,14,13,13.307692307692308,0,7,11,12,11,12.818181818181818,0,12.7,3.7,-1.7,Enrolled,0,0.19993847489691097,Low
2,39,1,9991,0,1,110.0,1,37,37,9,10,150.0,0,0,0,1,1,0,49,0,0,5,6,5,12.2,0,0,5,9,5,11.8,0,15.5,2.8,-4.06,Graduate,0,0.2518683777348561,Low
1,17,1,9670,1,1,125.0,1,38,37,7,5,126.4,0,0,0,1,1,1,18,0,0,6,7,6,12.285714285714286,0,0,6,7,6,13.333333333333334,1,16.2,0.3,-0.92,Graduate,0,0.10623637889172265,Low
2,39,1,9130,1,1,130.0,1,1,19,6,6,154.0,1,0,0,1,1,0,37,0,1,5,12,3,12.0,2,1,5,8,4,13.0,1,10.8,1.4,1.74,Graduate,0,0.42331539280889413,Medium
1,1,1,9500,1,1,121.0,1,1,1,4,4,114.9,0,0,0,1,1,1,21,0,0,7,9,6,13.342857142857143,0,0,8,10,7,11.65,0,12.4,0.5,1.79,Graduate,0,0.04119825486614008,Low
1,39,1,9670,1,9,133.1,1,37,37,5,3,110.0,0,0,1,1,1,0,26,0,0,5,5,0,0.0,0,0,5,5,0,0.0,0,9.4,-0.8,-3.12,Dropout,1,0.9485611727430562,High
1,1,1,9070,1,1,147.0,1,3,1,2,3,149.8,1,0,0,1,1,0,20,0,5,12,12,11,14.272727272727272,0,5,12,12,11,14.818181818181818,0,16.2,0.3,-0.92,Graduate,0,0.06741980144625197,Low
1,1,4,9500,1,1,128.0,1,1,37,4,3,117.9,1,0,0,1,0,1,19,0,0,7,9,7,12.1375,0,0,8,9,8,12.91111111111111,0,12.4,0.5,1.79,Graduate,0,0.03228100106459136,Low
1,1,2,9070,1,1,164.0,1,38,38,9,7,165.8,1,0,0,1,0,0,18,0,0,6,7,6,14.166666666666666,0,0,6,7,6,14.857142857142858,0,9.4,-0.8,-3.12,Graduate,0,0.035447196819015855,Low
1,17,5,9500,1,1,137.0,1,1,1,4,4,127.6,1,0,0,1,0,0,18,0,0,7,7,7,13.528571428571428,0,0,8,9,8,14.655555555555557,0,12.4,0.5,1.79,Graduate,0,0.1251642980912348,Low
1,17,2,8014,0,1,122.0,1,37,19,9,9,123.8,0,0,0,1,0,0,20,0,0,6,8,5,12.0,0,0,6,8,6,11.0,0,10.8,1.4,1.74,Graduate,0,0.0685145550582504,Low
1,17,4,9254,1,1,124.0,1,3,3,3,3,126.1,1,0,0,1,0,0,20,0,0,5,5,5,11.4,0,0,6,11,1,11.0,0,10.8,1.4,1.74,Dropout,1,0.6959213987741596,High
1,1,2,171,1,1,120.0,1,3,19,4,7,119.7,1,0,0,1,0,0,21,0,0,0,0,0,0.0,0,0,0,0,0,0.0,0,8.9,1.4,3.51,Dropout,1,0.7782578733307842,High
1,1,2,171,1,1,117.0,1,1,19,3,3,121.6,1,0,0,1,0,0,22,0,6,12,12,12,12.916666666666666,0,4,11,16,11,14.5,0,8.9,1.4,3.51,Graduate,0,0.0892149899002288,Low
1,43,1,9500,1,1,140.0,1,1,38,4,7,100.0,0,0,0,1,0,1,18,0,0,7,8,7,13.6375,0,0,8,8,8,14.3875,0,13.9,-0.3,0.79,Graduate,0,0.03334369533109254,Low
1,1,5,9500,1,1,130.0,1,19,37,9,7,127.6,1,0,0,1,0,0,18,0,0,7,10,7,12.9,0,0,8,15,7,12.142857142857142,0,15.5,2.8,-4.06,Dropout,1,0.07638672443550765,Low
1,1,1,9500,1,1,138.0,1,1,38,4,9,132.5,1,0,0,1,0,1,19,0,0,8,8,7,14.36,0,0,8,8,7,14.36,0,10.8,1.4,1.74,Graduate,0,0.02188997848874875,Low
1,1,1,9500,1,1,141.0,1,3,1,9,9,124.3,0,0,0,1,0,0,19,0,0,8,8,7,14.514285714285714,0,0,8,8,7,14.514285714285714,0,12.7,3.7,-1.7,Enrolled,0,0.028100051019927262,Low
1,1,3,9500,1,1,142.0,1,1,1,4,7,131.0,1,0,0,1,0,0,18,0,0,8,8,7,14.7,0,0,8,8,7,14.7,0,10.8,1.4,1.74,Graduate,0,0.06471147398223544,Low
1,7,1,9991,0,40,120.0,1,43,3,3,3,120.0,0,0,0,1,0,0,27,0,0,5,5,5,15.2,0,0,5,6,5,14.0,0,11.1,0.6,2.02,Enrolled,0,0.11148852251647931,Low
1,1,3,9556,1,1,122.0,1,19,19,3,10,113.3,1,0,0,1,0,1,20,0,0,7,7,7,13.0,0,0,8,8,8,15.0625,0,12.4,0.5,1.79,Graduate,0,0.0348958633640638,Low
1,1,2,9853,1,1,131.0,1,1,1,2,9,121.9,1,0,0,1,0,0,20,0,0,6,6,6,13.5,0,0,6,6,0,0.0,0,12.7,3.7,-1.7,Dropout,1,0.9103950984550564,High
1,1,2,9085,1,1,120.0,1,38,1,9,3,118.3,1,0,0,1,0,0,20,0,0,5,11,5,12.333333333333334,2,0,5,7,5,12.6,0,9.4,-0.8,-3.12,Graduate,0,0.05122320911153791,Low
1,1,1,9147,1,1,131.0,1,3,19,1,4,118.8,0,0,0,1,0,0,19,0,0,5,6,5,13.4,0,0,5,6,5,13.0,0,16.2,0.3,-0.92,Graduate,0,0.038389751932151925,Low
1,1,2,9085,1,1,130.0,1,37,19,9,8,129.0,0,0,0,1,0,0,20,0,0,5,7,4,11.75,0,0,5,9,2,10.5,0,7.6,2.6,0.32,Enrolled,0,0.2689309277163871,Low
1,43,3,171,1,1,120.0,1,37,37,9,9,143.3,1,0,0,1,0,1,20,0,0,0,0,0,0.0,0,0,0,0,0,0.0,0,7.6,2.6,0.32,Graduate,0,0.19556705986914324,Low
1,1,1,171,1,1,136.0,1,3,3,1,2,152.5,1,0,0,1,0,0,20,0,0,0,0,0,0.0,0,0,0,0,0,0.0,0,13.9,-0.3,0.79,Enrolled,0,0.15010507729907943,Low
1,53,1,9085,1,42,160.0,1,1,19,4,6,155.7,1,0,0,1,0,0,27,0,7,12,17,11,14.727272727272728,0,4,9,10,7,14.142857142857142,0,8.9,1.4,3.51,Graduate,0,0.06196528173038916,Low
1,1,2,9085,1,1,157.0,1,3,3,5,2,153.9,1,0,0,1,0,0,18,0,0,6,7,6,16.571428571428573,0,0,6,6,6,15.666666666666666,0,13.9,-0.3,0.79,Graduate,0,0.10441794174714707,Low
1,1,1,9500,1,1,150.0,1,19,1,4,4,137.8,0,0,0,1,0,0,18,0,0,7,10,7,15.145,0,0,8,8,8,15.7425,0,15.5,2.8,-4.06,Graduate,0,0.04798961945850027,Low
1,17,1,9500,1,1,148.0,1,1,37,9,7,143.3,0,0,0,1,0,1,18,0,0,7,7,7,13.44285714285714,0,0,8,8,8,15.075,0,13.9,-0.3,0.79,Graduate,0,0.03743319016523127,Low
1,1,1,9085,1,1,120.0,1,37,37,9,1,123.2,0,0,0,1,0,0,20,0,0,5,8,5,14.166666666666666,2,0,5,6,4,11.75,2,9.4,-0.8,-3.12,Graduate,0,0.066403257763394,Low
1,1,1,9773,1,1,150.0,1,1,1,4,4,138.1,1,0,0,1,0,0,19,0,0,6,7,6,14.0,0,0,6,7,5,15.0,0,11.1,0.6,2.02,Enrolled,0,0.1242394078448283,Low
1,17,1,9238,1,1,158.0,1,1,1,5,6,140.5,0,0,0,1,0,1,20,0,0,6,9,6,11.333333333333334,0,0,6,6,6,12.333333333333334,0,10.8,1.4,1.74,Graduate,0,0.06429258925464275,Low
1,1,4,9500,1,1,145.0,1,3,19,1,5,130.0,1,0,0,1,0,0,18,0,0,8,8,8,13.76125,0,0,8,8,8,13.76125,0,9.4,-0.8,-3.12,Graduate,0,0.06456414581864398,Low
1,44,1,9070,1,39,100.0,1,1,38,4,6,104.8,0,0,1,0,0,0,22,0,2,7,9,5,11.6,0,5,9,9,5,10.0,0,12.4,0.5,1.79,Dropout,1,0.867194944031124,High
1,17,1,8014,0,1,136.0,1,37,37,5,8,132.5,0,0,1,1,0,1,22,0,1,6,7,4,12.75,0,1,6,8,5,13.0,0,13.9,-0.3,0.79,Graduate,0,0.1565104288146267,Low
1,39,1,9991,0,1,133.1,1,1,1,4,2,127.7,0,0,0,1,0,0,25,0,0,5,12,4,12.5,0,0,5,10,4,11.0,0,13.9,-0.3,0.79,Enrolled,0,0.47831030459568996,Medium
1,1,1,9085,1,1,148.0,1,19,3,4,2,136.5,0,0,0,1,0,0,19,0,0,6,13,6,15.307692307692308,0,0,6,9,6,14.0,0,15.5,2.8,-4.06,Graduate,0,0.05970267837811628,Low
1,44,1,9130,1,39,130.0,1,3,1,4,1,130.0,1,0,0,0,0,0,21,0,1,6,12,5,13.285714285714286,0,0,6,10,4,12.0,0,16.2,0.3,-0.92,Dropout,1,0.7242250085331599,High
1,39,1,9500,1,40,130.0,1,1,1,4,4,190.0,1,0,0,1,0,0,27,0,1,7,7,7,14.757142857142856,0,1,8,9,8,14.077777777777778,0,16.2,0.3,-0.92,Graduate,0,0.1037883364952053,Low
1,17,4,9500,1,1,136.0,1,1,1,4,9,128.5,1,0,0,1,0,0,18,0,0,7,7,6,12.766666666666666,0,0,7,7,6,12.766666666666666,0,7.6,2.6,0.32,Graduate,0,0.072333541836296,Low
1,17,3,9254,1,1,122.0,1,1,1,4,4,126.6,0,0,0,0,0,0,18,0,0,5,5,5,10.4,0,0,6,13,0,0.0,0,10.8,1.4,1.74,Dropout,1,0.9535290559679288,High
1,17,1,9556,1,1,140.0,1,3,3,1,7,131.6,1,0,0,1,1,0,19,0,0,7,0,0,0.0,0,0,7,0,0,0.0,0,11.1,0.6,2.02,Dropout,1,0.9952102103414048,High
5,39,1,9991,0,1,110.0,1,1,1,3,3,119.0,0,0,0,1,1,1,35,0,0,5,10,4,10.5,0,0,5,6,5,12.6,0,8.9,1.4,3.51,Graduate,0,0.12252485463897138,Low
1,17,1,9085,1,1,130.0,1,37,36,4,90,127.6,0,0,0,1,1,0,23,0,0,5,6,4,14.25,0,0,5,6,5,13.4,0,7.6,2.6,0.32,Graduate,0,0.06220802084511417,Low
1,39,1,9500,1,1,133.1,1,1,37,9,9,100.0,0,0,0,1,1,0,28,0,0,7,11,3,11.916666666666666,1,0,7,17,0,0.0,0,16.2,0.3,-0.92,Dropout,1,0.9607454630337732,High
1,1,1,9119,1,1,128.0,1,38,38,9,7,124.5,1,0,0,1,1,0,19,0,0,5,10,3,10.666666666666666,0,0,5,9,2,14.0,2,7.6,2.6,0.32,Enrolled,0,0.34562110540801205,Medium
1,1,1,9773,1,1,117.0,1,1,19,4,4,109.3,0,0,0,1,1,0,19,0,0,6,11,4,12.25,0,0,6,10,3,12.666666666666666,0,7.6,2.6,0.32,Enrolled,0,0.29640482085764486,Low
1,1,2,9670,1,1,124.0,1,19,1,9,4,117.7,1,0,1,1,1,0,20,0,0,5,5,4,12.0,0,0,5,6,5,11.6,0,9.4,-0.8,-3.12,Dropout,1,0.6464551468926504,High
1,1,1,9670,1,1,124.0,1,2,2,3,3,124.7,1,0,0,1,1,0,21,0,0,5,7,3,11.0,0,0,5,5,4,12.75,0,7.6,2.6,0.32,Dropout,1,0.5293838013853812,Medium
1,17,3,9070,1,1,128.0,1,37,37,5,5,124.5,1,0,0,1,1,0,18,0,0,6,6,6,14.166666666666666,0,0,6,8,5,13.0,0,10.8,1.4,1.74,Graduate,0,0.1019212179516358,Low
1,1,5,9070,1,1,125.0,1,3,3,2,2,140.8,1,0,0,1,1,0,22,0,0,6,6,6,14.666666666666666,0,0,6,6,6,15.0,0,9.4,-0.8,-3.12,Graduate,0,0.07641653277920928,Low
1,17,3,9085,1,1,121.0,1,38,1,9,9,111.9,1,0,0,1,1,0,21,0,0,5,11,0,0.0,0,0,5,10,5,12.285714285714286,1,10.8,1.4,1.74,Graduate,0,0.1791035047918166,Low
1,7,1,9556,1,3,140.0,1,3,3,2,2,140.0,0,0,1,0,1,0,38,0,0,7,8,3,12.666666666666666,0,0,5,5,0,0.0,0,13.9,-0.3,0.79,Dropout,1,0.9744181020845777,High
1,1,1,171,1,1,124.0,1,19,1,9,9,121.2,1,0,0,1,1,0,20,0,0,0,0,0,0.0,0,0,0,0,0,0.0,0,10.8,1.4,1.74,Enrolled,0,0.37572836947311467,Medium
1,43,4,171,1,1,136.0,1,37,37,9,9,123.8,1,0,0,1,1,0,19,0,0,0,0,0,0.0,0,0,0,0,0,0.0,0,7.6,2.6,0.32,Dropout,1,0.8216047537898719,High
1,7,1,9119,1,1,140.8,1,34,34,0,0,134.0,0,0,0,1,1,0,24,0,0,5,0,0,0.0,0,0,5,0,0,0.0,0,7.6,2.6,0.32,Dropout,1,0.9812479028344651,High
1,18,3,9070,1,1,142.0,1,1,37,4,7,130.8,1,0,0,0,1,0,19,0,0,6,0,0,0.0,0,0,6,0,0,0.0,0,12.7,3.7,-1.7,Dropout,1,0.9869713656034995,High
1,1,1,9500,1,1,133.0,1,37,38,9,9,130.2,1,0,0,1,1,1,19,0,0,7,7,7,13.7,0,0,8,9,8,14.022222222222222,0,16.2,0.3,-0.92,Graduate,0,0.03890374871009964,Low
1,1,1,9147,1,1,131.0,1,3,19,3,10,123.3,0,0,0,1,1,0,19,0,0,5,7,5,11.8,0,0,5,8,4,12.4,2,16.2,0.3,-0.92,Enrolled,0,0.07773159631784278,Low
1,39,1,9119,1,3,130.0,1,3,3,3,10,147.6,0,0,0,1,1,0,31,0,0,5,0,0,0.0,0,0,5,0,0,0.0,0,10.8,1.4,1.74,Dropout,1,0.993638857986648,High
1,17,1,9670,1,1,120.0,1,38,37,9,8,113.4,1,0,0,1,1,1,19,0,0,6,6,6,13.333333333333334,0,0,6,7,6,13.285714285714286,0,8.9,1.4,3.51,Graduate,0,0.05190303385736264,Low
1,17,1,9070,1,1,141.0,1,19,38,4,5,133.7,1,0,0,1,1,0,22,0,0,6,7,5,11.4,0,0,6,6,6,12.166666666666666,0,7.6,2.6,0.32,Graduate,0,0.06224209413157859,Low
1,39,1,9085,1,1,130.0,1,34,1,0,2,128.2,0,0,0,1,1,0,25,0,0,5,5,0,0.0,0,0,5,5,0,0.0,0,7.6,2.6,0.32,Dropout,1,0.9831941762469906,High
1,1,1,9500,1,1,168.0,1,1,1,5,5,161.0,1,0,0,1,1,0,18,0,0,7,7,7,16.142857142857142,0,0,8,9,0,0.0,0,16.2,0.3,-0.92,Dropout,1,0.8748680960623233,High
1,7,1,9500,1,3,130.0,1,37,37,90,90,130.0,1,0,0,1,1,0,30,0,0,8,8,0,0.0,8,0,8,8,0,0.0,8,9.4,-0.8,-3.12,Dropout,1,0.6607043424229501,High
1,1,1,9500,1,1,156.0,1,38,37,9,9,156.3,0,0,0,1,1,1,18,0,0,8,8,8,15.63375,0,0,8,8,8,15.63375,0,9.4,-0.8,-3.12,Graduate,0,0.030579206813010025,Low
1,1,1,9773,1,1,137.0,1,1,1,5,5,129.3,1,0,0,1,1,0,18,0,0,6,6,6,13.666666666666666,0,0,6,6,6,14.5,0,12.7,3.7,-1.7,Graduate,0,0.06816509329952951,Low
1,17,6,9773,1,1,131.0,1,34,34,0,0,129.3,0,0,0,1,1,0,18,0,0,6,0,0,0.0,0,0,6,0,0,0.0,0,7.6,2.6,0.32,Dropout,1,0.9870723138203876,High
1,1,1,9238,1,1,130.0,1,38,38,7,7,136.3,1,0,0,1,1,0,18,0,0,6,8,6,12.5,0,0,6,7,6,11.5,0,10.8,1.4,1.74,Graduate,0,0.0685527142866885,Low
1,39,1,9670,1,1,133.1,1,1,19,4,9,140.0,0,0,0,1,1,1,25,0,0,6,8,6,12.285714285714286,0,0,6,6,6,13.0,0,15.5,2.8,-4.06,Graduate,0,0.07228160488136197,Low
1,1,1,9119,1,1,131.0,1,3,1,4,1,135.9,0,0,0,1,1,0,18,0,0,5,10,2,14.0,0,0,5,7,3,11.0,1,7.6,2.6,0.32,Enrolled,0,0.20443884427870476,Low
1,1,5,171,1,1,160.0,1,1,1,4,4,139.7,0,0,0,1,1,0,18,0,0,0,0,0,0.0,0,0,0,0,0,0.0,0,12.7,3.7,-1.7,Dropout,1,0.7371220612755018,High
1,1,4,9147,1,1,117.0,1,1,38,8,9,117.0,1,0,0,1,1,0,19,0,0,5,5,4,10.75,0,0,5,6,4,12.25,0,12.4,0.5,1.79,Enrolled,0,0.10779514422730128,Low
1,39,1,9556,1,19,133.1,1,19,1,7,10,105.0,0,0,0,1,1,0,25,0,0,7,14,4,12.95,1,0,7,11,4,13.125,1,15.5,2.8,-4.06,Dropout,1,0.8627274378752816,High
1,1,3,9500,1,1,130.0,1,37,38,9,5,130.5,1,0,0,1,0,0,19,0,0,7,7,6,12.45,0,0,7,7,6,12.45,0,7.6,2.6,0.32,Graduate,0,0.03150238439844336,Low
1,44,1,9991,0,39,130.0,1,37,37,9,9,130.0,0,0,0,1,0,0,31,0,2,6,12,4,12.25,0,3,7,9,7,12.0,0,9.4,-0.8,-3.12,Enrolled,0,0.2579767949750974,Low
1,1,3,9500,1,1,137.0,1,19,19,5,4,131.5,1,0,0,1,0,1,20,0,0,8,8,8,13.38125,0,0,8,8,8,13.38125,0,9.4,-0.8,-3.12,Graduate,0,0.027871302383110842,Low
1,42,1,9500,1,1,133.1,41,3,1,3,10,100.0,1,0,0,0,0,0,33,1,1,7,10,5,12.16,0,0,6,7,5,11.34,0,12.4,0.5,1.79,Dropout,1,0.5964751571099932,Medium
1,44,1,9085,1,39,140.0,1,1,3,9,4,140.0,0,0,1,0,0,0,24,0,2,6,11,4,12.5,0,1,6,18,2,11.5,0,12.4,0.5,1.79,Enrolled,0,0.3624809447725663,Medium
1,17,4,9238,1,1,140.0,1,19,37,9,9,130.2,1,0,0,1,0,1,18,0,0,6,8,6,12.75,0,0,6,10,6,12.166666666666666,0,12.7,3.7,-1.7,Graduate,0,0.043597400661349185,Low
1,17,2,9500,1,1,135.0,1,1,19,4,10,133.5,1,0,0,1,0,0,19,0,0,8,8,8,13.3425,0,0,8,8,8,13.3425,0,9.4,-0.8,-3.12,Graduate,0,0.05186310826488003,Low
1,1,4,9500,1,1,140.0,1,38,38,7,7,133.2,1,0,0,1,0,1,20,0,0,7,10,7,14.175,0,0,8,14,6,13.03125,0,15.5,2.8,-4.06,Graduate,0,0.02595918577742256,Low
2,39,1,9500,1,1,100.0,1,37,38,4,4,130.0,0,0,0,1,1,1,33,0,0,8,16,1,10.0,1,0,8,16,1,10.0,1,12.7,3.7,-1.7,Enrolled,0,0.7258578402552962,High
1,39,1,9119,1,1,160.0,1,38,37,7,7,129.0,0,0,0,1,1,0,24,0,0,5,9,0,0.0,0,0,5,8,2,14.5,2,7.6,2.6,0.32,Dropout,1,0.8534836759784783,High
1,39,1,9991,0,19,133.1,1,2,1,2,4,100.0,0,0,0,1,1,0,24,0,0,5,7,0,0.0,0,0,5,7,0,0.0,0,16.2,0.3,-0.92,Dropout,1,0.9650009537139954,High
1,17,1,9085,1,1,128.0,1,38,37,9,9,116.5,1,0,0,1,1,0,18,0,0,5,6,5,12.0,0,0,5,8,5,12.142857142857142,0,10.8,1.4,1.74,Graduate,0,0.044447678379743456,Low
1,1,2,9254,1,1,121.0,1,37,37,9,9,124.2,1,0,0,1,0,1,18,0,0,6,8,6,10.571428571428571,0,0,6,9,5,11.4,0,16.2,0.3,-0.92,Graduate,0,0.08463828478521256,Low
1,51,1,9085,1,1,127.0,1,3,3,2,8,138.8,1,0,0,1,0,0,22,0,4,12,19,11,14.153846153846152,0,5,12,20,12,15.428571428571429,0,8.9,1.4,3.51,Graduate,0,0.09526134405875344,Low
1,1,1,9773,1,1,132.0,1,2,1,9,9,126.4,1,1,0,1,0,1,18,0,0,6,9,6,11.166666666666666,0,0,6,11,5,12.4,0,10.8,1.4,1.74,Graduate,0,0.11862159542288163,Low
1,1,1,171,1,1,147.0,1,19,19,3,10,151.9,1,0,0,1,0,0,21,0,13,17,20,17,12.0,0,14,17,18,17,12.666666666666666,0,11.1,0.6,2.02,Graduate,0,0.10290339158533787,Low
2,39,1,9991,0,1,110.0,1,37,37,5,1,120.0,1,0,0,1,0,0,38,0,0,5,11,3,11.333333333333334,0,0,5,9,4,12.0,0,9.4,-0.8,-3.12,Dropout,1,0.7287461648704633,High
1,43,1,9238,1,1,142.0,1,34,34,99,99,131.9,0,0,0,1,0,1,29,0,9,16,17,16,12.588235294117649,0,10,13,14,13,13.357142857142858,0,9.4,-0.8,-3.12,Graduate,0,0.07610135282905714,Low
1,44,1,9130,1,39,130.0,1,38,37,4,9,130.0,1,0,0,1,0,1,20,0,0,6,11,4,12.0,0,0,6,9,4,10.75,0,16.2,0.3,-0.92,Enrolled,0,0.31351570816406044,Medium
1,17,1,9254,1,1,131.0,1,38,37,4,9,131.7,1,0,0,0,0,0,18,0,0,6,0,0,0.0,0,0,6,0,0,0.0,0,12.7,3.7,-1.7,Dropout,1,0.9874913040552397,High
2,43,1,9991,0,1,110.0,1,37,37,9,9,132.5,0,0,0,1,1,0,37,0,7,12,13,12,12.25,0,8,13,13,13,12.846153846153848,0,9.4,-0.8,-3.12,Graduate,0,0.09721673966815417,Low
1,1,3,9147,1,1,128.0,1,3,3,5,10,116.5,0,0,0,1,1,0,20,0,0,5,7,5,11.6,0,0,5,5,5,12.8,0,12.4,0.5,1.79,Graduate,0,0.035205122862703345,Low
1,1,1,9130,1,1,136.0,1,19,19,90,8,133.9,1,0,0,0,1,0,20,0,0,5,7,4,13.0,0,0,5,11,3,12.0,2,10.8,1.4,1.74,Dropout,1,0.8555155449003599,High
2,39,1,9119,1,1,120.0,1,37,38,9,10,145.4,0,0,1,1,1,0,40,0,0,5,11,3,10.666666666666666,0,0,5,5,2,12.5,0,16.2,0.3,-0.92,Dropout,1,0.8495626127540052,High
2,39,1,8014,0,1,140.0,1,37,3,9,10,172.0,0,0,0,1,1,0,44,0,5,11,21,9,12.333333333333334,0,8,11,16,9,11.0,0,12.4,0.5,1.79,Enrolled,0,0.1370544367255853,Low
1,1,1,9147,1,1,118.0,1,1,1,9,9,111.0,0,0,0,0,1,0,21,0,0,5,7,2,11.0,0,0,5,9,3,11.428571428571429,0,10.8,1.4,1.74,Dropout,1,0.8909535421182081,High
1,44,1,9070,1,39,120.0,1,2,19,3,8,120.0,0,0,0,1,1,0,21,0,2,7,10,6,13.428571428571429,0,5,9,9,8,13.125,0,16.2,0.3,-0.92,Graduate,0,0.06759205367384133,Low
1,1,6,9500,1,1,151.0,1,3,1,2,1,129.8,1,0,0,1,1,0,18,0,0,8,10,8,13.05375,2,0,8,10,8,13.05375,2,9.4,-0.8,-3.12,Graduate,0,0.1060114684071797,Low
1,1,5,9500,1,1,130.0,1,1,3,9,10,118.1,1,0,0,1,1,0,18,0,0,7,10,6,12.035714285714286,0,0,8,9,7,13.75,0,13.9,-0.3,0.79,Enrolled,0,0.06019691566569573,Low
1,39,1,9003,1,1,140.0,1,3,1,5,9,130.0,0,0,0,1,1,0,27,0,0,6,6,6,14.166666666666666,0,0,6,7,6,13.833333333333334,0,11.1,0.6,2.02,Graduate,0,0.06820442110244768,Low
2,39,1,9070,1,19,133.1,1,37,37,9,10,126.3,0,0,0,0,1,0,38,0,0,6,6,0,0.0,0,0,6,8,0,0.0,0,10.8,1.4,1.74,Dropout,1,0.9896378758268874,High
1,18,1,9130,1,1,146.0,1,3,3,5,2,137.8,0,0,0,1,1,0,18,0,0,6,11,5,13.6,0,0,6,13,3,12.666666666666666,0,13.9,-0.3,0.79,Dropout,1,0.3374985985904374,Medium
1,17,4,9254,1,1,122.0,1,1,1,4,2,116.1,1,0,0,1,1,0,19,0,0,6,7,5,12.2,0,0,6,12,2,12.0,0,7.6,2.6,0.32,Enrolled,0,0.4001099160820049,Medium
1,1,1,9130,1,1,121.0,1,3,19,2,9,115.4,1,0,0,1,1,0,18,0,0,6,8,6,13.714285714285714,0,0,6,7,5,13.333333333333334,0,15.5,2.8,-4.06,Dropout,1,0.26930634540954645,Low
1,43,1,9773,1,1,127.0,1,1,1,9,6,110.0,0,0,1,0,1,0,19,0,0,6,10,3,11.666666666666666,0,0,6,11,2,10.0,0,16.2,0.3,-0.92,Dropout,1,0.9608586285482064,High
1,39,1,9670,1,1,133.1,1,37,37,90,90,97.4,0,0,1,0,1,0,44,0,0,6,9,1,14.0,0,0,6,6,0,0.0,0,12.7,3.7,-1.7,Dropout,1,0.9978048371120827,High
1,44,1,9085,1,39,130.0,1,1,1,4,4,130.0,1,1,0,1,1,0,26,0,2,6,20,4,12.5,0,1,6,16,3,10.0,0,15.5,2.8,-4.06,Dropout,1,0.88833670265921,High
1,43,1,9130,1,1,156.0,1,19,1,9,4,156.0,0,0,1,0,1,0,24,0,0,6,11,5,11.833333333333334,0,0,6,11,4,11.5,0,15.5,2.8,-4.06,Dropout,1,0.9037675776414573,High
1,39,1,9003,1,1,130.0,1,19,1,9,6,126.1,1,0,0,0,1,0,27,0,0,6,6,0,0.0,0,0,6,8,0,0.0,0,15.5,2.8,-4.06,Dropout,1,0.979202289177643,High
1,39,1,9003,1,1,110.0,1,1,1,9,4,120.0,0,0,1,0,1,0,27,0,0,6,0,0,0.0,0,0,6,0,0,0.0,0,13.9,-0.3,0.79,Dropout,1,0.9787457713117618,High
1,43,1,9070,1,1,108.0,1,38,38,7,7,105.2,1,0,0,1,1,0,25,0,11,17,18,13,11.538461538461538,0,10,15,15,10,12.4,0,12.7,3.7,-1.7,Dropout,1,0.7099307516944304,High
1,44,1,9003,1,1,120.0,1,3,2,2,6,120.0,1,0,0,1,1,0,21,0,4,9,14,7,11.285714285714286,2,2,8,15,4,12.25,0,12.7,3.7,-1.7,Enrolled,0,0.2661493090343559,Low
1,1,1,171,1,1,150.0,1,38,19,9,9,137.8,1,0,0,1,1,1,19,0,0,0,0,0,0.0,0,0,0,0,0,0.0,0,13.9,-0.3,0.79,Graduate,0,0.07317479436591835,Low
1,17,2,9070,1,1,152.0,1,39,39,3,3,134.2,1,0,0,1,1,0,20,0,0,6,7,5,11.8,0,0,6,9,4,12.0,0,15.5,2.8,-4.06,Enrolled,0,0.17487533086647816,Low
1,44,1,9119,1,39,150.0,1,19,3,5,2,150.0,0,0,0,1,1,0,20,0,0,5,16,0,0.0,0,0,5,12,2,10.5,0,12.7,3.7,-1.7,Enrolled,0,0.3787012337062306,Medium
1,17,5,9119,1,1,123.0,1,3,1,2,9,116.0,1,0,1,0,1,0,20,0,0,5,5,0,0.0,0,0,5,5,0,0.0,0,8.9,1.4,3.51,Dropout,1,0.9501877314753379,High
1,1,1,9119,1,1,150.0,1,1,1,3,3,143.4,0,0,0,0,1,1,18,0,0,5,5,5,14.2,0,0,5,5,5,14.2,0,8.9,1.4,3.51,Enrolled,0,0.09842280153434994,Low
1,17,1,171,1,1,145.0,1,4,4,3,3,143.6,0,0,1,1,1,0,19,0,5,12,12,10,12.7,0,4,11,16,10,12.272727272727272,0,8.9,1.4,3.51,Enrolled,0,0.10137002003653604,Low
1,44,1,9130,1,39,150.0,1,1,37,4,8,150.0,1,0,0,0,0,0,22,0,1,6,10,3,12.666666666666666,0,0,6,7,0,0.0,0,15.5,2.8,-4.06,Dropout,1,0.9618523090869776,High
1,1,4,9670,1,1,125.0,1,4,19,2,5,118.0,1,0,0,1,0,0,19,0,0,6,7,6,14.428571428571429,0,0,6,8,6,15.0,2,16.2,0.3,-0.92,Graduate,0,0.07697439493971699,Low
1,1,4,9500,1,1,117.0,1,1,1,4,7,109.3,1,0,0,1,0,1,18,0,0,7,7,7,13.117142857142856,0,0,8,9,7,12.6,0,11.1,0.6,2.02,Graduate,0,0.040808297427838675,Low
1,1,2,9238,1,1,121.0,1,19,19,191,171,119.3,1,0,1,1,0,0,20,0,0,6,7,6,12.666666666666666,0,0,6,7,6,11.833333333333334,0,8.9,1.4,3.51,Graduate,0,0.04683488534799615,Low
1,17,1,171,1,1,140.0,41,1,1,5,7,146.3,1,0,0,1,0,1,18,1,0,0,0,0,0.0,0,0,0,0,0,0.0,0,12.7,3.7,-1.7,Dropout,1,0.7192714285714286,High
1,39,1,9773,1,1,130.0,1,1,19,1,3,161.5,0,0,0,1,1,0,36,0,0,6,7,6,15.285714285714286,0,0,6,6,6,16.5,0,10.8,1.4,1.74,Graduate,0,0.12698982039567716,Low
1,15,1,9147,1,1,140.0,26,37,2,6,4,140.0,0,0,1,1,1,0,19,1,0,5,12,3,10.5,0,0,5,8,4,11.25,0,12.4,0.5,1.79,Graduate,0,0.4721222520553035,Medium
1,53,1,9147,1,42,140.0,1,1,1,6,6,142.2,0,0,0,1,1,1,21,0,6,11,11,11,12.636363636363637,0,3,9,11,9,12.6,0,8.9,1.4,3.51,Graduate,0,0.0647992814442735,Low
1,1,1,9147,1,1,140.0,1,19,38,9,9,129.2,1,0,0,1,0,0,26,0,0,5,6,0,0.0,0,0,5,0,0,0.0,0,15.5,2.8,-4.06,Dropout,1,0.9566331597380718,High
1,39,1,9003,1,1,140.0,41,1,1,9,9,100.0,0,0,1,0,0,0,29,1,3,9,9,3,14.333333333333334,0,1,7,8,1,14.0,0,15.5,2.8,-4.06,Dropout,1,0.7380213637523834,High
1,44,1,9254,1,39,170.0,1,19,2,9,3,170.0,0,0,0,0,1,0,26,0,2,8,14,8,15.125,0,1,6,12,6,13.666666666666666,0,11.1,0.6,2.02,Enrolled,0,0.18632243177654323,Low
1,7,1,9500,1,3,140.0,1,3,19,2,6,140.0,0,0,0,1,1,0,27,0,0,7,0,0,0.0,0,0,8,0,0,0.0,0,12.4,0.5,1.79,Dropout,1,0.9954337350098563,High
1,51,1,9147,1,1,116.0,1,3,3,2,2,115.2,0,0,1,1,1,0,32,0,2,7,16,3,12.0,0,3,8,10,3,10.333333333333334,0,8.9,1.4,3.51,Enrolled,0,0.38660356007581753,Medium
1,16,3,9853,1,1,134.0,1,37,19,9,5,121.4,1,0,0,1,0,1,23,0,0,6,10,4,14.25,1,0,6,8,5,12.0,0,7.6,2.6,0.32,Enrolled,0,0.12617766220118395,Low
1,39,1,9147,1,1,133.1,41,38,38,9,8,134.8,0,0,0,1,0,0,24,1,0,5,12,2,10.5,0,0,5,9,4,10.0,2,16.2,0.3,-0.92,Enrolled,0,0.42122139368874706,Medium
1,1,2,9773,1,1,140.0,1,1,1,9,9,136.9,1,0,0,1,0,1,19,0,0,6,7,6,13.5,0,0,6,7,6,14.428571428571429,0,16.2,0.3,-0.92,Graduate,0,0.0910909299599883,Low
1,42,1,9003,1,1,140.0,1,19,19,4,4,140.0,1,0,0,1,1,0,25,0,0,6,14,5,11.666666666666666,0,0,6,11,4,12.0,0,15.5,2.8,-4.06,Enrolled,0,0.2760253453479424,Low
1,17,6,9254,1,1,108.0,1,1,19,4,5,112.2,1,0,0,1,1,0,19,0,0,6,13,5,10.8,0,0,6,12,3,10.0,0,9.4,-0.8,-3.12,Enrolled,0,0.2222494573305898,Low
1,1,3,9773,1,1,149.0,1,1,3,0,0,148.7,0,0,0,0,1,0,20,0,0,4,4,0,0.0,0,0,4,8,0,0.0,0,10.8,1.4,1.74,Dropout,1,0.9696653544336193,High
2,1,1,9254,1,1,140.0,1,19,38,4,7,133.0,0,0,0,1,1,0,33,0,3,9,11,9,12.8,0,2,7,9,7,11.428571428571429,0,12.7,3.7,-1.7,Graduate,0,0.14795076134431068,Low
2,39,1,9991,0,1,140.0,1,37,12,9,9,150.0,0,0,1,1,1,0,35,0,0,5,6,5,10.8,0,0,5,7,5,12.0,2,9.4,-0.8,-3.12,Dropout,1,0.6187636351019872,High
1,1,1,9147,1,1,133.1,1,37,38,7,7,98.0,1,0,0,1,1,0,23,0,0,5,8,4,11.4,0,0,5,7,4,11.0,0,11.1,0.6,2.02,Graduate,0,0.14781565044190312,Low
1,1,1,9500,1,1,125.0,1,37,19,9,9,122.4,1,0,0,1,1,0,19,0,0,7,7,7,13.725714285714286,0,0,8,8,8,14.5,0,11.1,0.6,2.02,Graduate,0,0.033220971607594726,Low
1,1,1,9670,1,1,133.1,1,1,37,9,10,139.0,0,0,0,1,1,0,21,0,0,6,6,5,12.8,0,0,6,9,5,12.25,0,10.8,1.4,1.74,Enrolled,0,0.08887670850044638,Low
1,1,5,9070,1,1,133.1,1,1,19,3,3,112.0,1,0,0,1,1,1,21,0,0,6,6,6,13.5,0,0,6,6,6,11.166666666666666,0,11.1,0.6,2.02,Graduate,0,0.03964825878855517,Low
1,39,1,9500,1,1,130.0,1,37,37,3,7,143.8,0,0,0,1,1,0,27,0,0,8,8,7,15.57,0,0,8,8,7,15.57,0,10.8,1.4,1.74,Dropout,1,0.4527137871928063,Medium
1,17,3,9147,1,1,122.0,1,3,38,123,171,116.1,1,0,1,1,1,0,19,0,0,5,10,4,11.0,0,0,5,13,2,12.0,0,8.9,1.4,3.51,Enrolled,0,0.17087804056277842,Low
1,7,2,9500,1,3,140.0,1,37,38,9,9,138.0,0,0,0,1,1,0,28,0,0,7,7,7,14.114285714285714,0,0,8,9,8,15.91111111111111,0,16.2,0.3,-0.92,Dropout,1,0.49390452858676925,Medium
1,43,1,9147,1,1,123.0,1,37,38,7,7,110.0,0,0,0,1,1,0,25,0,0,5,12,3,11.0,1,0,5,12,4,11.5,0,9.4,-0.8,-3.12,Enrolled,0,0.31057806064311827,Medium
2,39,1,9238,1,19,133.1,1,37,37,9,4,103.5,0,0,0,1,1,0,42,0,0,6,0,0,0.0,0,0,6,0,0,0.0,0,15.5,2.8,-4.06,Dropout,1,0.9941601605916617,High
1,7,1,9991,0,3,140.0,1,37,37,9,9,140.0,0,0,0,1,1,0,27,0,0,5,6,4,13.5,0,0,5,6,4,13.75,0,7.6,2.6,0.32,Graduate,0,0.18280451780489512,Low
1,1,1,9070,1,1,116.0,1,3,3,0,1,108.7,1,0,0,1,1,0,23,0,0,6,9,4,11.25,1,0,6,10,0,0.0,4,7.6,2.6,0.32,Dropout,1,0.8914833783704287,High
1,17,3,9254,1,1,118.0,1,19,1,4,4,115.9,1,0,0,1,1,1,18,0,0,6,7,6,12.142857142857142,0,0,6,8,6,11.333333333333334,0,8.9,1.4,3.51,Graduate,0,0.053370051191794804,Low
2,39,1,9500,1,1,140.0,1,37,37,9,4,127.3,0,0,0,1,1,0,26,0,0,8,8,7,13.075714285714286,0,0,8,8,7,13.075714285714286,0,10.8,1.4,1.74,Graduate,0,0.056693052457687125,Low
1,1,4,9147,1,1,146.0,1,3,1,3,10,138.7,0,0,0,1,1,0,18,0,0,5,0,0,0.0,0,0,5,0,0,0.0,0,8.9,1.4,3.51,Dropout,1,0.9387267708960542,High
1,39,1,9991,0,1,150.0,1,3,5,2,2,135.8,0,0,1,1,1,0,29,0,1,5,9,3,11.0,0,0,5,11,2,13.5,0,12.7,3.7,-1.7,Dropout,1,0.9112596581664337,High
1,17,1,9085,1,1,137.0,1,1,1,4,7,134.6,1,0,0,1,1,0,22,0,0,6,16,0,0.0,0,0,6,7,0,0.0,0,16.2,0.3,-0.92,Dropout,1,0.9494620188064801,High
1,43,1,9500,1,1,136.0,1,19,37,173,183,118.4,1,0,0,1,0,0,21,0,0,7,12,4,13.125,0,0,7,8,6,12.333333333333334,0,13.9,-0.3,0.79,Enrolled,0,0.19301471379861299,Low
1,1,3,9500,1,1,134.0,1,38,38,7,9,132.8,1,0,0,1,0,1,19,0,0,8,8,7,13.512857142857142,0,0,8,8,7,13.512857142857142,0,10.8,1.4,1.74,Graduate,0,0.029150285877097306,Low
1,1,1,9238,1,1,160.0,1,38,37,9,7,155.5,1,0,0,1,0,1,18,0,0,6,7,6,12.833333333333334,0,0,6,6,6,12.166666666666666,0,10.8,1.4,1.74,Graduate,0,0.04236867002173288,Low
1,1,3,9085,1,1,126.0,1,38,1,9,9,132.0,1,0,0,1,0,1,18,0,0,5,8,3,15.0,2,0,5,9,3,11.666666666666666,0,9.4,-0.8,-3.12,Dropout,1,0.6295496643902058,High
1,39,1,9003,1,19,133.1,1,37,38,4,9,110.0,0,0,1,0,0,0,40,0,0,6,12,5,12.8,0,0,6,16,3,13.333333333333334,0,11.1,0.6,2.02,Dropout,1,0.9236487566595473,High
1,17,3,9254,1,1,114.0,26,38,3,9,3,127.3,1,0,1,0,0,0,20,1,0,6,14,3,12.333333333333334,0,0,6,16,0,0.0,0,10.8,1.4,1.74,Dropout,1,0.9090973480327259,High
1,1,3,9500,1,1,139.0,1,3,1,4,1,126.0,1,0,0,1,1,0,18,0,0,8,15,5,12.288,1,0,8,15,5,12.288,1,10.8,1.4,1.74,Dropout,1,0.6679393571663788,High
1,43,2,8014,0,3,130.0,1,34,34,0,0,130.0,0,0,0,1,1,0,31,0,8,12,21,12,12.333333333333334,0,6,10,13,7,13.285714285714286,2,7.6,2.6,0.32,Graduate,0,0.18751413867590772,Low
1,1,2,9147,1,1,131.0,1,1,1,9,9,118.8,0,0,0,1,1,1,18,0,0,5,9,4,11.5,0,0,5,5,5,12.8,0,12.4,0.5,1.79,Graduate,0,0.04455037802140751,Low
1,43,2,9670,1,1,130.0,1,19,1,4,4,127.6,1,0,0,1,1,0,22,0,4,6,6,6,11.833333333333334,0,0,6,11,4,11.142857142857142,0,10.8,1.4,1.74,Dropout,1,0.42151539107991604,Medium
1,51,1,9147,1,19,133.1,1,19,19,9,5,112.1,0,0,1,0,1,0,38,0,0,5,5,0,0.0,0,0,5,5,0,0.0,0,8.9,1.4,3.51,Dropout,1,0.9693367044209924,High
1,43,1,9991,0,3,130.0,1,3,1,2,9,130.0,0,0,0,1,1,0,33,0,0,5,5,0,0.0,0,0,5,5,0,0.0,0,12.7,3.7,-1.7,Dropout,1,0.9744962254805127,High
1,1,3,9119,1,1,117.0,1,1,1,3,5,111.1,0,0,0,1,1,1,19,0,0,5,10,5,11.8,0,0,5,12,3,11.5,0,11.1,0.6,2.02,Enrolled,0,0.1312642068658098,Low
1,17,1,9670,1,1,127.0,1,3,3,1,1,121.4,0,0,0,1,1,0,18,0,0,6,0,0,0.0,0,0,6,0,0,0.0,0,15.5,2.8,-4.06,Dropout,1,0.9888951443991929,High
1,1,5,9119,1,1,131.0,1,1,19,4,7,126.8,0,0,0,0,1,1,18,0,0,5,6,5,12.2,0,0,5,8,4,12.0,0,8.9,1.4,3.51,Enrolled,0,0.15122804494277628,Low
1,51,1,9991,0,1,134.0,1,1,1,5,3,120.6,1,0,0,1,1,0,27,0,2,6,6,6,12.333333333333334,0,0,5,5,5,13.0,0,11.1,0.6,2.02,Graduate,0,0.16029444617333907,Low
1,39,1,9254,1,1,130.0,1,37,37,9,9,126.5,0,0,0,1,1,0,26,0,0,6,7,6,12.428571428571429,0,0,6,6,6,12.833333333333334,0,7.6,2.6,0.32,Graduate,0,0.03271604207649523,Low
1,1,6,9500,1,1,127.0,1,1,19,3,3,120.2,1,0,0,1,0,1,19,0,0,7,7,7,12.765714285714289,0,0,8,9,8,13.544444444444444,0,12.4,0.5,1.79,Graduate,0,0.04929617415865413,Low
2,51,1,9500,1,1,130.0,1,37,37,5,5,120.0,0,0,0,1,1,0,44,0,0,7,11,5,12.1,0,0,7,10,5,12.6,0,11.1,0.6,2.02,Dropout,1,0.7350736784387617,High
1,1,2,9147,1,1,142.0,1,37,38,9,9,137.5,1,0,0,1,1,0,19,0,0,5,10,5,12.0,0,0,5,9,5,11.5,0,13.9,-0.3,0.79,Graduate,0,0.1013877167476762,Low
1,18,1,9070,1,1,117.0,1,1,37,4,7,127.9,1,0,0,1,1,0,20,0,0,6,6,0,0.0,0,0,6,6,0,0.0,0,9.4,-0.8,-3.12,Dropout,1,0.9529504798804775,High
1,39,1,9003,1,19,133.1,1,19,37,1,1,140.0,0,0,1,1,1,0,24,0,0,6,10,6,14.88888888888889,0,0,6,11,6,13.727272727272728,0,16.2,0.3,-0.92,Enrolled,0,0.0975664537046594,Low
4,43,1,9991,0,1,164.0,1,37,37,6,6,131.8,0,0,0,1,0,0,31,0,7,14,19,13,11.357142857142858,0,9,14,14,13,12.0,1,9.4,-0.8,-3.12,Graduate,0,0.165494587124182,Low
1,43,1,9070,1,1,130.0,1,37,37,9,9,129.0,1,0,0,1,0,0,25,0,0,6,6,6,13.5,0,0,6,6,6,12.5,0,9.4,-0.8,-3.12,Graduate,0,0.024337233463108558,Low
1,17,4,9773,1,1,127.0,1,2,37,9,9,115.8,1,0,1,0,0,0,19,0,0,6,6,0,0.0,0,0,6,0,0,0.0,0,8.9,1.4,3.51,Dropout,1,0.9835190703158189,High
1,17,3,9500,1,1,140.0,1,3,2,3,3,126.4,1,0,0,1,0,0,18,0,0,7,7,7,13.884285714285712,0,0,8,9,8,14.75,0,11.1,0.6,2.02,Dropout,1,0.32298930830438743,Medium
1,43,1,9085,1,1,130.0,1,19,38,4,9,130.0,1,0,0,0,0,0,19,0,0,6,12,5,13.0,0,0,6,12,3,11.666666666666666,0,13.9,-0.3,0.79,Enrolled,0,0.30301638855481683,Medium
1,1,3,9500,1,1,122.0,1,3,1,4,3,114.8,1,0,0,1,0,1,19,0,0,7,11,4,12.65,0,0,7,9,5,11.1,0,12.4,0.5,1.79,Enrolled,0,0.12562965041240198,Low
1,17,1,9147,1,1,162.0,1,1,38,4,5,138.6,1,0,0,1,0,0,19,0,0,5,10,1,11.0,0,0,5,13,0,0.0,0,12.7,3.7,-1.7,Enrolled,0,0.3971113054780853,Medium
1,39,1,9670,1,1,133.1,1,1,1,4,4,112.9,0,0,0,1,0,0,24,0,0,6,12,2,11.666666666666666,0,0,6,20,2,10.5,6,16.2,0.3,-0.92,Dropout,1,0.7345415169582817,High
1,1,1,9238,1,1,120.0,1,3,3,3,3,111.6,0,0,0,1,0,0,20,0,0,6,6,6,14.5,0,0,6,6,6,12.666666666666666,0,12.4,0.5,1.79,Graduate,0,0.03745064212360099,Low
1,17,1,9254,1,1,160.0,1,19,37,5,3,152.0,0,0,0,1,0,0,18,0,0,6,7,6,14.714285714285714,0,0,6,7,6,14.166666666666666,0,12.7,3.7,-1.7,Graduate,0,0.044750972653812233,Low
1,1,1,9238,1,1,141.0,1,38,1,5,7,132.6,0,0,0,1,0,1,18,0,0,6,7,6,13.285714285714286,0,0,6,6,6,14.333333333333334,0,12.4,0.5,1.79,Graduate,0,0.04506323672058162,Low
1,17,1,9085,1,1,125.0,1,1,38,4,9,118.4,1,0,0,1,0,0,21,0,0,5,13,3,11.333333333333334,2,0,5,12,2,10.5,1,9.4,-0.8,-3.12,Enrolled,0,0.3010834562031594,Medium
1,7,1,9500,1,3,120.0,1,37,37,4,5,120.0,0,0,1,0,0,0,28,0,0,7,7,0,0.0,7,0,7,7,0,0.0,7,13.9,-0.3,0.79,Dropout,1,0.9929867911731094,High
1,1,1,9147,1,1,128.0,1,38,37,5,6,122.1,0,0,0,1,0,1,18,0,0,5,11,4,11.571428571428571,0,0,5,9,5,12.0,0,13.9,-0.3,0.79,Enrolled,0,0.03431235828400143,Low
1,1,1,9853,1,1,162.0,1,37,19,9,8,142.8,0,0,1,1,0,0,18,0,0,6,10,5,13.0,0,0,6,10,4,11.5,0,12.7,3.7,-1.7,Dropout,1,0.7352316912904691,High
1,1,1,9238,1,1,130.0,1,1,1,4,4,124.8,0,0,0,1,0,1,18,0,0,6,9,6,11.5,0,0,6,11,5,14.0,0,11.1,0.6,2.02,Graduate,0,0.08767985193586511,Low
1,17,2,9147,1,1,134.0,1,37,19,9,8,126.3,1,0,0,1,0,1,18,0,0,5,8,5,11.8,0,0,5,10,5,11.6,3,16.2,0.3,-0.92,Graduate,0,0.06265048416592667,Low
1,1,1,9147,1,1,133.1,1,19,19,9,9,119.0,1,0,0,0,0,1,19,0,0,5,7,3,10.666666666666666,0,0,5,10,3,12.285714285714286,0,10.8,1.4,1.74,Dropout,1,0.6454457784498867,High
1,17,1,9500,1,1,137.0,1,19,38,3,9,124.9,0,0,0,1,0,1,19,0,0,7,11,6,13.8875,0,0,8,9,8,14.864444444444445,0,15.5,2.8,-4.06,Graduate,0,0.035556586457583396,Low
1,1,1,9238,1,1,133.1,1,38,38,191,192,118.0,0,0,1,1,0,1,20,0,0,6,7,5,11.4,0,0,6,9,6,11.5,0,8.9,1.4,3.51,Graduate,0,0.12074838162660471,Low
2,43,1,8014,0,1,110.0,1,37,19,9,3,100.0,0,0,0,1,0,0,34,0,9,11,17,9,12.333333333333334,0,3,7,12,7,12.142857142857142,0,9.4,-0.8,-3.12,Graduate,0,0.09223888376717196,Low
2,39,1,9500,1,1,133.1,1,37,37,9,9,109.0,1,0,0,1,0,0,39,0,0,7,8,5,12.16,0,0,7,8,5,12.16,0,7.6,2.6,0.32,Enrolled,0,0.09123966370773441,Low
1,17,3,9500,1,1,133.0,1,3,19,2,5,130.8,1,0,0,1,0,0,19,0,0,8,8,8,13.427499999999998,0,0,8,8,8,13.427499999999998,0,9.4,-0.8,-3.12,Graduate,0,0.053123216542253236,Low
1,39,1,9070,1,1,130.0,1,1,19,4,4,110.0,1,0,0,1,0,0,24,0,0,6,6,6,15.166666666666666,0,0,6,6,2,15.5,0,15.5,2.8,-4.06,Graduate,0,0.1904851039178283,Low
1,10,1,9773,1,1,151.0,22,38,37,0,5,151.0,1,0,0,1,0,0,18,1,0,6,12,0,0.0,1,0,6,0,0,0.0,0,9.4,-0.8,-3.12,Dropout,1,0.9178729238532537,High
1,17,1,9130,1,1,125.0,1,19,19,3,10,131.0,1,0,0,1,1,0,19,0,0,5,11,2,10.5,2,0,5,9,0,0.0,3,10.8,1.4,1.74,Dropout,1,0.9153448215335028,High
1,1,1,9147,1,1,158.0,1,1,38,3,6,155.2,0,0,0,1,1,1,18,0,0,5,5,5,11.8,0,0,5,8,3,11.0,0,9.4,-0.8,-3.12,Graduate,0,0.09732281704869118,Low
1,1,2,9147,1,1,128.0,1,3,1,3,3,121.0,1,1,1,1,1,0,20,0,0,5,6,5,13.2,0,0,5,10,5,11.4,3,16.2,0.3,-0.92,Enrolled,0,0.18100120288708396,Low
1,1,6,9500,1,1,133.0,1,1,1,9,9,119.7,1,1,1,1,1,0,19,0,2,7,8,7,13.075,0,1,8,11,8,12.36111111111111,0,12.4,0.5,1.79,Graduate,0,0.11812044744564948,Low
1,1,1,9130,1,1,138.0,1,3,19,2,4,131.0,1,0,0,1,1,0,19,0,0,6,8,4,11.6,0,0,6,14,2,13.0,0,11.1,0.6,2.02,Dropout,1,0.8021374431923672,High
1,17,1,9003,1,1,126.0,1,37,3,5,2,116.9,0,0,0,1,1,0,19,0,0,6,10,6,13.666666666666666,0,0,6,10,4,12.25,0,13.9,-0.3,0.79,Dropout,1,0.2104590066708587,Low
2,39,1,9991,0,1,140.0,1,36,14,9,10,130.0,1,0,0,1,1,0,41,0,0,5,9,4,10.75,0,0,5,7,2,10.0,0,9.4,-0.8,-3.12,Dropout,1,0.7473144679834686,High
1,1,2,9500,1,1,143.0,1,5,5,2,2,137.8,0,0,0,1,1,0,19,0,0,7,10,6,13.492857142857144,0,0,8,9,8,12.68888888888889,0,12.4,0.5,1.79,Graduate,0,0.08195059029895443,Low
1,43,3,9254,1,1,135.0,1,3,3,2,2,122.1,0,0,0,1,1,0,19,0,0,6,14,3,12.5,0,0,6,9,4,11.0,0,12.7,3.7,-1.7,Enrolled,0,0.5921474565328104,Medium
1,7,1,9500,1,3,120.0,1,1,1,7,10,120.0,1,0,0,0,1,0,23,0,0,7,0,0,0.0,0,0,8,0,0,0.0,0,12.7,3.7,-1.7,Dropout,1,0.9733303324577984,High
1,1,1,9119,1,1,148.0,1,19,38,9,7,133.0,0,0,0,1,1,0,18,0,0,5,12,5,13.285714285714286,0,0,5,16,5,14.8,0,12.4,0.5,1.79,Dropout,1,0.16181496336834952,Low
1,1,1,9147,1,1,126.0,1,3,19,3,3,115.2,0,0,0,1,1,0,19,0,0,5,6,5,12.6,0,0,5,13,5,11.8,5,16.2,0.3,-0.92,Graduate,0,0.06877438870397494,Low
1,44,1,9003,1,39,160.0,1,3,3,2,10,160.0,1,0,0,1,1,0,20,0,0,6,7,6,14.0,0,0,6,7,6,14.666666666666666,0,12.4,0.5,1.79,Graduate,0,0.0759298358274382,Low
1,39,1,9085,1,1,140.0,1,37,37,90,90,106.3,0,0,1,0,1,0,35,0,0,5,7,2,11.5,0,0,5,8,2,10.5,0,7.6,2.6,0.32,Dropout,1,0.952278408253622,High
4,39,2,9670,1,19,133.1,1,19,1,90,90,103.0,0,0,0,0,1,0,34,0,0,6,6,0,0.0,0,0,6,9,0,0.0,0,10.8,1.4,1.74,Dropout,1,0.983072484016111,High
1,1,1,9070,1,1,136.0,1,3,3,9,9,136.0,1,0,1,0,0,1,19,0,0,6,6,6,11.833333333333334,0,0,6,8,6,12.875,0,10.8,1.4,1.74,Graduate,0,0.40891288710801044,Medium
1,15,1,9238,1,1,150.0,26,19,1,9,9,146.5,1,0,1,0,1,0,22,1,0,6,10,5,11.5,0,0,6,8,5,12.4,0,13.9,-0.3,0.79,Graduate,0,0.22279167103350214,Low
1,17,3,9070,1,1,130.0,1,1,4,4,2,131.4,0,0,0,1,1,0,20,0,0,6,6,6,14.166666666666666,0,0,6,8,6,12.333333333333334,0,11.1,0.6,2.02,Graduate,0,0.09299443602045293,Low
2,42,1,9991,0,1,130.0,1,3,2,2,2,130.0,0,0,0,1,1,0,27,0,2,2,2,2,12.5,0,0,5,6,2,12.5,0,12.7,3.7,-1.7,Enrolled,0,0.7531188860995706,High
2,39,1,9119,1,1,110.0,1,19,19,0,5,137.0,0,0,1,1,1,0,30,0,0,5,5,0,0.0,0,0,5,5,0,0.0,0,7.6,2.6,0.32,Dropout,1,0.9586268095674797,High
1,39,1,9119,1,1,110.0,1,1,1,4,4,125.9,0,0,0,1,1,0,34,0,0,5,7,0,0.0,0,0,5,8,1,11.0,0,10.8,1.4,1.74,Enrolled,0,0.5298262823901003,Medium
1,1,1,9254,1,1,121.0,1,1,1,5,4,111.9,1,0,0,0,1,0,20,0,0,6,14,2,10.5,0,0,6,16,0,0.0,0,10.8,1.4,1.74,Dropout,1,0.9819448509351819,High
1,17,1,9070,1,1,127.0,1,37,38,9,5,131.2,1,0,0,1,1,0,18,0,0,6,6,6,11.833333333333334,0,0,6,6,6,13.166666666666666,0,7.6,2.6,0.32,Graduate,0,0.03296285526346743,Low
1,1,1,9130,1,1,140.0,1,9,19,4,4,131.2,0,0,0,1,1,1,26,0,0,5,9,0,0.0,0,0,5,6,0,0.0,0,7.6,2.6,0.32,Dropout,1,0.968534992402565,High
1,39,1,9991,0,1,130.0,1,1,1,3,7,140.0,0,0,0,1,1,0,26,0,0,5,5,5,12.4,0,0,5,5,5,12.4,0,15.5,2.8,-4.06,Graduate,0,0.1360824122763596,Low
1,39,2,9147,1,1,130.0,1,19,19,5,9,121.5,0,0,0,0,1,0,26,0,0,5,5,2,10.5,0,0,5,9,0,0.0,0,10.8,1.4,1.74,Dropout,1,0.9968428088986301,High
1,39,1,9991,0,1,100.0,1,37,37,9,6,153.5,0,0,1,0,1,0,31,0,0,5,9,0,0.0,0,0,5,6,0,0.0,0,12.4,0.5,1.79,Dropout,1,0.982826847131401,High
1,1,3,171,1,1,139.0,1,37,19,9,8,142.2,1,0,0,1,1,1,20,0,6,12,12,12,14.583333333333334,0,4,11,14,11,14.333333333333334,0,8.9,1.4,3.51,Graduate,0,0.029643398057486153,Low
1,1,1,9773,1,1,150.0,1,19,11,0,0,131.1,1,0,0,1,1,0,19,0,0,6,6,6,11.666666666666666,0,0,6,10,3,12.666666666666666,0,7.6,2.6,0.32,Graduate,0,0.21859770895299557,Low
1,17,1,9670,1,1,133.1,1,34,3,7,2,130.6,1,0,1,0,1,0,23,0,0,5,5,0,0.0,0,0,5,5,0,0.0,0,7.6,2.6,0.32,Dropout,1,0.991332544196193,High
1,1,6,9500,1,1,119.0,1,1,1,4,4,115.0,1,0,0,1,1,1,20,0,0,7,14,1,13.0,0,0,7,15,0,0.0,0,11.1,0.6,2.02,Dropout,1,0.9238450377008032,High
1,51,1,9500,1,1,170.0,1,1,1,4,10,125.0,0,0,0,1,1,0,20,0,0,7,7,7,15.66,0,7,10,11,9,15.011111111111113,0,11.1,0.6,2.02,Graduate,0,0.15314108234342808,Low
1,39,1,8014,0,1,133.1,1,34,34,0,0,97.5,1,0,0,1,1,0,29,0,0,6,10,0,0.0,1,0,5,10,0,0.0,0,7.6,2.6,0.32,Dropout,1,0.9870069947777492,High
1,1,4,9773,1,1,133.0,1,19,19,7,7,134.4,1,0,0,1,1,1,20,0,0,6,6,6,12.166666666666666,0,0,6,8,4,12.75,0,9.4,-0.8,-3.12,Graduate,0,0.14588297020525098,Low
1,1,1,9500,1,1,125.0,1,37,37,9,9,118.8,0,0,0,1,1,0,24,0,0,7,7,6,13.3,0,0,7,7,6,13.3,0,7.6,2.6,0.32,Graduate,0,0.023200575899369344,Low
1,39,1,9556,1,19,133.1,1,42,1,3,7,110.5,0,0,0,1,1,0,37,0,0,7,15,0,0.0,0,0,7,13,0,0.0,1,11.1,0.6,2.02,Dropout,1,0.9587475978409115,High
1,1,5,9500,1,1,143.0,1,37,19,4,4,123.3,1,0,0,1,1,0,18,0,0,7,0,0,0.0,0,0,8,0,0,0.0,0,7.6,2.6,0.32,Dropout,1,0.984216919104687,High
1,1,2,171,1,1,127.0,1,2,19,5,5,139.6,1,0,1,0,1,1,18,0,0,0,0,0,0.0,0,0,0,0,0,0.0,0,13.9,-0.3,0.79,Dropout,1,0.5798084109954255,Medium
1,17,1,9500,1,1,157.0,1,19,3,4,9,138.8,0,0,0,1,1,0,18,0,0,8,8,7,13.55714285714286,0,0,8,8,7,13.55714285714286,0,12.7,3.7,-1.7,Graduate,0,0.04701774565747754,Low
2,44,1,9119,1,39,160.0,1,37,37,9,9,160.0,0,0,1,1,1,0,41,0,3,7,15,5,14.333333333333334,0,1,6,16,6,14.636363636363637,0,12.4,0.5,1.79,Enrolled,0,0.15568714194955516,Low
1,39,1,9003,1,1,140.0,1,37,37,9,4,140.0,0,0,0,1,1,0,35,0,0,6,16,4,12.0,0,0,6,11,3,10.333333333333334,0,13.9,-0.3,0.79,Dropout,1,0.7714825688356461,High
1,17,1,9254,1,1,128.0,1,19,38,9,9,118.2,0,0,0,1,0,0,19,0,0,5,5,0,0.0,0,0,6,0,0,0.0,0,8.9,1.4,3.51,Dropout,1,0.9898346115909442,High
1,1,1,171,1,1,145.0,1,1,19,10,5,150.6,1,0,0,1,1,0,18,0,0,0,0,0,0.0,0,0,0,0,0,0.0,0,10.8,1.4,1.74,Graduate,0,0.07799062576489289,Low
2,39,1,9500,1,1,133.1,1,37,37,191,172,115.2,0,0,0,1,0,0,48,0,0,7,11,4,11.75,0,0,7,14,3,11.725,0,11.1,0.6,2.02,Enrolled,0,0.2677745350777112,Low
1,1,1,9500,1,1,132.0,1,19,2,9,3,126.0,1,0,0,1,0,0,19,0,0,7,7,6,12.183333333333332,0,0,7,7,6,12.183333333333332,0,7.6,2.6,0.32,Graduate,0,0.03066466159931015,Low
1,44,1,9003,1,39,160.0,1,37,37,9,7,160.0,1,0,0,0,1,0,30,0,4,9,18,6,11.833333333333334,0,1,8,21,4,11.0,0,15.5,2.8,-4.06,Dropout,1,0.6789592437521351,High
2,43,1,9773,1,1,160.0,1,37,37,5,0,160.0,0,0,1,0,1,0,51,0,0,4,4,0,0.0,0,0,4,4,0,0.0,0,12.7,3.7,-1.7,Dropout,1,0.9932784780652693,High
1,10,1,9085,1,1,184.4,22,2,19,2,8,184.4,0,0,0,1,0,0,18,1,0,6,8,6,15.0,0,0,6,10,5,14.333333333333334,0,11.1,0.6,2.02,Graduate,0,0.12168152738826936,Low
1,1,1,171,1,1,149.0,1,1,1,9,3,156.0,1,0,0,1,0,0,18,0,0,0,0,0,0.0,0,0,0,0,0,0.0,0,10.8,1.4,1.74,Graduate,0,0.16018622785742448,Low
1,1,1,171,1,1,146.0,1,40,43,4,4,150.2,1,0,0,1,0,0,18,0,0,0,0,0,0.0,0,0,0,0,0,0.0,0,11.1,0.6,2.02,Graduate,0,0.10074681299177422,Low
1,1,5,9500,1,1,139.0,1,38,37,7,7,126.3,1,0,0,1,0,1,18,0,0,8,8,8,13.435,0,0,8,8,8,13.435,0,9.4,-0.8,-3.12,Graduate,0,0.03411584861179332,Low
1,1,1,9130,1,1,152.0,1,2,22,4,3,146.1,1,0,0,1,0,0,18,0,0,5,8,4,13.5,2,0,5,9,0,0.0,3,10.8,1.4,1.74,Dropout,1,0.889185952175258,High
1,1,1,171,1,1,147.0,1,2,3,4,8,145.3,1,0,0,1,0,0,18,0,0,0,0,0,0.0,0,0,0,0,0,0.0,0,12.4,0.5,1.79,Enrolled,0,0.032044682172110074,Low
1,18,1,171,1,1,121.0,1,1,1,4,3,116.8,1,0,0,1,0,0,23,0,15,17,18,17,11.5,0,16,17,17,17,12.176470588235292,0,12.4,0.5,1.79,Graduate,0,0.1273604033830519,Low
1,1,1,9070,1,1,124.0,1,19,19,7,9,132.1,1,0,0,1,0,0,19,0,0,6,10,2,10.5,0,0,6,6,3,11.0,0,7.6,2.6,0.32,Enrolled,0,0.2507630736279224,Low
1,1,1,9085,1,1,105.0,1,19,37,8,8,102.6,0,1,0,1,0,0,21,0,0,6,13,4,12.0,0,0,6,17,2,11.5,0,11.1,0.6,2.02,Enrolled,0,0.24964559885584503,Low
1,1,1,9773,1,1,121.0,1,3,3,2,2,112.3,1,0,1,0,0,0,18,0,0,6,7,5,12.2,0,0,6,11,4,11.5,0,11.1,0.6,2.02,Dropout,1,0.8208801285642612,High
1,1,1,171,1,1,143.0,1,12,12,4,1,155.3,1,1,0,1,0,0,18,0,0,0,0,0,0.0,0,0,0,0,0,0.0,0,11.1,0.6,2.02,Graduate,0,0.10109418180768294,Low
1,53,1,9085,1,42,150.0,1,3,1,2,8,153.8,1,0,0,1,0,0,21,0,7,11,15,10,14.5,0,4,9,15,8,14.0,0,8.9,1.4,3.51,Graduate,0,0.07707777382076739,Low
1,43,1,9773,1,1,126.0,1,1,37,3,0,110.0,0,0,1,1,0,0,20,0,0,6,7,6,13.333333333333334,0,0,6,8,6,12.666666666666666,0,12.4,0.5,1.79,Graduate,0,0.06505704188479755,Low
1,42,1,9085,1,1,133.1,1,1,9,4,4,128.2,0,0,0,1,0,0,24,0,5,11,29,9,12.0,6,4,10,21,9,12.555555555555555,0,9.4,-0.8,-3.12,Graduate,0,0.15106497384043402,Low
1,1,1,9130,1,1,127.0,1,1,1,4,4,120.4,1,0,0,1,0,0,18,0,0,6,9,6,15.125,0,0,6,9,6,14.0,0,13.9,-0.3,0.79,Graduate,0,0.06932929003522444,Low
1,17,1,9500,1,1,160.0,1,19,1,4,10,153.0,1,0,0,1,0,0,18,0,0,7,7,6,13.116666666666667,0,0,7,7,6,13.116666666666667,0,7.6,2.6,0.32,Graduate,0,0.08980037659889338,Low
1,1,1,9773,1,1,121.0,1,19,1,7,9,117.9,1,0,0,1,0,0,19,0,0,6,7,6,12.833333333333334,0,0,6,7,6,11.666666666666666,0,11.1,0.6,2.02,Graduate,0,0.10347057591342736,Low
1,44,1,9238,1,39,150.0,1,1,37,4,8,145.6,1,0,0,1,0,1,20,0,3,6,6,6,13.333333333333334,0,2,6,6,6,14.166666666666666,0,13.9,-0.3,0.79,Graduate,0,0.044530253723203926,Low
1,1,6,9500,1,1,117.0,1,4,12,5,9,119.8,1,0,0,1,0,0,18,0,0,7,7,7,13.877142857142855,0,0,8,8,8,15.6625,0,12.4,0.5,1.79,Graduate,0,0.060075300672031325,Low
1,1,6,9500,1,1,141.0,1,19,1,9,10,126.8,1,0,0,1,0,0,18,0,0,8,8,7,12.944285714285714,0,0,8,8,7,12.944285714285714,0,10.8,1.4,1.74,Graduate,0,0.06812527635444873,Low
1,17,1,9853,1,1,112.0,1,2,19,3,9,106.1,1,0,0,1,0,0,19,0,0,6,8,5,12.333333333333334,0,0,6,8,5,11.0,0,15.5,2.8,-4.06,Enrolled,0,0.12097789981243484,Low
1,1,1,9500,1,1,148.0,1,3,3,2,2,137.3,1,0,0,1,0,0,19,0,0,7,7,6,14.266666666666666,0,0,7,7,6,14.266666666666666,0,7.6,2.6,0.32,Graduate,0,0.04160792952108906,Low
1,1,2,9670,1,1,120.0,1,3,19,4,5,115.5,1,0,0,1,0,0,18,0,0,6,8,5,13.0,0,0,6,8,5,14.0,0,13.9,-0.3,0.79,Graduate,0,0.06972060586069408,Low
1,1,2,9500,1,1,132.0,1,37,37,5,7,127.5,1,0,0,1,0,0,20,0,0,8,8,8,12.48375,0,0,8,8,8,12.48375,0,9.4,-0.8,-3.12,Graduate,0,0.02973507639532801,Low
1,1,2,9556,1,1,125.0,1,38,1,9,3,116.3,1,0,0,1,0,0,18,0,0,7,8,7,13.428571428571429,0,0,8,8,8,15.3125,0,16.2,0.3,-0.92,Graduate,0,0.05496798723560655,Low
2,17,3,8014,0,1,123.0,1,19,37,3,3,113.2,0,0,1,0,0,0,18,0,0,6,9,3,10.666666666666666,0,0,6,12,0,0.0,0,7.6,2.6,0.32,Dropout,1,0.9439889199178957,High
1,1,1,9853,1,1,142.0,1,12,12,9,4,132.6,1,0,0,1,0,0,18,0,0,6,8,5,15.4,0,0,6,7,5,12.2,0,7.6,2.6,0.32,Graduate,0,0.09223504715251768,Low
1,1,4,9500,1,1,148.0,1,1,37,4,8,132.0,1,0,0,1,0,0,18,0,0,7,7,6,13.45,0,0,7,7,6,13.45,0,7.6,2.6,0.32,Graduate,0,0.04247604728694365,Low
1,17,5,9500,1,1,136.0,1,19,38,5,8,130.3,1,0,0,1,0,1,18,0,0,7,7,6,12.6,0,0,7,7,6,12.6,0,7.6,2.6,0.32,Graduate,0,0.028395753170276646,Low
1,1,4,9500,1,1,123.0,1,19,38,9,10,116.7,1,0,0,1,0,0,20,0,0,7,7,7,12.485714285714286,0,0,8,12,8,12.9375,0,16.2,0.3,-0.92,Graduate,0,0.04695736566758627,Low
1,1,2,9070,1,1,135.0,1,19,37,9,9,134.0,1,0,0,1,0,1,22,0,0,6,10,5,10.8,0,0,6,7,5,12.8,0,12.7,3.7,-1.7,Graduate,0,0.0610779265456599,Low
1,43,1,9670,1,1,151.0,1,19,19,1,1,100.0,0,0,1,1,0,0,20,0,0,6,12,5,12.2,0,0,6,8,5,14.6,0,13.9,-0.3,0.79,Enrolled,0,0.14885585407738205,Low
1,44,1,9085,1,39,140.0,1,1,1,3,7,140.0,1,0,0,1,0,0,20,0,2,6,11,5,14.2,0,0,6,12,2,13.5,0,13.9,-0.3,0.79,Enrolled,0,0.13519514209430084,Low
1,1,2,9238,1,1,136.0,1,37,38,9,8,139.2,1,0,0,1,0,0,18,0,0,6,7,6,13.833333333333334,0,0,6,6,6,14.0,0,9.4,-0.8,-3.12,Graduate,0,0.04311124779953834,Low
1,1,1,9853,1,1,142.0,1,19,1,9,1,132.6,0,0,0,1,0,0,18,0,0,6,8,5,12.8,0,0,6,14,3,10.0,0,9.4,-0.8,-3.12,Enrolled,0,0.23127966327138955,Low
1,17,3,9147,1,1,142.0,1,37,38,5,1,129.4,0,0,0,1,0,0,18,0,0,5,5,5,13.2,0,0,5,6,4,12.5,0,9.4,-0.8,-3.12,Graduate,0,0.07321521716540984,Low
1,17,1,9670,1,1,127.0,1,1,38,4,7,125.6,0,0,1,1,0,1,18,0,0,6,7,1,14.0,0,0,6,6,0,0.0,0,15.5,2.8,-4.06,Dropout,1,0.9666252176095613,High
1,17,1,9238,1,1,131.0,1,1,1,4,10,129.3,0,0,0,1,0,0,19,0,4,8,8,8,13.875,0,1,6,8,5,14.0,0,11.1,0.6,2.02,Graduate,0,0.11489237114443487,Low
1,1,1,9085,1,1,134.0,1,38,19,9,4,128.4,1,0,0,1,0,1,19,0,0,5,7,5,12.5,0,0,5,8,5,12.714285714285714,0,10.8,1.4,1.74,Graduate,0,0.03740478762082807,Low
1,17,2,9773,1,1,142.0,1,19,19,9,9,139.9,0,0,0,1,0,1,18,0,0,6,7,6,13.428571428571429,0,0,6,6,6,12.5,0,13.9,-0.3,0.79,Graduate,0,0.11238596706690482,Low
1,1,1,9070,1,1,123.0,1,38,38,9,5,124.8,0,0,0,0,0,1,18,0,0,6,7,5,11.8,0,0,6,7,5,13.0,0,8.9,1.4,3.51,Enrolled,0,0.1628929835854183,Low
1,17,3,9500,1,1,133.0,1,1,1,9,9,128.5,1,0,0,1,0,1,18,0,0,7,7,7,14.868571428571428,0,0,8,9,8,15.11111111111111,0,11.1,0.6,2.02,Graduate,0,0.0788251638490083,Low
1,1,4,9500,1,1,125.0,1,19,1,1,1,117.8,1,0,0,1,0,0,18,0,0,7,10,7,13.03,0,0,8,8,8,13.21875,0,15.5,2.8,-4.06,Graduate,0,0.06628586884680016,Low
1,17,1,9670,1,1,120.0,1,38,38,5,7,115.1,1,0,0,1,0,0,19,0,0,6,7,6,14.571428571428571,0,0,6,7,6,12.333333333333334,0,12.4,0.5,1.79,Graduate,0,0.047550253156543765,Low
1,17,2,9238,1,1,125.0,1,19,19,3,3,118.0,1,0,0,1,0,0,18,0,0,6,9,5,11.0,0,0,6,9,4,11.25,0,8.9,1.4,3.51,Graduate,0,0.23777264767517275,Low
1,39,1,9500,1,19,133.1,1,19,37,9,4,120.0,0,0,0,1,0,1,25,0,0,8,8,8,13.3675,0,0,8,8,8,13.3675,0,9.4,-0.8,-3.12,Graduate,0,0.017344631708654405,Low
1,1,4,9500,1,1,133.1,1,19,38,9,9,119.6,1,0,0,1,0,1,19,0,0,7,7,6,12.808333333333332,0,0,8,11,7,12.825714285714286,0,12.4,0.5,1.79,Graduate,0,0.026868800533386465,Low
1,17,6,9500,1,1,143.0,1,1,38,3,3,133.2,1,0,0,1,0,0,18,0,0,7,7,7,13.918571428571427,0,0,8,9,8,13.8875,0,11.1,0.6,2.02,Graduate,0,0.1771402731663719,Low
1,17,1,9130,1,1,147.0,1,4,1,2,10,141.8,1,0,0,1,0,0,19,0,0,6,8,6,13.0,0,0,6,9,4,12.8,0,13.9,-0.3,0.79,Graduate,0,0.12635781015886904,Low
2,1,1,9500,1,1,142.0,1,19,38,4,5,130.3,0,0,0,1,0,0,18,0,0,7,7,6,13.683333333333332,0,0,7,7,6,13.683333333333332,0,7.6,2.6,0.32,Graduate,0,0.02482370700395183,Low
1,39,1,9085,1,1,150.0,1,19,19,4,10,100.0,0,0,0,1,0,0,24,0,1,6,11,5,13.0,0,1,6,12,1,12.0,0,13.9,-0.3,0.79,Dropout,1,0.712895433412384,High
1,1,2,9773,1,1,124.0,1,3,3,3,4,114.6,1,0,0,1,0,0,21,0,0,6,8,5,12.8,0,0,6,7,5,11.2,0,11.1,0.6,2.02,Graduate,0,0.08470716296181825,Low
1,1,2,9254,1,1,136.0,1,1,1,9,4,123.4,1,0,0,1,0,1,18,0,0,6,9,6,13.571428571428571,0,0,6,6,6,12.166666666666666,0,8.9,1.4,3.51,Graduate,0,0.053227876736920046,Low
1,1,1,9238,1,1,116.0,1,38,38,9,6,116.4,1,0,0,1,0,0,18,0,0,6,6,6,13.166666666666666,0,0,6,6,6,13.166666666666666,0,8.9,1.4,3.51,Graduate,0,0.02563863156418022,Low
2,1,1,9070,1,1,127.0,1,12,19,9,9,123.2,0,0,0,1,0,1,20,0,0,6,6,6,15.0,0,0,6,6,6,14.5,0,11.1,0.6,2.02,Graduate,0,0.03005251204802215,Low
1,1,1,9070,1,1,117.0,1,4,19,3,5,123.7,1,0,0,1,0,0,19,0,0,6,6,6,12.666666666666666,0,0,6,8,5,11.4,0,12.4,0.5,1.79,Graduate,0,0.05874919414767012,Low
1,1,2,9773,1,1,116.0,1,1,19,4,7,127.6,1,0,0,1,0,1,19,0,0,6,7,6,13.857142857142858,0,0,6,7,6,13.142857142857142,0,13.9,-0.3,0.79,Dropout,1,0.358105892048914,Medium
1,1,4,9500,1,1,129.0,1,37,37,9,9,117.1,1,0,0,1,0,0,30,0,0,7,7,7,14.692857142857145,0,0,8,8,8,14.9625,0,12.4,0.5,1.79,Graduate,0,0.04756174747861601,Low
1,1,1,9500,1,1,157.0,1,19,38,5,3,149.3,0,0,0,1,0,0,18,0,0,8,8,8,14.035,0,0,8,8,8,14.035,0,9.4,-0.8,-3.12,Graduate,0,0.041229041689021036,Low
1,17,1,9085,1,1,135.0,1,1,19,4,10,125.6,1,0,0,1,0,0,18,0,0,5,8,4,11.0,1,0,5,8,3,14.0,0,12.7,3.7,-1.7,Graduate,0,0.0959141421907377,Low
1,1,1,9773,1,1,139.0,1,38,38,9,9,145.0,1,0,0,1,0,1,18,0,0,6,6,6,13.333333333333334,0,0,6,6,6,13.333333333333334,0,9.4,-0.8,-3.12,Graduate,0,0.0801535177418952,Low
1,18,1,9500,1,1,115.0,1,38,37,5,5,115.0,0,0,0,1,0,0,20,0,0,7,13,6,11.7725,0,0,8,9,7,12.33,0,15.5,2.8,-4.06,Graduate,0,0.04877739374838193,Low
1,1,1,9254,1,1,123.0,1,38,38,4,7,114.3,0,0,0,1,0,0,19,0,0,6,0,0,0.0,0,0,6,0,0,0.0,0,11.1,0.6,2.02,Dropout,1,0.9843364764666019,High
1,43,2,9254,1,1,140.0,1,19,19,9,9,126.0,1,0,0,1,0,0,19,0,0,6,0,0,0.0,0,0,6,12,0,0.0,0,10.8,1.4,1.74,Dropout,1,0.9892292489599541,High
1,1,1,171,1,1,138.0,1,19,37,7,7,124.0,1,0,0,0,0,0,19,0,0,0,0,0,0.0,0,0,0,0,0,0.0,0,10.8,1.4,1.74,Dropout,1,0.9271418808963261,High
1,1,4,9254,1,1,132.0,1,1,38,5,6,122.6,1,0,0,1,0,1,18,0,0,6,7,6,12.285714285714286,0,0,6,6,6,12.0,0,8.9,1.4,3.51,Graduate,0,0.047847043256178945,Low
1,1,4,9500,1,1,140.0,1,3,19,2,3,133.8,1,0,0,1,0,0,17,0,0,8,14,5,12.46,0,0,8,14,5,12.46,0,10.8,1.4,1.74,Enrolled,0,0.18482089081211112,Low
1,18,1,9853,1,1,117.0,1,19,38,4,0,113.5,1,0,0,1,0,0,19,0,0,7,10,6,12.166666666666666,0,0,7,9,6,13.166666666666666,0,12.4,0.5,1.79,Graduate,0,0.18873887174137075,Low
1,1,4,9238,1,1,125.0,1,19,1,4,5,122.6,1,1,0,1,0,0,18,0,0,6,9,5,11.833333333333334,0,0,6,8,2,11.5,0,13.9,-0.3,0.79,Enrolled,0,0.23314306315816163,Low
1,7,1,9500,1,3,140.0,1,37,37,4,4,140.0,0,0,0,1,0,0,25,0,0,8,8,7,14.805714285714286,0,0,8,8,7,14.805714285714286,0,10.8,1.4,1.74,Graduate,0,0.05554624203034436,Low
1,1,1,9238,1,1,133.1,1,12,38,4,9,107.0,1,0,0,1,0,0,19,0,0,6,11,5,10.6,0,0,6,10,6,11.714285714285714,0,11.1,0.6,2.02,Dropout,1,0.3510677118185559,Medium
1,53,1,9085,1,42,130.0,1,19,1,9,9,130.0,1,0,1,0,0,0,24,0,7,9,9,8,13.125,0,4,9,13,6,13.0,0,8.9,1.4,3.51,Enrolled,0,0.17741961983628096,Low
1,1,1,9238,1,1,134.0,1,1,1,4,9,124.2,1,0,1,1,0,1,19,0,0,6,6,6,12.833333333333334,0,0,6,6,6,12.666666666666666,0,9.4,-0.8,-3.12,Graduate,0,0.046687157149641965,Low
1,18,1,9500,1,1,128.0,1,19,1,9,4,125.8,0,0,0,1,0,1,20,0,0,8,8,0,0.0,8,0,8,8,0,0.0,8,9.4,-0.8,-3.12,Enrolled,0,0.21024103240284658,Low
1,1,1,9670,1,1,115.0,1,1,1,5,4,108.0,1,0,0,1,0,1,20,0,0,6,9,5,13.0,0,0,6,6,5,13.8,0,12.4,0.5,1.79,Graduate,0,0.05672655288958174,Low
1,1,2,9500,1,1,119.0,1,1,1,4,4,115.2,1,0,0,1,0,1,20,0,0,7,8,7,12.725,0,0,8,8,8,13.7125,0,13.9,-0.3,0.79,Graduate,0,0.04170766016036352,Low
1,17,1,9085,1,1,131.0,1,1,3,4,1,129.3,1,0,0,1,0,0,19,0,0,5,10,4,11.25,1,0,5,10,3,10.333333333333334,0,12.7,3.7,-1.7,Graduate,0,0.19002940716746017,Low
1,7,1,9003,1,4,120.0,1,3,1,2,4,120.0,1,0,0,1,0,0,31,0,8,12,12,11,13.818181818181818,0,4,12,16,12,13.461538461538462,0,15.5,2.8,-4.06,Graduate,0,0.0975214231596939,Low
1,1,1,9085,1,1,120.0,1,1,19,3,4,116.7,0,0,0,1,0,0,20,0,0,5,12,3,12.333333333333334,2,0,5,8,3,13.0,1,9.4,-0.8,-3.12,Graduate,0,0.09772624745878425,Low
1,1,3,9085,1,1,135.0,1,3,2,4,3,121.0,1,0,0,1,0,0,18,0,0,5,14,3,12.333333333333334,2,0,5,8,5,11.6,0,9.4,-0.8,-3.12,Enrolled,0,0.08251993121393031,Low
1,17,1,9853,1,1,146.0,1,1,1,3,4,128.2,0,0,1,1,0,0,18,0,0,6,8,4,13.25,0,0,6,10,3,10.666666666666666,0,12.7,3.7,-1.7,Enrolled,0,0.31721792603138654,Medium
1,1,4,9670,1,1,133.0,1,1,2,4,7,121.1,1,0,0,1,0,0,18,0,0,6,7,6,13.666666666666666,0,0,6,9,5,15.4,0,13.9,-0.3,0.79,Graduate,0,0.10874658163109208,Low
1,51,1,9238,1,1,122.0,1,19,3,5,2,112.6,0,0,1,1,0,0,20,0,5,11,18,8,12.625,0,4,10,10,3,11.0,0,11.1,0.6,2.02,Enrolled,0,0.22725579946526275,Low
1,17,1,9085,1,1,128.0,1,2,19,2,4,123.3,1,0,0,1,0,1,20,0,0,6,6,6,14.833333333333334,0,0,6,8,6,12.142857142857142,0,8.9,1.4,3.51,Graduate,0,0.04862161426923869,Low
1,17,2,9670,1,1,129.0,1,19,19,5,4,129.4,0,0,0,1,0,1,19,0,0,6,7,5,11.2,0,0,6,10,5,13.125,0,10.8,1.4,1.74,Dropout,1,0.46213295564967144,Medium
1,17,1,9147,1,1,122.0,1,19,19,4,6,119.9,0,0,0,1,0,1,21,0,0,5,6,5,11.4,0,0,5,6,5,12.2,0,12.7,3.7,-1.7,Graduate,0,0.03390640563939799,Low
1,1,4,9500,1,1,140.0,1,1,12,3,10,131.6,1,0,0,1,0,0,18,0,0,7,8,7,13.135,0,0,8,9,8,13.244444444444444,0,12.4,0.5,1.79,Graduate,0,0.10334910332549795,Low
1,51,1,9070,1,1,143.0,1,1,1,4,4,120.0,1,0,0,1,0,0,21,0,3,10,10,10,13.0,0,5,11,11,10,11.4,0,11.1,0.6,2.02,Dropout,1,0.432483769893794,Medium
1,1,4,9500,1,1,118.0,1,19,19,3,3,110.0,1,0,0,1,0,0,19,0,0,7,12,4,12.85,0,0,7,7,7,12.62142857142857,0,11.1,0.6,2.02,Enrolled,0,0.10518539188851996,Low
1,44,1,9238,1,39,140.0,1,1,19,191,102,143.0,0,0,0,1,0,0,20,0,3,6,6,6,13.5,0,2,6,9,5,12.5,0,13.9,-0.3,0.79,Graduate,0,0.10829133551966788,Low
1,44,1,9085,1,1,140.0,1,1,2,3,3,140.0,0,0,0,1,0,0,20,0,0,6,7,6,14.285714285714286,0,0,6,9,3,13.0,0,13.9,-0.3,0.79,Enrolled,0,0.1274297219636493,Low
1,1,1,9670,1,1,123.0,1,12,1,9,9,119.2,1,0,0,1,0,1,18,0,0,6,8,5,13.5,0,0,6,6,6,14.5,0,12.4,0.5,1.79,Graduate,0,0.05798555685679911,Low
1,1,1,9147,1,1,140.0,1,19,19,9,9,124.3,1,0,0,1,0,1,18,0,0,5,8,4,10.75,0,0,5,5,5,13.0,0,12.4,0.5,1.79,Graduate,0,0.04030387692355236,Low
1,17,1,9238,1,1,116.0,1,19,19,7,7,111.1,1,0,0,1,0,1,18,0,0,6,9,6,11.333333333333334,0,0,6,9,6,11.833333333333334,0,8.9,1.4,3.51,Graduate,0,0.05699195676555788,Low
1,43,1,9085,1,39,150.0,1,38,37,6,6,150.0,1,0,0,1,0,1,21,0,2,7,15,3,13.0,2,1,5,12,5,13.285714285714286,1,10.8,1.4,1.74,Graduate,0,0.1047799274780193,Low
1,1,1,9500,1,1,147.0,1,38,19,5,8,147.3,0,0,0,1,0,0,18,0,0,7,7,6,13.966666666666669,0,0,7,7,6,13.966666666666669,0,7.6,2.6,0.32,Graduate,0,0.025813389746981046,Low
1,1,1,9500,1,1,162.0,1,19,1,5,5,147.5,1,0,0,1,0,1,18,0,0,8,8,8,14.14125,0,0,8,8,8,14.14125,0,9.4,-0.8,-3.12,Graduate,0,0.023086959721017153,Low
1,17,2,9254,1,1,108.0,1,37,37,9,7,108.0,1,0,0,1,0,1,20,0,0,6,10,4,11.6,0,0,6,10,4,11.75,0,12.7,3.7,-1.7,Graduate,0,0.22488077141075843,Low
2,42,1,9500,1,2,130.0,1,37,37,9,9,130.0,0,0,0,1,0,1,32,0,0,8,8,8,14.6625,0,0,8,8,8,14.6625,0,9.4,-0.8,-3.12,Graduate,0,0.030460253499300798,Low
2,39,1,9991,0,1,140.0,1,37,37,9,10,130.0,0,0,0,1,0,0,34,0,0,5,5,0,0.0,0,0,5,5,0,0.0,0,9.4,-0.8,-3.12,Enrolled,0,0.6535077778160805,High
1,1,2,9500,1,1,116.0,1,19,37,3,3,109.0,1,0,0,1,0,1,23,0,0,7,8,6,12.993333333333334,0,0,8,9,8,12.66875,0,11.1,0.6,2.02,Graduate,0,0.051191047333767926,Low
1,1,5,9670,1,1,120.0,1,4,1,4,10,112.0,1,0,0,1,0,0,18,0,0,6,10,4,11.25,0,0,6,11,5,12.2,0,8.9,1.4,3.51,Enrolled,0,0.19196570232466084,Low
1,17,1,8014,0,1,132.0,1,37,19,5,5,121.2,0,0,0,1,0,0,18,0,0,6,8,5,12.2,0,0,6,10,5,12.8,0,10.8,1.4,1.74,Graduate,0,0.11237396224534209,Low
1,43,1,171,1,2,140.0,1,37,37,9,9,140.0,1,0,0,1,0,0,34,0,0,0,0,0,0.0,0,0,0,0,0,0.0,0,10.8,1.4,1.74,Dropout,1,0.9332061754098597,High
1,39,1,8014,0,1,120.0,100,1,1,4,7,119.5,0,0,1,1,0,0,25,1,2,6,6,6,11.333333333333334,0,0,6,6,4,11.75,0,8.9,1.4,3.51,Enrolled,0,0.1784211530962959,Low
1,1,1,9147,1,1,136.0,1,37,38,193,181,125.9,0,0,0,1,0,0,21,0,0,5,7,5,12.2,0,0,5,7,5,11.8,0,11.1,0.6,2.02,Graduate,0,0.03910063881796981,Low
1,1,1,9254,1,1,133.0,1,19,9,0,0,121.5,1,0,0,1,0,1,20,0,0,6,12,0,0.0,0,0,6,12,0,0.0,0,7.6,2.6,0.32,Dropout,1,0.9596643431541985,High
1,1,5,9238,1,1,126.0,1,30,19,0,2,121.5,1,0,0,1,0,0,18,0,0,6,8,6,11.333333333333334,0,0,6,6,6,11.666666666666666,0,7.6,2.6,0.32,Graduate,0,0.0811426312993892,Low
1,17,1,9085,1,1,142.0,1,3,37,4,8,132.4,1,0,0,1,0,0,18,0,0,6,8,6,13.857142857142858,0,0,6,15,6,13.1,0,12.4,0.5,1.79,Graduate,0,0.07501181847534286,Low
1,17,1,9773,1,1,121.0,1,37,37,9,9,122.4,0,0,0,1,0,0,18,0,0,6,7,6,12.857142857142858,0,0,6,6,6,13.333333333333334,0,13.9,-0.3,0.79,Graduate,0,0.04496618104405622,Low
1,39,1,8014,0,1,134.0,1,37,38,4,7,110.0,1,0,0,1,0,0,24,0,0,6,10,1,10.0,0,0,6,12,0,0.0,0,9.4,-0.8,-3.12,Dropout,1,0.9694048926162999,High
1,51,1,9147,1,1,140.0,1,19,19,9,7,120.4,0,0,1,0,0,0,32,0,14,15,17,14,10.214285714285714,0,13,13,13,13,11.384615384615383,0,16.2,0.3,-0.92,Graduate,0,0.26391928423791167,Low
1,39,1,9254,1,1,133.1,1,1,1,9,6,105.0,1,0,1,0,0,0,24,0,0,6,14,6,11.285714285714286,0,0,6,16,3,10.333333333333334,0,8.9,1.4,3.51,Dropout,1,0.8951763809250798,High
1,1,1,9238,1,1,157.0,1,38,37,9,5,137.8,0,0,0,1,0,1,18,0,0,6,6,6,13.833333333333334,0,0,6,7,0,0.0,0,15.5,2.8,-4.06,Dropout,1,0.7968000743563061,High
1,51,1,9254,1,1,120.0,1,38,38,9,9,118.0,0,0,0,1,0,0,28,0,0,6,8,6,12.857142857142858,0,0,6,8,5,12.6,0,8.9,1.4,3.51,Graduate,0,0.11966340163149472,Low
1,17,5,9853,1,1,134.0,1,19,38,4,8,122.1,1,0,0,1,0,1,18,0,0,6,8,6,11.666666666666666,0,0,6,9,4,12.0,0,10.8,1.4,1.74,Dropout,1,0.603623030535469,High
1,7,1,9853,1,3,140.0,1,34,34,0,0,140.0,1,0,0,0,0,0,24,0,0,6,12,0,0.0,0,0,5,10,0,0.0,0,9.4,-0.8,-3.12,Dropout,1,0.9154429045229642,High
1,1,1,9085,1,1,133.0,1,1,37,4,10,143.2,0,0,0,1,0,0,19,0,0,5,7,5,14.4,0,0,5,6,5,13.2,0,7.6,2.6,0.32,Graduate,0,0.03199820657243972,Low
2,39,1,8014,0,1,146.0,1,37,37,9,8,120.5,0,0,0,1,0,0,44,0,0,6,6,6,14.833333333333334,0,0,6,6,6,14.166666666666666,0,10.8,1.4,1.74,Graduate,0,0.024752074883373165,Low
1,16,3,9085,1,1,130.0,1,37,37,9,2,119.5,1,0,0,1,0,1,18,0,0,6,14,6,14.333333333333334,0,0,6,9,6,12.0,0,15.5,2.8,-4.06,Graduate,0,0.045708521584952796,Low
1,1,1,171,1,1,151.0,1,37,37,9,7,147.5,1,0,0,1,0,0,18,0,0,0,0,0,0.0,0,0,0,0,0,0.0,0,7.6,2.6,0.32,Graduate,0,0.07025134172781927,Low
1,1,6,9773,1,1,133.1,1,1,1,90,90,129.6,0,0,0,1,0,0,22,0,0,6,0,0,0.0,0,0,6,0,0,0.0,0,7.6,2.6,0.32,Dropout,1,0.973810643042324,High
1,18,1,9853,1,1,132.0,1,37,37,9,5,126.1,0,0,0,1,0,1,18,0,0,7,9,6,12.333333333333334,0,0,7,7,6,12.666666666666666,0,11.1,0.6,2.02,Graduate,0,0.0642711255256237,Low
2,39,1,9991,0,1,110.0,1,37,37,9,4,160.0,0,0,0,1,0,0,44,0,0,5,5,5,11.8,0,0,5,5,5,12.4,0,15.5,2.8,-4.06,Graduate,0,0.1025440639243926,Low
5,39,1,9853,1,19,133.1,1,38,1,5,3,105.5,0,0,1,1,0,0,33,0,0,6,7,5,13.2,0,0,6,7,5,10.6,0,7.6,2.6,0.32,Dropout,1,0.6805082010185682,High
2,39,1,9853,1,1,110.0,1,37,37,9,9,95.5,0,0,1,0,0,0,32,0,0,6,6,0,0.0,0,0,5,10,0,0.0,0,10.8,1.4,1.74,Dropout,1,0.9951837851486984,High
2,39,1,9003,1,1,133.1,1,19,19,4,4,107.5,0,0,0,0,0,0,35,0,0,6,0,0,0.0,0,0,6,0,0,0.0,0,15.5,2.8,-4.06,Dropout,1,0.9976038209937803,High
1,1,1,9238,1,1,105.0,1,19,19,6,6,106.1,1,0,0,1,0,0,20,0,0,6,6,6,11.5,0,0,6,7,6,13.285714285714286,0,11.1,0.6,2.02,Graduate,0,0.03716259771322543,Low
1,39,1,9254,1,1,160.0,1,3,1,6,6,116.3,1,0,0,1,0,0,24,0,0,6,8,5,12.6,0,0,6,7,5,12.2,0,9.4,-0.8,-3.12,Graduate,0,0.11371893248996438,Low
1,1,1,9500,1,1,144.0,1,38,1,9,10,137.4,0,0,0,1,0,0,19,0,0,7,7,7,13.542857142857144,0,0,8,9,8,14.22222222222222,0,16.2,0.3,-0.92,Graduate,0,0.050978627884541196,Low
1,1,1,9254,1,1,100.0,1,19,19,5,5,101.8,1,0,0,1,0,0,21,0,0,6,8,5,11.6,0,0,6,6,5,13.0,0,12.4,0.5,1.79,Enrolled,0,0.045332985157349605,Low
1,1,2,9773,1,1,143.0,1,1,1,4,9,144.1,1,0,0,1,1,1,19,0,0,6,7,6,13.666666666666666,0,0,6,6,6,13.833333333333334,0,12.7,3.7,-1.7,Graduate,0,0.05772717163269521,Low
1,42,1,9003,1,1,160.0,1,19,1,9,5,107.8,1,0,0,0,1,0,27,0,0,6,10,0,0.0,0,0,6,8,0,0.0,0,15.5,2.8,-4.06,Dropout,1,0.9782535790008626,High
1,39,1,9853,1,1,140.0,1,19,1,9,4,128.2,0,0,0,0,0,0,30,0,0,6,0,0,0.0,0,0,6,0,0,0.0,0,12.7,3.7,-1.7,Dropout,1,0.9865662176793771,High
1,17,4,171,1,1,133.1,1,38,38,9,9,117.0,1,0,0,1,1,0,21,0,0,0,0,0,0.0,0,0,0,0,0,0.0,0,10.8,1.4,1.74,Dropout,1,0.8402217261815733,High
1,1,1,9070,1,1,116.0,1,1,12,5,8,110.4,1,0,0,1,1,0,19,0,0,6,6,6,11.5,0,0,6,8,6,12.285714285714286,0,8.9,1.4,3.51,Graduate,0,0.04956543159588687,Low
2,39,1,9991,0,1,120.0,1,37,37,9,10,170.0,0,0,0,1,0,0,34,0,0,5,12,2,11.5,0,0,5,9,4,11.75,0,9.4,-0.8,-3.12,Enrolled,0,0.30961407544065206,Medium
1,43,1,9500,1,1,141.0,1,4,19,4,10,100.0,0,0,0,1,1,0,18,0,0,7,7,7,11.828571428571427,0,0,8,10,7,12.9125,0,13.9,-0.3,0.79,Graduate,0,0.08218804633678692,Low
1,1,1,171,1,1,110.0,1,3,2,3,3,117.0,1,0,0,1,1,0,21,0,0,0,0,0,0.0,0,0,0,0,0,0.0,0,9.4,-0.8,-3.12,Graduate,0,0.3039053897460741,Medium
1,1,2,171,1,1,127.0,1,3,39,1,3,133.5,1,0,0,1,1,0,17,0,0,0,0,0,0.0,0,0,0,0,0,0.0,0,15.5,2.8,-4.06,Enrolled,0,0.1365419330752539,Low
1,1,1,9500,1,1,132.0,1,19,37,4,9,128.0,1,0,0,1,0,1,19,0,0,7,7,6,12.966666666666669,0,0,7,7,6,12.966666666666669,0,7.6,2.6,0.32,Graduate,0,0.0172758632848676,Low
1,1,1,9773,1,1,135.0,1,37,38,9,6,122.1,1,0,0,1,1,0,18,0,0,6,6,6,13.833333333333334,0,0,6,6,6,13.666666666666666,0,12.7,3.7,-1.7,Graduate,0,0.04872452921847402,Low
1,17,2,9500,1,1,135.0,1,19,19,9,10,133.4,1,0,0,1,0,0,19,0,0,7,7,7,14.125714285714285,0,0,8,8,8,14.36875,0,11.1,0.6,2.02,Graduate,0,0.04310387957566954,Low
4,39,1,9254,1,1,140.0,1,38,37,9,9,112.0,0,0,1,1,0,0,45,0,4,10,12,5,12.166666666666666,4,2,8,8,0,0.0,2,12.7,3.7,-1.7,Dropout,1,0.9259332335633602,High
1,39,1,9085,1,1,133.1,1,19,37,9,6,130.0,1,0,0,1,0,0,26,0,0,6,17,6,12.666666666666666,0,0,6,21,4,12.25,0,15.5,2.8,-4.06,Graduate,0,0.19324964389633925,Low
2,39,2,9991,0,1,100.0,1,37,37,9,9,100.0,1,0,0,1,1,0,51,0,0,4,4,0,0.0,0,0,5,0,0,0.0,0,12.7,3.7,-1.7,Dropout,1,0.951049693510038,High
2,39,1,9773,1,19,133.1,1,37,37,6,6,162.0,0,0,1,1,1,1,49,0,0,6,8,6,12.285714285714286,0,0,6,7,6,14.166666666666666,0,10.8,1.4,1.74,Graduate,0,0.09193132830497691,Low
1,42,1,9500,1,1,100.0,1,3,19,2,8,153.0,0,0,0,1,1,0,22,0,3,6,7,3,14.5,0,4,7,8,4,14.375,0,15.5,2.8,-4.06,Enrolled,0,0.2583173425860988,Low
1,17,1,9147,1,1,137.0,1,1,37,5,9,131.4,1,0,0,1,1,0,22,0,0,5,8,2,10.0,0,0,5,7,1,10.0,0,7.6,2.6,0.32,Dropout,1,0.92429556062628,High
2,7,1,9130,1,3,120.0,1,3,3,1,1,128.2,0,0,0,1,0,0,33,0,1,5,11,2,11.5,1,1,5,8,2,12.0,0,9.4,-0.8,-3.12,Dropout,1,0.9340817303403923,High
1,10,1,9670,1,1,148.9,22,37,37,9,9,148.9,0,0,0,1,0,0,20,1,0,5,6,5,11.6,0,0,5,6,4,11.5,0,9.4,-0.8,-3.12,Graduate,0,0.09148630162676502,Low
1,1,4,9238,1,1,134.0,1,38,19,7,7,128.4,1,0,0,1,0,1,18,0,0,6,6,6,12.5,0,0,6,6,6,11.666666666666666,0,10.8,1.4,1.74,Graduate,0,0.05980411539988156,Low
1,1,5,9853,1,1,128.0,1,38,37,9,9,120.3,1,0,1,0,0,0,20,0,0,6,9,3,11.666666666666666,0,0,6,10,2,11.0,0,10.8,1.4,1.74,Dropout,1,0.9526349278255111,High
2,57,1,9991,0,1,133.1,41,38,37,4,6,100.0,0,0,0,1,0,0,37,1,5,10,11,7,13.428571428571429,0,5,10,11,10,11.6,0,8.9,1.4,3.51,Graduate,0,0.11857303477287874,Low
1,1,1,9254,1,1,131.0,2,37,1,9,3,126.1,1,0,0,1,1,0,18,1,0,6,6,6,13.666666666666666,0,0,6,6,6,13.5,0,7.6,2.6,0.32,Graduate,0,0.03658772796560035,Low
1,1,3,9254,1,1,118.0,1,1,19,9,9,111.7,1,0,0,1,0,0,19,0,0,6,6,6,12.5,0,0,6,6,6,12.166666666666666,0,12.4,0.5,1.79,Graduate,0,0.03501465133013579,Low
1,44,1,9085,1,39,140.0,1,1,19,3,3,140.0,1,0,0,1,0,0,21,0,2,6,7,6,13.0,0,1,6,15,4,12.8,0,12.4,0.5,1.79,Graduate,0,0.10301419729915821,Low
1,1,2,9500,1,1,133.0,1,19,1,9,1,122.2,0,0,0,1,0,0,20,0,0,7,9,6,12.783333333333331,0,0,8,9,7,12.842857142857143,0,13.9,-0.3,0.79,Graduate,0,0.07874958204785447,Low
1,1,2,9500,1,1,126.0,1,37,1,7,7,118.7,1,0,0,1,0,0,19,0,0,7,0,0,0.0,0,0,8,0,0,0.0,0,13.9,-0.3,0.79,Dropout,1,0.9920956260115461,High
1,17,2,9556,1,1,125.0,1,38,19,7,7,121.5,1,0,0,1,0,0,20,0,0,7,13,4,13.5,0,0,7,11,4,11.225,0,11.1,0.6,2.02,Dropout,1,0.7302017064623133,High
1,17,4,9500,1,1,138.0,1,3,1,2,5,134.5,1,0,0,1,0,0,18,0,0,7,7,7,13.457142857142856,0,0,8,8,8,15.125,0,13.9,-0.3,0.79,Graduate,0,0.17558095016320613,Low
1,1,4,9500,1,1,140.0,1,1,19,9,7,127.0,1,0,0,1,0,0,19,0,0,8,8,7,13.44285714285714,0,0,8,8,7,13.44285714285714,0,12.7,3.7,-1.7,Graduate,0,0.0469365481455091,Low
1,1,1,9238,1,1,124.0,1,37,38,9,3,114.2,0,0,0,1,0,0,18,0,0,6,13,4,11.0,0,0,6,12,5,10.833333333333334,0,15.5,2.8,-4.06,Graduate,0,0.2421711224127646,Low
1,17,1,9238,1,1,133.0,1,38,38,7,7,125.3,1,0,0,1,0,1,18,0,0,6,6,6,11.333333333333334,0,0,6,7,6,12.285714285714286,0,15.5,2.8,-4.06,Graduate,0,0.038030252159018826,Low
1,1,2,9773,1,1,127.0,1,1,19,4,5,120.4,1,0,0,1,0,0,18,0,0,5,7,2,10.0,0,0,1,1,0,0.0,0,12.7,3.7,-1.7,Dropout,1,0.8172199905118276,High
1,1,6,9500,1,1,138.0,1,1,38,3,9,123.0,1,0,0,1,0,0,19,0,0,7,10,5,13.44,0,0,7,8,6,13.066666666666668,0,12.4,0.5,1.79,Enrolled,0,0.09030801341867743,Low
1,1,2,9556,1,1,142.0,1,1,19,4,5,130.5,1,0,0,1,0,1,18,0,0,7,8,7,12.214285714285714,0,0,8,8,8,14.0625,0,16.2,0.3,-0.92,Graduate,0,0.07257954765499913,Low
1,1,1,9070,1,1,130.0,41,37,19,9,8,125.5,1,0,0,1,0,1,19,1,0,6,6,6,14.166666666666666,0,0,6,6,6,13.5,0,11.1,0.6,2.02,Graduate,0,0.03392933850141162,Low
1,53,1,9003,1,42,130.0,1,1,19,9,7,133.8,0,0,1,1,0,1,24,0,7,12,13,12,12.846153846153848,0,5,11,13,11,12.636363636363637,0,8.9,1.4,3.51,Graduate,0,0.11700327130955097,Low
1,44,1,9085,1,39,150.0,1,37,37,9,9,150.0,0,0,0,1,0,0,20,0,2,6,8,6,13.0,0,1,6,18,2,12.0,0,12.4,0.5,1.79,Enrolled,0,0.16973696672745972,Low
1,1,1,9147,1,1,127.0,1,1,19,5,7,130.5,1,0,0,1,0,1,21,0,0,5,6,5,12.8,1,0,5,7,4,11.25,0,9.4,-0.8,-3.12,Graduate,0,0.034046674421982295,Low
1,44,1,9085,1,39,140.0,1,38,37,4,10,140.0,0,0,1,0,0,0,20,0,1,6,13,4,13.0,0,1,6,11,5,12.0,0,16.2,0.3,-0.92,Dropout,1,0.7017874449876216,High
1,17,6,9500,1,1,126.0,1,19,37,3,9,119.4,1,0,0,1,0,1,19,0,0,7,7,7,13.371428571428572,0,0,8,9,8,13.666666666666666,0,16.2,0.3,-0.92,Graduate,0,0.05776376041715742,Low
1,17,5,9556,1,1,139.0,1,19,19,9,8,121.3,1,0,0,1,0,1,19,0,0,7,8,7,13.385714285714286,0,0,8,8,8,13.3875,0,10.8,1.4,1.74,Graduate,0,0.03798434122398141,Low
1,1,3,9500,1,1,141.0,1,1,1,9,9,126.3,1,0,0,1,0,0,18,0,0,8,8,7,13.328571428571427,0,0,8,8,7,13.328571428571427,0,12.7,3.7,-1.7,Graduate,0,0.04808192844342485,Low
1,1,1,9085,1,1,120.0,1,38,38,4,7,111.6,1,0,0,1,0,0,19,0,0,6,12,5,14.0,0,0,6,14,5,11.0,0,16.2,0.3,-0.92,Graduate,0,0.07816855559686829,Low
1,17,4,9147,1,1,120.0,1,38,19,9,9,111.3,1,0,0,1,0,0,21,0,0,5,5,5,12.6,0,0,5,5,5,13.2,0,8.9,1.4,3.51,Graduate,0,0.04220962029389889,Low
1,1,2,9853,1,1,134.0,1,1,38,9,8,122.5,1,0,0,1,0,1,19,0,0,6,7,6,14.0,0,0,6,6,6,15.0,0,15.5,2.8,-4.06,Graduate,0,0.07586486393670604,Low
1,1,5,9254,1,1,128.0,1,19,1,7,10,116.5,1,0,0,1,0,1,18,0,0,6,7,6,13.428571428571429,0,0,6,6,6,12.666666666666666,0,8.9,1.4,3.51,Graduate,0,0.03185577568182277,Low
1,17,5,9070,1,1,133.0,1,4,1,4,4,132.0,1,1,0,1,0,1,17,0,0,6,6,6,13.0,0,0,6,6,6,12.5,0,15.5,2.8,-4.06,Graduate,0,0.08112119702682474,Low
1,18,4,9853,1,1,123.0,1,19,38,4,10,123.7,1,0,0,1,0,0,19,0,0,6,8,5,12.666666666666666,0,0,6,8,5,11.0,0,15.5,2.8,-4.06,Enrolled,0,0.16044278300870254,Low
1,17,6,9147,1,1,118.0,1,37,1,9,7,117.0,1,0,0,0,1,0,23,0,0,5,9,3,10.0,1,0,5,9,3,12.333333333333334,0,9.4,-0.8,-3.12,Dropout,1,0.9236919496566238,High
1,1,1,9670,1,1,113.0,1,1,37,1,10,116.5,1,0,0,1,0,0,19,0,0,6,7,6,12.833333333333334,0,0,6,10,6,11.77777777777778,0,8.9,1.4,3.51,Graduate,0,0.0463082959653575,Low
1,1,1,9500,1,1,135.0,1,19,3,9,4,121.5,1,0,0,1,0,0,18,0,0,7,7,6,12.916666666666666,0,0,7,7,6,12.916666666666666,0,7.6,2.6,0.32,Graduate,0,0.030525985879660756,Low
1,1,1,9670,1,1,133.1,1,38,38,5,9,105.0,1,0,0,1,0,0,20,0,0,6,9,6,13.285714285714286,0,0,6,8,5,13.8,0,15.5,2.8,-4.06,Graduate,0,0.09173392998401225,Low
1,1,3,9085,1,1,130.0,1,1,19,9,9,121.3,1,0,0,1,0,1,19,0,0,5,6,5,14.6,0,0,5,5,5,13.8,0,10.8,1.4,1.74,Graduate,0,0.0440560817032156,Low
1,1,1,9238,1,1,135.0,1,19,38,3,9,136.1,1,0,0,1,0,1,18,0,0,6,6,6,14.0,0,0,6,6,6,13.666666666666666,0,12.4,0.5,1.79,Graduate,0,0.05068928052234733,Low
1,17,2,9238,1,1,133.0,1,37,37,9,4,123.6,0,0,0,1,0,1,19,0,0,6,7,6,14.142857142857142,0,0,6,6,6,15.0,0,13.9,-0.3,0.79,Graduate,0,0.02508924207235258,Low
1,1,4,9238,1,1,123.0,1,38,1,4,10,129.0,1,0,0,1,0,0,19,0,0,6,8,6,11.666666666666666,0,0,6,6,6,12.333333333333334,0,10.8,1.4,1.74,Graduate,0,0.0713249168438869,Low
1,17,1,9500,1,1,145.0,1,19,37,4,8,136.8,1,0,0,1,0,0,18,0,0,8,9,8,14.3775,1,0,8,9,8,14.3775,1,9.4,-0.8,-3.12,Graduate,0,0.10531723836934298,Low
1,17,2,9500,1,1,146.0,1,3,3,3,6,133.4,1,0,0,1,0,0,18,0,0,7,8,7,12.5,0,0,8,9,7,13.042857142857144,0,13.9,-0.3,0.79,Graduate,0,0.10409933206948055,Low
1,1,5,9500,1,1,144.0,1,38,38,7,7,136.0,1,0,0,1,0,1,19,0,0,7,7,6,14.15,0,0,7,7,6,14.15,0,7.6,2.6,0.32,Graduate,0,0.01874934756727578,Low
1,1,1,9500,1,1,144.0,1,38,37,9,9,125.8,0,0,0,1,0,1,19,0,0,8,12,7,12.471428571428572,0,0,8,12,7,12.471428571428572,0,12.7,3.7,-1.7,Graduate,0,0.017092117288103184,Low
1,1,1,9500,1,1,131.0,1,4,4,2,1,120.5,0,0,0,1,0,0,19,0,0,7,7,6,14.15,0,0,7,7,6,14.15,0,7.6,2.6,0.32,Graduate,0,0.03511590423092228,Low
1,1,2,9500,1,1,141.0,1,37,37,9,8,130.2,1,0,0,1,0,0,21,0,0,7,11,7,14.072222222222225,0,0,8,8,8,14.0475,0,15.5,2.8,-4.06,Graduate,0,0.03994211130340484,Low
1,1,3,9773,1,1,138.0,1,3,1,2,3,135.9,1,0,0,1,0,0,18,0,0,6,7,6,14.857142857142858,0,0,6,6,6,14.666666666666666,0,13.9,-0.3,0.79,Graduate,0,0.17995997693873866,Low
1,1,1,9773,1,1,127.0,1,19,37,9,9,116.5,0,0,0,1,0,1,19,0,0,6,7,6,14.285714285714286,0,0,6,6,6,13.166666666666666,0,11.1,0.6,2.02,Graduate,0,0.03502562683024681,Low
1,1,4,9773,1,1,124.0,1,19,37,99,90,124.0,0,0,0,0,0,0,18,0,0,4,4,0,0.0,0,0,4,4,0,0.0,0,12.7,3.7,-1.7,Dropout,1,0.9406449405299578,High
1,7,1,8014,0,3,140.0,1,1,1,4,4,140.0,0,0,0,1,0,0,30,0,0,6,0,0,0.0,0,0,6,0,0,0.0,0,10.8,1.4,1.74,Dropout,1,0.984108382044426,High
1,17,1,9130,1,1,157.0,1,3,2,3,6,150.9,1,0,0,1,0,0,18,0,0,6,8,6,15.0,0,0,6,8,5,15.166666666666666,0,13.9,-0.3,0.79,Dropout,1,0.261768843759014,Low
1,1,3,9500,1,1,129.0,1,19,19,4,8,127.3,1,0,0,1,0,1,20,0,0,7,7,6,12.633333333333333,0,0,7,7,6,12.633333333333333,0,7.6,2.6,0.32,Graduate,0,0.03127797977447812,Low
1,39,1,9670,1,19,133.1,1,1,1,4,7,100.0,0,0,1,0,0,0,25,0,0,5,5,5,11.2,0,0,5,5,5,12.6,0,9.4,-0.8,-3.12,Dropout,1,0.8432551133005622,High
1,1,5,9500,1,1,142.0,1,38,37,5,7,128.8,1,0,0,1,0,0,18,0,0,7,7,6,14.233333333333334,0,0,7,7,6,14.233333333333334,0,7.6,2.6,0.32,Graduate,0,0.031554163988718444,Low
5,1,3,9085,1,1,133.0,1,19,19,4,7,119.7,1,0,0,1,0,0,21,0,0,5,13,5,12.2,2,0,5,10,3,11.333333333333334,1,9.4,-0.8,-3.12,Enrolled,0,0.1256758197882178,Low
1,1,1,9500,1,1,156.0,1,5,4,2,1,140.8,0,0,0,1,0,0,18,0,0,8,8,7,15.7,0,0,8,8,7,15.7,0,12.7,3.7,-1.7,Graduate,0,0.05911599492295189,Low
1,1,1,9500,1,1,151.0,1,37,37,9,9,138.0,1,0,0,1,0,0,18,0,0,7,7,6,15.2,0,0,7,7,6,15.2,0,7.6,2.6,0.32,Graduate,0,0.03278500755410575,Low
1,17,1,9853,1,1,135.0,1,3,3,2,2,132.9,1,0,0,0,0,0,29,0,0,6,9,6,16.333333333333332,0,0,6,8,5,15.6,0,12.7,3.7,-1.7,Dropout,1,0.3881424754461985,Medium
1,43,1,9130,1,1,140.0,1,3,3,2,2,140.0,0,0,0,1,0,0,20,0,10,17,29,14,12.5625,4,7,12,24,12,12.857142857142858,1,15.5,2.8,-4.06,Graduate,0,0.1427210026991721,Low
1,7,1,9500,1,3,140.0,1,3,1,4,4,140.0,0,0,0,1,0,0,26,0,0,7,0,0,0.0,0,0,8,0,0,0.0,0,13.9,-0.3,0.79,Dropout,1,0.9949810597985728,High
1,1,2,9238,1,1,100.0,1,38,1,7,7,99.3,1,0,0,1,0,0,21,0,0,6,8,5,12.4,0,0,6,6,6,12.0,0,12.4,0.5,1.79,Graduate,0,0.0585731825627174,Low
1,18,1,9500,1,1,126.0,1,37,19,5,5,119.3,0,0,0,1,0,1,19,0,0,8,9,8,13.78125,1,0,8,9,8,13.78125,1,9.4,-0.8,-3.12,Graduate,0,0.22427271975017726,Low
1,17,2,9254,1,1,123.0,1,19,19,5,5,113.2,1,0,1,1,0,0,19,0,0,6,10,6,12.166666666666666,0,0,6,8,5,11.666666666666666,0,16.2,0.3,-0.92,Dropout,1,0.4557131780459048,Medium
1,17,1,9773,1,1,133.1,1,38,38,9,5,117.0,0,0,0,1,0,0,21,0,0,6,8,5,11.8,0,0,6,8,5,11.833333333333334,0,15.5,2.8,-4.06,Enrolled,0,0.09197131099400849,Low
1,18,1,8014,0,1,137.0,1,1,1,4,3,123.0,0,0,1,1,0,0,20,0,0,6,13,4,10.8,0,0,6,15,4,12.0,0,16.2,0.3,-0.92,Graduate,0,0.3033921748343097,Medium
1,1,6,9500,1,1,138.0,1,37,37,9,8,127.2,1,0,0,1,0,1,18,0,0,7,8,7,13.26,0,0,8,8,8,14.28625,0,15.5,2.8,-4.06,Graduate,0,0.05512803963738712,Low
1,1,2,9773,1,1,128.0,1,34,19,3,0,141.0,1,0,0,0,0,0,20,0,0,6,10,4,12.0,0,0,6,15,3,10.666666666666666,0,7.6,2.6,0.32,Dropout,1,0.9448975280746318,High
1,1,1,9238,1,1,136.0,1,19,38,9,9,121.7,0,1,0,1,0,1,20,0,0,6,9,6,11.875,0,0,6,7,6,14.428571428571429,0,16.2,0.3,-0.92,Graduate,0,0.025560101733247194,Low
1,43,1,9500,1,1,127.0,1,19,19,4,7,121.1,0,0,0,1,0,1,18,0,0,7,11,5,12.16,0,0,7,7,2,13.4,0,16.2,0.3,-0.92,Enrolled,0,0.3972778859952076,Medium
1,16,1,9070,1,1,145.0,1,1,1,3,3,146.1,1,0,0,1,0,0,18,0,0,6,6,1,15.0,0,0,6,7,4,12.5,0,9.4,-0.8,-3.12,Enrolled,0,0.3058557239632499,Medium
1,1,1,9773,1,1,140.0,1,37,37,9,9,142.5,1,0,0,1,0,0,18,0,0,6,6,6,13.333333333333334,0,0,6,9,5,13.2,0,9.4,-0.8,-3.12,Graduate,0,0.07360581942180164,Low
1,17,1,9085,1,1,138.0,1,2,19,2,9,126.8,1,0,0,1,0,0,18,0,0,5,12,2,11.5,0,0,5,12,3,11.8,2,10.8,1.4,1.74,Enrolled,0,0.20566970143730132,Low
1,44,1,9085,1,39,150.0,1,3,3,2,2,150.0,1,0,0,1,0,0,22,0,2,6,7,6,14.428571428571429,0,1,6,9,5,13.0,0,13.9,-0.3,0.79,Graduate,0,0.08795935216361493,Low
1,44,3,9085,1,39,150.0,1,1,19,4,1,150.0,1,0,0,1,0,0,19,0,0,5,10,1,13.0,1,0,5,8,3,15.333333333333334,0,12.7,3.7,-1.7,Enrolled,0,0.1274344288733385,Low
1,17,1,9003,1,1,131.0,1,19,1,9,2,134.5,1,0,0,1,0,1,19,0,0,6,7,6,15.0,0,0,6,8,6,14.333333333333334,0,12.4,0.5,1.79,Graduate,0,0.04971658087682465,Low
1,1,2,9556,1,1,136.0,1,19,19,9,9,129.5,1,0,0,1,0,0,18,0,0,7,9,7,15.155555555555557,0,0,8,8,8,16.8,0,12.7,3.7,-1.7,Graduate,0,0.05942859728701954,Low
1,1,1,9238,1,1,117.0,1,38,38,175,183,113.2,1,0,1,1,0,0,20,0,0,6,8,6,10.666666666666666,0,0,6,7,6,11.857142857142858,0,11.1,0.6,2.02,Graduate,0,0.09682895382159197,Low
1,17,1,9853,1,1,158.0,1,38,37,5,5,140.2,1,0,0,1,0,0,18,0,0,6,9,5,11.0,0,0,6,9,4,11.25,0,10.8,1.4,1.74,Dropout,1,0.6713223834242656,High
1,17,2,9670,1,1,129.0,1,1,19,5,5,119.2,1,0,0,1,0,0,21,0,0,6,0,0,0.0,0,0,6,0,0,0.0,0,8.9,1.4,3.51,Dropout,1,0.9958848088260656,High
1,1,1,9238,1,1,140.0,1,1,19,4,4,140.7,0,0,0,1,0,0,19,0,0,6,7,6,12.285714285714286,0,0,6,7,6,12.0,0,12.4,0.5,1.79,Graduate,0,0.06123197202340053,Low
1,1,5,9500,1,1,141.0,1,38,38,9,9,142.3,1,0,0,1,0,0,18,0,0,8,8,8,12.82875,0,0,8,8,8,12.82875,0,9.4,-0.8,-3.12,Dropout,1,0.24136206127656068,Low
1,1,4,9773,1,1,132.0,11,12,12,90,4,129.9,1,0,0,1,0,0,18,1,0,6,6,6,12.666666666666666,0,0,6,8,5,14.4,0,7.6,2.6,0.32,Graduate,0,0.09413333253368694,Low
1,17,1,171,1,1,133.0,1,1,1,6,7,134.8,1,0,0,1,0,0,18,0,0,0,0,0,0.0,0,0,0,0,0,0.0,0,12.4,0.5,1.79,Enrolled,0,0.4659596614226844,Medium
1,17,1,9085,1,1,109.0,1,19,19,4,9,104.1,1,0,1,0,0,1,21,0,0,6,16,2,13.0,0,0,6,8,0,0.0,0,15.5,2.8,-4.06,Dropout,1,0.9823131149304825,High
1,1,1,9147,1,1,135.0,1,1,38,5,5,122.4,0,0,1,1,0,0,19,0,0,5,10,5,10.875,0,0,5,8,4,12.4,0,13.9,-0.3,0.79,Graduate,0,0.31288014372316186,Medium
1,1,1,9147,1,1,122.0,1,37,37,9,7,120.6,1,0,0,1,0,1,19,0,0,5,5,5,12.8,0,0,5,8,5,11.6,0,9.4,-0.8,-3.12,Graduate,0,0.033882373071894234,Low
1,17,3,9238,1,1,118.0,1,1,19,4,10,112.4,1,0,0,1,0,0,19,0,0,6,10,5,11.285714285714286,0,0,6,7,0,0.0,0,16.2,0.3,-0.92,Dropout,1,0.9271663115918197,High
1,1,1,171,1,1,174.0,1,5,3,3,3,157.9,0,0,0,1,0,0,18,0,0,0,0,0,0.0,0,0,0,0,0,0.0,0,13.9,-0.3,0.79,Graduate,0,0.12888949903855887,Low
1,43,1,9254,1,1,142.0,1,38,38,9,9,125.9,0,0,0,1,0,1,19,0,0,6,0,0,0.0,0,0,6,11,1,10.0,0,10.8,1.4,1.74,Dropout,1,0.9141589337771332,High
1,17,2,9500,1,1,131.0,1,38,1,5,7,118.4,1,0,0,1,0,1,20,0,0,7,9,6,13.766666666666666,0,0,8,9,8,13.744444444444444,0,16.2,0.3,-0.92,Dropout,1,0.23917973879982465,Low
1,1,3,9500,1,1,139.0,1,18,18,1,1,130.8,1,0,0,0,0,0,18,0,0,8,9,6,12.758333333333333,1,0,8,9,6,12.758333333333333,1,9.4,-0.8,-3.12,Dropout,1,0.4246396447423685,Medium
1,1,1,171,1,1,170.0,1,19,19,8,8,176.7,1,0,0,1,0,1,19,0,0,0,0,0,0.0,0,0,0,0,0,0.0,0,11.1,0.6,2.02,Dropout,1,0.5993903194758458,Medium
1,1,1,9070,1,1,182.0,1,19,1,5,7,156.8,1,0,0,1,0,0,18,0,0,6,6,6,12.666666666666666,0,0,6,8,6,13.25,0,10.8,1.4,1.74,Graduate,0,0.08636410781880248,Low
1,1,1,9085,1,1,125.0,1,19,37,3,7,126.8,0,0,0,1,0,0,18,0,0,6,13,6,12.0,0,0,6,16,4,12.75,0,11.1,0.6,2.02,Enrolled,0,0.24806556108578212,Low
1,1,1,9238,1,1,142.0,1,1,37,5,7,128.0,0,0,0,1,0,1,19,0,0,6,8,6,12.25,0,0,6,8,6,12.0,0,16.2,0.3,-0.92,Graduate,0,0.03393267296819162,Low
1,1,2,9147,1,1,119.0,1,19,37,4,5,113.8,1,0,0,1,0,0,20,0,0,5,8,3,11.333333333333334,0,0,5,8,5,12.2,0,7.6,2.6,0.32,Graduate,0,0.05100835682873712,Low
1,17,5,9500,1,1,128.0,1,1,1,4,5,120.8,1,0,0,1,0,1,19,0,0,7,9,7,13.507142857142856,0,0,8,12,8,13.05,0,16.2,0.3,-0.92,Graduate,0,0.05414165758403017,Low
1,1,3,9500,1,1,150.0,1,19,38,1,1,130.8,1,0,0,1,0,0,18,0,0,8,8,7,13.614285714285714,0,0,8,8,7,13.614285714285714,0,12.7,3.7,-1.7,Graduate,0,0.09020394804275043,Low
1,39,1,9254,1,1,133.1,1,19,1,4,1,101.0,0,0,1,1,0,0,25,0,0,6,6,0,0.0,0,0,6,6,0,0.0,0,15.5,2.8,-4.06,Dropout,1,0.9800345239464313,High
1,17,5,9070,1,1,131.0,1,37,37,9,9,126.1,1,0,0,0,0,0,18,0,0,6,9,4,11.5,1,0,6,6,6,12.166666666666666,0,7.6,2.6,0.32,Graduate,0,0.23211215954746806,Low
1,1,5,9773,1,1,118.0,1,38,19,9,9,113.8,1,0,0,1,0,0,19,0,0,6,7,6,12.333333333333334,0,0,6,7,6,12.5,0,8.9,1.4,3.51,Graduate,0,0.06142956311306586,Low
1,17,2,9556,1,1,122.0,1,19,38,4,8,118.3,1,0,0,1,0,1,19,0,0,7,7,7,11.971428571428572,0,0,8,8,8,14.4375,0,15.5,2.8,-4.06,Graduate,0,0.025947956143503446,Low
1,1,1,9147,1,1,116.0,1,19,19,5,8,127.9,0,0,1,0,0,1,20,0,0,5,12,2,13.0,1,0,5,13,2,11.5,0,9.4,-0.8,-3.12,Dropout,1,0.8833165573168299,High
1,17,5,9500,1,1,137.0,1,1,1,5,4,131.1,1,0,0,1,0,0,18,0,0,7,9,7,12.385714285714286,0,0,8,9,7,12.728571428571428,0,13.9,-0.3,0.79,Enrolled,0,0.10600190028389928,Low
1,17,4,9085,1,1,128.0,1,38,37,4,9,117.9,1,0,0,1,0,0,20,0,0,5,12,2,13.5,0,0,5,12,5,11.285714285714286,1,10.8,1.4,1.74,Graduate,0,0.08829833220965151,Low
1,17,1,9238,1,1,123.0,1,1,1,9,9,115.7,1,0,0,1,0,0,21,0,0,6,8,6,12.166666666666666,0,0,6,7,6,13.285714285714286,0,11.1,0.6,2.02,Graduate,0,0.05503410627221992,Low
1,1,2,171,1,1,133.1,1,3,1,2,3,141.0,1,0,0,1,0,0,19,0,0,0,0,0,0.0,0,0,0,0,0,0.0,0,12.7,3.7,-1.7,Graduate,0,0.13498368717990403,Low
2,39,1,8014,0,12,110.0,1,37,37,7,9,120.0,0,0,0,1,0,0,42,0,0,6,6,6,11.666666666666666,0,0,6,6,6,13.666666666666666,0,10.8,1.4,1.74,Graduate,0,0.05625844029270961,Low
1,17,1,9130,1,1,143.0,1,3,3,2,2,131.8,1,0,1,0,0,0,18,0,0,6,9,5,12.4,0,0,6,12,5,14.166666666666666,0,8.9,1.4,3.51,Enrolled,0,0.252352757193996,Low
1,1,1,9070,1,1,150.0,1,37,37,9,6,131.1,0,0,0,1,0,1,19,0,0,6,7,5,13.4,0,0,6,6,6,12.833333333333334,0,15.5,2.8,-4.06,Graduate,0,0.02713849034736846,Low
1,1,6,9254,1,1,129.0,1,38,19,9,5,117.8,1,0,0,1,0,0,18,0,0,6,11,6,12.0,0,0,6,11,4,12.5,0,8.9,1.4,3.51,Graduate,0,0.2993717356661529,Low
1,10,1,9085,1,1,140.0,1,19,19,4,5,140.0,1,0,0,1,0,0,21,0,0,5,6,5,14.2,0,0,5,5,5,14.8,0,10.8,1.4,1.74,Graduate,0,0.08841820843846714,Low
1,1,1,9238,1,1,133.1,1,38,37,5,5,108.0,0,0,0,1,0,1,20,0,0,6,8,6,12.125,0,0,6,7,6,14.428571428571429,0,16.2,0.3,-0.92,Graduate,0,0.0188457664218992,Low
1,1,1,9853,1,1,132.0,1,1,19,3,3,122.9,1,0,0,1,0,0,20,0,0,7,7,7,13.857142857142858,0,0,7,7,7,13.285714285714286,0,11.1,0.6,2.02,Graduate,0,0.08719533192811796,Low
1,44,1,9085,1,39,130.0,1,3,1,2,9,130.0,1,0,0,1,0,0,21,0,1,6,13,3,11.75,0,1,6,13,5,12.333333333333334,0,12.4,0.5,1.79,Enrolled,0,0.29048453892281073,Low
1,1,4,9500,1,1,137.0,1,38,37,7,7,126.0,1,0,0,1,0,0,19,0,0,7,9,7,14.283333333333337,0,0,8,9,8,13.125555555555556,0,15.5,2.8,-4.06,Graduate,0,0.051028167347994695,Low
1,42,1,9238,1,1,133.1,1,1,19,4,9,134.0,0,0,0,1,0,0,21,0,10,13,21,11,13.272727272727272,0,6,11,13,9,13.0,0,7.6,2.6,0.32,Graduate,0,0.05423575658132299,Low
1,1,1,9070,1,1,143.0,1,38,19,151,193,134.3,1,1,0,1,0,0,19,0,0,6,6,6,14.666666666666666,0,0,6,7,6,15.142857142857142,0,8.9,1.4,3.51,Graduate,0,0.06330823301489072,Low
1,1,1,9500,1,1,148.0,1,19,19,9,9,138.7,0,0,0,1,0,1,19,0,0,7,10,7,15.114999999999998,0,0,8,10,8,15.092,0,15.5,2.8,-4.06,Graduate,0,0.024340938655644313,Low
1,17,2,171,1,1,137.0,1,1,1,4,1,143.3,1,0,0,1,0,0,18,0,0,0,0,0,0.0,0,0,0,0,0,0.0,0,9.4,-0.8,-3.12,Enrolled,0,0.1706572035050296,Low
1,44,1,9085,1,39,160.0,1,37,19,9,10,160.0,1,0,0,1,0,0,22,0,1,6,13,6,15.0,0,1,6,7,6,13.142857142857142,0,16.2,0.3,-0.92,Graduate,0,0.0476251288241611,Low
1,1,2,9853,1,1,112.0,1,3,1,3,5,111.0,0,0,0,1,0,0,21,0,0,6,8,5,13.2,0,0,6,9,5,14.333333333333334,0,9.4,-0.8,-3.12,Graduate,0,0.07288435590025852,Low
1,17,4,9254,1,1,133.0,1,37,37,5,8,128.5,1,0,0,1,0,1,18,0,0,6,14,2,11.0,0,0,6,14,3,10.333333333333334,0,7.6,2.6,0.32,Dropout,1,0.5547685452543742,Medium
1,1,4,9500,1,1,142.0,1,1,3,1,2,133.0,0,0,0,1,0,1,20,0,0,8,8,7,14.565714285714288,0,0,8,8,7,14.565714285714288,0,10.8,1.4,1.74,Graduate,0,0.0556549351905057,Low
1,17,2,9670,1,1,123.0,1,34,37,0,0,114.6,1,0,1,0,0,0,18,0,0,5,8,3,12.0,0,0,5,6,4,10.75,0,7.6,2.6,0.32,Dropout,1,0.8984210763853916,High
1,17,1,9238,1,1,103.0,1,19,37,7,9,104.1,0,0,0,1,0,0,20,0,0,6,6,0,0.0,0,0,5,5,0,0.0,0,8.9,1.4,3.51,Dropout,1,0.9500450089050074,High
1,17,4,9500,1,1,140.0,1,1,1,3,3,127.6,1,0,0,1,0,0,23,0,0,7,7,6,13.796666666666669,0,0,8,11,7,13.775,0,12.4,0.5,1.79,Graduate,0,0.1734348395762825,Low
1,1,2,9773,1,1,159.0,1,1,1,3,3,151.0,1,0,0,1,0,0,18,0,0,6,6,6,14.833333333333334,0,0,6,6,6,15.333333333333334,0,12.7,3.7,-1.7,Graduate,0,0.10829568664121664,Low
1,44,1,9238,1,39,140.0,1,1,1,9,3,135.7,1,0,0,1,0,0,20,0,3,6,6,6,12.833333333333334,0,2,6,6,6,13.833333333333334,0,12.4,0.5,1.79,Graduate,0,0.06940390241995463,Low
1,17,1,9500,1,1,148.0,1,38,37,5,9,137.8,1,0,0,1,0,1,18,0,0,8,8,7,14.962857142857144,0,0,8,8,7,14.962857142857144,0,10.8,1.4,1.74,Graduate,0,0.026794541280129317,Low
1,1,6,9147,1,1,112.0,1,38,38,9,9,117.3,1,0,0,1,0,0,20,0,0,5,8,4,12.0,0,0,5,8,5,11.2,0,11.1,0.6,2.02,Graduate,0,0.06574214824975619,Low
1,18,2,9500,1,1,131.0,1,1,3,3,2,121.2,1,0,0,1,0,0,18,0,0,7,8,7,12.4,0,0,8,9,8,12.8,0,16.2,0.3,-0.92,Graduate,0,0.07577360805533052,Low
1,17,1,9670,1,1,145.0,1,3,3,2,1,129.3,1,0,0,1,0,0,20,0,0,6,7,6,15.571428571428571,0,0,6,6,6,17.166666666666668,0,16.2,0.3,-0.92,Graduate,0,0.22697577271538014,Low
1,1,5,9500,1,1,133.1,1,1,1,5,8,123.0,1,0,0,1,0,0,19,0,0,8,8,7,13.714285714285714,0,0,8,8,7,13.714285714285714,0,12.7,3.7,-1.7,Graduate,0,0.04335480871770345,Low
1,44,1,9085,1,39,140.0,1,1,19,4,4,140.0,0,0,0,1,0,0,21,0,2,6,9,6,13.142857142857142,0,0,6,9,6,12.166666666666666,0,13.9,-0.3,0.79,Graduate,0,0.060669383350230414,Low
2,7,1,9070,1,43,140.0,1,37,1,9,7,140.0,0,0,0,1,0,0,33,0,0,6,7,6,15.0,0,0,6,8,3,11.0,0,11.1,0.6,2.02,Graduate,0,0.2006619666658243,Low
1,1,1,9085,1,1,150.0,1,12,2,4,2,144.6,0,0,1,0,0,0,24,0,0,5,6,1,13.0,0,0,5,5,0,0.0,0,7.6,2.6,0.32,Dropout,1,0.9602123325024767,High
1,43,1,9238,1,1,120.0,1,1,38,4,3,118.3,0,0,0,1,0,1,20,0,8,11,12,11,12.0,0,6,11,14,11,12.75,0,13.9,-0.3,0.79,Graduate,0,0.036170882960691646,Low
1,1,1,171,1,1,156.0,1,19,38,9,1,153.6,1,0,0,1,0,0,18,0,0,0,0,0,0.0,0,0,0,0,0,0.0,0,9.4,-0.8,-3.12,Graduate,0,0.12513036060195767,Low
1,1,4,9070,1,1,167.0,1,1,1,7,3,158.3,1,0,0,1,0,0,18,0,0,6,6,6,15.166666666666666,0,0,6,6,6,14.166666666666666,0,15.5,2.8,-4.06,Graduate,0,0.1099813083935439,Low
1,43,1,8014,0,6,133.1,1,34,34,0,0,100.0,0,0,1,1,0,0,29,0,1,6,9,4,12.0,0,1,6,13,2,10.5,0,7.6,2.6,0.32,Dropout,1,0.8791983981043967,High
1,17,1,9500,1,1,147.0,1,1,1,5,5,134.9,0,1,0,1,0,0,18,0,0,7,7,7,13.642857142857142,0,0,8,11,8,14.772727272727272,0,16.2,0.3,-0.92,Graduate,0,0.059716154101218326,Low
1,1,3,9773,1,1,129.0,1,38,37,5,5,142.0,1,0,0,1,0,0,19,0,0,6,8,6,12.666666666666666,0,0,6,7,6,12.714285714285714,0,9.4,-0.8,-3.12,Graduate,0,0.15239269247333806,Low
1,17,1,171,1,1,136.0,1,38,38,7,7,127.3,1,0,0,1,0,0,19,0,0,0,0,0,0.0,0,0,0,0,0,0.0,0,15.5,2.8,-4.06,Dropout,1,0.6708397906229835,High
1,17,1,9238,1,1,128.0,1,19,19,5,4,116.5,0,0,0,1,0,1,18,0,0,6,8,5,10.8,0,0,6,9,6,10.5,0,12.4,0.5,1.79,Graduate,0,0.0502745220223235,Low
1,43,1,9500,1,1,140.0,1,19,19,7,7,138.6,0,0,0,1,0,1,19,0,0,7,9,6,14.25,0,0,8,11,8,13.063636363636364,0,16.2,0.3,-0.92,Graduate,0,0.03500688323576055,Low
1,42,1,9853,1,1,141.0,1,37,19,9,3,133.0,0,0,0,1,0,0,20,0,6,14,22,12,12.153846153846152,0,5,12,18,10,12.9,0,10.8,1.4,1.74,Dropout,1,0.18322690593396895,Low
1,17,2,9238,1,1,133.0,1,2,1,3,4,136.2,1,0,0,1,0,0,19,0,0,6,14,1,11.5,0,0,6,12,2,10.5,0,7.6,2.6,0.32,Enrolled,0,0.5543344709707572,Medium
1,17,1,9254,1,1,125.0,1,19,19,7,5,118.0,1,0,0,1,0,1,19,0,0,6,10,4,12.25,0,0,6,9,3,12.333333333333334,0,9.4,-0.8,-3.12,Graduate,0,0.28058140423012135,Low
1,1,1,9070,1,1,124.0,1,19,37,4,4,126.8,0,0,0,1,0,1,18,0,1,6,8,6,12.0,1,0,6,12,5,11.142857142857142,0,13.9,-0.3,0.79,Enrolled,0,0.06804511314816417,Low
1,1,6,9500,1,1,140.0,1,19,38,5,7,128.5,1,0,0,1,0,1,18,0,0,8,8,8,13.40375,0,0,8,8,8,13.40375,0,9.4,-0.8,-3.12,Graduate,0,0.048658535212535624,Low
1,17,1,9254,1,1,140.0,1,3,1,2,3,129.9,0,0,0,1,0,1,19,0,0,6,15,6,11.333333333333334,0,0,6,9,3,12.666666666666666,0,9.4,-0.8,-3.12,Graduate,0,0.1292902986463775,Low
1,17,4,9773,1,1,137.0,1,1,1,5,5,125.8,0,0,1,1,1,0,20,0,0,6,7,5,12.2,0,0,6,6,6,12.333333333333334,0,12.7,3.7,-1.7,Dropout,1,0.5123148517031965,Medium
1,17,1,171,1,1,144.0,1,37,37,9,6,129.3,1,0,0,1,1,1,18,0,0,0,0,0,0.0,0,0,0,0,0,0.0,0,7.6,2.6,0.32,Enrolled,0,0.1294053703256638,Low
1,1,6,9500,1,1,138.0,1,4,19,2,3,124.7,1,0,0,1,1,0,18,0,0,7,0,0,0.0,0,0,8,0,0,0.0,0,16.2,0.3,-0.92,Dropout,1,0.9809146378327684,High
1,39,1,9003,1,1,130.0,1,3,1,2,4,154.9,0,0,1,0,1,0,35,0,0,6,8,5,16.166666666666668,0,0,6,10,4,16.0,0,8.9,1.4,3.51,Dropout,1,0.8421733271157572,High
1,17,1,9119,1,1,142.0,1,19,38,9,7,127.3,0,0,0,1,1,0,18,0,0,5,10,3,11.0,0,0,5,6,3,11.0,1,16.2,0.3,-0.92,Enrolled,0,0.22948738187250925,Low
1,1,1,171,1,1,136.0,1,37,19,5,8,129.0,1,0,0,1,1,1,19,0,0,0,0,0,0.0,0,0,0,0,0,0.0,0,13.9,-0.3,0.79,Graduate,0,0.18543926072289493,Low
1,1,2,9773,1,1,133.1,1,38,19,4,7,98.0,1,0,0,1,1,1,19,0,0,6,8,4,12.0,0,0,6,8,6,12.285714285714286,0,15.5,2.8,-4.06,Enrolled,0,0.11074078007556451,Low
1,17,2,9147,1,1,130.0,1,1,38,5,7,122.0,1,0,0,1,1,0,20,0,0,5,8,2,10.5,0,0,5,11,4,12.25,0,10.8,1.4,1.74,Enrolled,0,0.16427895958911373,Low
1,43,1,9070,1,1,117.0,1,1,1,4,7,112.5,1,0,0,1,1,0,19,0,3,6,7,3,11.666666666666666,0,1,6,13,4,10.333333333333334,0,13.9,-0.3,0.79,Enrolled,0,0.3104766537855789,Medium
1,1,3,9147,1,1,136.0,1,38,38,9,9,127.3,1,0,0,1,1,0,19,0,0,5,8,3,11.0,0,0,5,7,2,10.0,0,12.7,3.7,-1.7,Dropout,1,0.8033912811266413,High
1,39,2,9556,1,1,133.1,1,1,1,9,10,100.5,0,0,0,1,1,0,24,0,0,7,18,0,0.0,0,0,7,13,0,0.0,1,11.1,0.6,2.02,Dropout,1,0.96351434529086,High
1,39,1,8014,0,1,140.0,1,37,37,9,7,122.0,1,0,1,0,1,0,29,0,0,6,11,4,12.5,0,0,6,7,0,0.0,0,12.4,0.5,1.79,Dropout,1,0.9640124777665666,High
1,39,1,9500,1,1,150.0,1,38,3,9,1,140.0,0,0,0,1,1,0,24,0,0,7,11,7,11.294444444444444,0,0,8,22,2,12.6,0,15.5,2.8,-4.06,Graduate,0,0.22802018614072794,Low
1,17,2,9254,1,1,121.0,1,19,38,6,6,116.1,1,0,0,1,1,0,19,0,0,6,8,5,11.2,0,0,6,11,4,12.5,0,15.5,2.8,-4.06,Graduate,0,0.2441686431586834,Low
2,7,1,171,1,3,120.0,1,19,19,9,9,130.0,1,0,0,1,1,0,37,0,0,0,0,0,0.0,0,0,0,0,0,0.0,0,7.6,2.6,0.32,Dropout,1,0.6856163956615737,High
1,5,2,9070,1,1,143.0,1,1,1,4,10,146.2,1,0,0,1,1,0,18,0,0,6,7,5,13.2,0,0,6,6,5,11.8,0,16.2,0.3,-0.92,Graduate,0,0.11420456555627591,Low
1,44,1,9119,1,39,180.0,1,1,1,9,8,180.0,0,0,0,1,1,1,20,0,3,7,12,6,14.142857142857142,0,1,6,10,6,14.125,0,12.4,0.5,1.79,Enrolled,0,0.08918036781062137,Low
1,1,5,9147,1,1,132.0,1,39,39,3,3,127.8,1,0,0,0,1,0,18,0,0,5,0,0,0.0,0,0,5,0,0,0.0,0,11.1,0.6,2.02,Dropout,1,0.9735278428553873,High
1,43,1,9147,1,1,130.0,1,37,19,9,8,130.8,0,0,0,1,1,0,22,0,0,5,5,0,0.0,0,0,5,9,3,13.333333333333334,2,16.2,0.3,-0.92,Enrolled,0,0.39756160250491185,Medium
1,17,2,9147,1,1,133.1,1,38,38,4,7,109.0,1,0,0,1,1,1,22,0,0,5,7,3,12.333333333333334,0,0,5,9,3,10.571428571428571,0,10.8,1.4,1.74,Enrolled,0,0.25241013841913024,Low
1,1,5,9773,1,1,131.0,1,1,38,9,5,132.4,1,0,1,0,1,0,18,0,0,6,6,0,0.0,0,0,6,0,0,0.0,0,11.1,0.6,2.02,Dropout,1,0.9681616562888191,High
1,1,3,9500,1,1,149.0,1,1,1,4,4,129.3,1,0,0,1,1,0,18,0,0,8,8,7,13.1,0,0,8,8,7,13.1,0,12.7,3.7,-1.7,Graduate,0,0.0434263875662514,Low
1,1,1,9070,1,1,124.0,1,37,37,9,9,125.4,1,0,0,1,1,0,19,0,0,6,6,6,13.5,0,0,6,6,6,13.166666666666666,0,9.4,-0.8,-3.12,Graduate,0,0.028173094844085145,Low
1,1,1,9119,1,1,126.0,1,38,19,5,5,130.2,0,0,0,1,1,0,19,0,0,5,7,5,10.2,0,0,5,8,3,12.0,0,10.8,1.4,1.74,Enrolled,0,0.1284514454685543,Low
1,1,1,9238,1,1,140.0,1,19,38,9,9,132.0,0,0,0,1,1,0,19,0,0,6,10,5,11.571428571428571,0,0,6,10,3,13.0,0,16.2,0.3,-0.92,Dropout,1,0.5682453389369357,Medium
1,44,1,9003,1,39,170.0,1,19,19,9,7,170.0,1,0,1,1,1,0,21,0,0,6,7,6,15.285714285714286,0,0,6,6,6,15.166666666666666,0,12.4,0.5,1.79,Graduate,0,0.08046089496970382,Low
1,1,2,9773,1,1,133.0,1,3,1,2,4,130.2,0,0,0,1,1,0,19,0,0,6,9,5,12.6,0,6,10,16,8,11.0,1,8.9,1.4,3.51,Enrolled,0,0.15649432226410173,Low
1,18,2,9556,1,1,126.0,1,3,3,2,2,115.5,0,0,0,1,1,0,18,0,0,7,11,6,13.433333333333332,0,0,7,10,4,13.6,0,8.9,1.4,3.51,Graduate,0,0.2232051083932738,Low
1,16,2,9147,1,1,129.0,1,19,19,4,9,127.6,1,0,0,1,1,0,19,0,0,5,8,5,11.6,0,0,5,9,3,11.0,0,10.8,1.4,1.74,Dropout,1,0.5813216022606352,Medium
1,7,1,9773,1,43,140.0,1,19,1,4,8,140.0,0,0,0,1,1,0,25,0,0,6,6,6,14.666666666666666,0,0,6,6,6,13.5,0,11.1,0.6,2.02,Graduate,0,0.15290414538862024,Low
1,1,1,9070,1,1,130.0,1,37,1,9,8,120.2,1,0,0,1,1,0,22,0,0,6,9,6,14.666666666666666,0,0,6,12,6,14.666666666666666,0,12.7,3.7,-1.7,Graduate,0,0.06279392034078939,Low
1,39,1,9500,1,1,130.0,1,1,1,4,9,150.0,0,0,0,1,1,0,24,0,0,8,8,7,12.742857142857144,0,0,8,8,7,12.742857142857144,0,12.7,3.7,-1.7,Graduate,0,0.09557401633639624,Low
1,1,2,9500,1,1,99.0,1,1,3,5,10,100.0,1,0,0,1,1,0,19,0,0,7,9,7,11.975,0,0,8,9,7,13.12857142857143,0,13.9,-0.3,0.79,Graduate,0,0.073114302462451,Low
1,43,1,9119,1,1,146.0,1,3,1,2,3,100.0,0,0,0,1,1,0,18,0,0,5,9,4,12.25,0,0,5,11,3,11.666666666666666,0,13.9,-0.3,0.79,Enrolled,0,0.24809483987737982,Low
1,17,1,171,1,1,129.0,1,38,37,4,6,128.0,0,0,0,0,1,0,20,0,0,0,0,0,0.0,0,0,0,0,0,0.0,0,9.4,-0.8,-3.12,Dropout,1,0.9819800845506154,High
1,1,2,9500,1,1,132.0,1,19,19,9,7,128.0,1,0,0,1,1,1,19,0,0,8,8,7,14.935714285714283,0,0,8,8,7,14.935714285714283,0,10.8,1.4,1.74,Graduate,0,0.014957573460806816,Low
1,43,3,9254,1,1,110.0,1,37,37,9,9,107.2,1,0,0,1,1,0,19,0,1,6,16,2,10.5,0,0,6,15,4,10.0,0,7.6,2.6,0.32,Dropout,1,0.9025003879513239,High
1,1,1,9670,1,1,116.0,1,3,3,3,3,110.1,1,0,0,1,1,0,19,0,0,6,9,5,13.333333333333334,0,0,6,6,5,13.0,0,12.4,0.5,1.79,Graduate,0,0.08109431048758127,Low
1,43,1,9003,1,1,119.0,1,37,37,9,6,119.0,0,0,1,1,1,0,23,0,0,6,6,0,0.0,0,0,6,8,0,0.0,0,15.5,2.8,-4.06,Dropout,1,0.8964401901124781,High
2,39,1,9773,1,1,120.0,1,37,38,9,3,155.5,0,0,0,1,1,0,47,0,0,6,12,5,13.8,0,0,6,13,4,14.0,0,12.7,3.7,-1.7,Dropout,1,0.7633253607623616,High
1,1,1,9070,1,1,117.0,1,1,1,3,9,118.4,0,0,0,1,1,0,19,0,0,6,6,6,11.833333333333334,0,0,6,8,4,10.75,2,16.2,0.3,-0.92,Graduate,0,0.10145269493329082,Low
1,1,4,171,1,1,137.0,1,1,38,4,8,141.2,1,0,0,1,1,0,19,0,0,0,0,0,0.0,0,0,0,0,0,0.0,0,11.1,0.6,2.02,Graduate,0,0.1603668005541613,Low
1,1,1,171,1,1,124.0,1,3,3,2,2,119.1,1,0,0,1,1,0,18,0,0,0,0,0,0.0,0,0,0,0,0,0.0,0,16.2,0.3,-0.92,Dropout,1,0.4970493578617508,Medium
1,43,1,9147,1,1,151.0,1,1,3,1,1,111.0,0,0,0,1,1,0,28,0,0,5,9,2,10.0,0,0,5,9,0,0.0,0,15.5,2.8,-4.06,Dropout,1,0.945412518742865,High
1,43,1,9254,1,6,138.6,1,34,34,0,0,138.6,1,0,0,1,1,0,20,0,0,6,10,4,11.5,0,0,6,11,3,11.666666666666666,0,7.6,2.6,0.32,Dropout,1,0.8525765969293365,High
1,17,2,9254,1,1,118.0,1,19,19,5,7,121.2,0,0,0,1,1,1,18,0,0,6,12,3,10.666666666666666,0,0,6,9,4,12.0,0,15.5,2.8,-4.06,Enrolled,0,0.2474298922362092,Low
1,1,1,171,1,1,136.0,1,19,19,4,8,150.4,1,0,0,1,1,1,21,0,0,0,0,0,0.0,0,0,0,0,0,0.0,0,12.4,0.5,1.79,Graduate,0,0.10926079265784634,Low
1,1,1,9254,1,1,123.0,1,38,19,9,4,117.8,0,0,0,1,1,0,19,0,0,6,10,4,12.75,0,0,6,12,2,13.0,0,10.8,1.4,1.74,Enrolled,0,0.6462554414714301,High
1,39,1,9254,1,19,133.1,1,38,37,4,5,102.5,0,0,1,0,1,0,24,0,0,6,7,0,0.0,0,0,6,7,0,0.0,0,16.2,0.3,-0.92,Dropout,1,0.9742720993099195,High
1,39,1,9130,1,1,130.0,1,19,1,191,144,110.0,0,0,0,1,1,0,24,0,0,6,11,6,11.333333333333334,0,0,6,12,3,11.333333333333334,0,16.2,0.3,-0.92,Enrolled,0,0.16002563873707631,Low
1,39,1,9085,1,12,133.1,1,38,19,9,8,138.3,1,0,1,0,1,0,25,0,0,6,6,0,0.0,0,0,6,6,0,0.0,0,8.9,1.4,3.51,Enrolled,0,0.5575137649738825,Medium
1,39,1,9254,1,1,150.0,1,3,1,3,4,122.3,0,0,0,1,1,0,28,0,0,6,10,6,13.0,0,0,6,8,5,12.2,0,13.9,-0.3,0.79,Graduate,0,0.14939328934279603,Low
2,39,1,9991,0,1,130.0,1,37,37,9,9,127.8,0,0,0,1,1,0,37,0,0,5,7,4,10.75,0,0,5,7,3,11.333333333333334,0,7.6,2.6,0.32,Enrolled,0,0.45602789427625046,Medium
1,43,1,9119,1,1,128.0,1,1,38,4,7,100.0,0,0,0,1,1,0,19,0,0,5,8,5,12.0,0,0,5,12,2,10.5,0,13.9,-0.3,0.79,Enrolled,0,0.17660647678220573,Low
1,17,4,9500,1,1,133.0,1,38,37,5,7,126.4,1,0,0,1,1,1,18,0,0,7,7,7,13.462857142857144,0,0,8,8,8,13.90625,0,11.1,0.6,2.02,Graduate,0,0.04268919601000367,Low
1,39,1,9254,1,19,133.1,1,37,37,90,90,100.0,0,0,0,1,1,0,48,0,0,6,13,3,10.0,0,0,6,15,1,10.0,0,7.6,2.6,0.32,Dropout,1,0.8541314988567651,High
1,17,4,9238,1,1,129.0,1,37,37,9,8,117.1,1,0,0,1,1,0,21,0,0,6,6,6,12.333333333333334,0,0,6,7,6,13.666666666666666,0,8.9,1.4,3.51,Graduate,0,0.03394282952450848,Low
1,17,1,9500,1,1,128.0,1,1,1,4,5,124.7,0,0,0,1,1,1,19,0,0,7,11,6,12.528571428571428,0,0,7,10,6,12.416666666666666,0,15.5,2.8,-4.06,Enrolled,0,0.06701791237601808,Low
1,43,2,9500,1,1,136.0,1,19,1,9,10,124.1,0,0,0,1,1,1,21,0,0,8,8,0,0.0,8,0,8,8,0,0.0,8,9.4,-0.8,-3.12,Enrolled,0,0.17872685262902654,Low
1,44,1,9119,1,1,130.0,1,37,12,9,8,129.4,1,0,1,0,1,0,23,0,0,5,6,0,0.0,0,0,5,7,0,0.0,0,13.9,-0.3,0.79,Dropout,1,0.9751673752672165,High
1,1,1,9130,1,1,141.0,1,1,1,4,10,138.9,1,0,0,1,1,0,18,0,0,5,5,5,13.6,0,0,5,6,4,13.25,1,10.8,1.4,1.74,Graduate,0,0.15153817259766153,Low
1,44,1,9238,1,39,140.0,1,1,1,4,3,138.6,0,0,0,1,1,0,22,0,3,6,7,6,12.333333333333334,0,2,6,6,2,14.0,0,13.9,-0.3,0.79,Dropout,1,0.39780357333586763,Medium
1,16,1,171,1,1,122.0,1,19,37,9,7,133.9,1,0,0,1,1,0,25,0,9,13,16,10,11.454545454545457,0,5,11,13,7,12.25,0,12.4,0.5,1.79,Dropout,1,0.31746311492070606,Medium
1,7,1,9085,1,40,140.0,1,5,3,2,2,140.0,0,0,1,1,1,0,27,0,8,13,13,8,13.5,2,5,11,12,5,14.4,0,11.1,0.6,2.02,Dropout,1,0.8713985812020737,High
1,39,1,9119,1,12,133.1,1,34,34,0,0,95.1,0,0,0,0,1,0,49,0,0,5,5,0,0.0,0,0,5,6,0,0.0,0,10.8,1.4,1.74,Dropout,1,0.9907361468480138,High
1,39,1,9991,0,1,120.0,1,19,37,5,5,128.2,0,0,0,0,1,0,31,0,0,5,5,2,11.0,0,0,5,0,0,0.0,0,12.7,3.7,-1.7,Dropout,1,0.9956653398285147,High
1,39,1,9254,1,1,133.1,1,37,37,9,6,121.5,0,0,0,1,1,0,54,0,0,6,9,6,13.714285714285714,0,0,6,13,5,14.333333333333334,0,16.2,0.3,-0.92,Dropout,1,0.4919905599513761,Medium
1,7,1,33,1,40,120.0,1,38,37,5,6,120.0,1,0,1,0,1,0,25,0,18,21,26,21,12.363636363636363,0,12,16,21,12,12.25,1,11.1,0.6,2.02,Dropout,1,0.5684466772938995,Medium
1,44,1,9003,1,39,130.0,1,5,3,2,2,130.0,0,0,0,1,1,0,20,0,1,7,13,3,10.666666666666666,0,0,6,14,2,11.5,0,15.5,2.8,-4.06,Enrolled,0,0.43032042031646695,Medium
1,7,1,9070,1,3,120.0,1,4,4,2,2,120.0,0,0,0,1,1,0,28,0,0,6,9,2,12.0,0,0,6,10,3,12.666666666666666,0,12.7,3.7,-1.7,Dropout,1,0.8676953873483653,High
2,39,1,8014,0,19,133.1,1,37,37,9,6,107.0,0,0,0,1,1,0,41,0,1,7,7,7,12.857142857142858,0,0,6,6,6,13.166666666666666,0,12.7,3.7,-1.7,Graduate,0,0.030640129558541295,Low
1,1,2,9670,1,1,122.0,1,1,19,4,4,116.1,0,0,0,1,1,1,19,0,0,6,10,6,13.125,0,0,6,9,6,12.714285714285714,0,11.1,0.6,2.02,Enrolled,0,0.06220411805338294,Low
1,43,1,9147,1,1,123.0,1,1,1,4,4,114.4,0,0,0,1,1,0,22,0,0,5,6,0,0.0,0,0,5,8,2,11.5,0,15.5,2.8,-4.06,Dropout,1,0.8561713736438374,High
1,1,1,9254,1,1,178.0,1,2,1,2,3,157.7,0,0,0,1,1,0,34,0,0,6,13,2,13.5,0,0,6,6,0,0.0,0,15.5,2.8,-4.06,Dropout,1,0.9579898575808206,High
1,39,1,9003,1,1,130.0,1,38,38,9,9,150.0,0,0,1,0,1,0,28,0,5,11,14,11,15.090909090909092,0,5,10,11,10,15.0,0,11.1,0.6,2.02,Dropout,1,0.7771251684116618,High
1,1,1,9853,1,1,110.0,1,37,37,9,4,114.3,1,0,0,1,1,0,42,0,0,6,9,5,12.4,0,0,6,10,5,11.8,0,7.6,2.6,0.32,Enrolled,0,0.20207434534425003,Low
1,18,1,9085,1,1,106.0,1,1,19,3,5,104.6,0,0,0,0,1,0,21,0,0,6,10,5,14.0,0,0,6,11,4,14.8,0,11.1,0.6,2.02,Enrolled,0,0.1556949204040393,Low
1,7,1,9003,1,3,140.0,1,39,39,9,4,140.0,0,0,0,1,1,0,50,0,2,6,8,2,13.5,0,1,6,9,1,13.0,0,15.5,2.8,-4.06,Dropout,1,0.7506684855923205,High
1,1,4,9147,1,1,108.0,1,3,1,3,4,109.1,1,0,0,1,1,0,19,0,0,5,5,0,0.0,0,0,5,5,0,0.0,0,12.4,0.5,1.79,Dropout,1,0.8981069203377366,High
1,43,1,9500,1,1,120.0,1,3,4,2,4,120.6,0,0,0,1,1,0,18,0,0,7,12,4,12.65,0,0,7,10,3,10.666666666666666,0,16.2,0.3,-0.92,Dropout,1,0.6229746880818484,High
2,39,1,9991,0,1,100.0,1,37,37,1,1,161.9,0,0,0,1,1,0,59,0,0,5,7,0,0.0,0,0,5,7,0,0.0,0,16.2,0.3,-0.92,Dropout,1,0.9638428319657533,High
2,7,1,9991,0,3,140.0,1,34,34,99,99,140.0,1,0,0,0,1,0,33,0,0,5,5,0,0.0,0,0,5,5,0,0.0,0,7.6,2.6,0.32,Dropout,1,0.9476288422044511,High
1,17,2,9070,1,1,133.1,1,37,38,9,10,178.0,1,0,0,1,1,1,23,0,0,6,8,6,13.333333333333334,0,0,6,7,5,12.8,0,9.4,-0.8,-3.12,Graduate,0,0.11076323838694405,Low
2,39,1,9991,0,19,133.1,1,37,1,5,5,138.3,0,0,0,1,1,0,44,0,0,5,9,3,11.333333333333334,0,0,5,8,5,11.142857142857142,0,13.9,-0.3,0.79,Dropout,1,0.6784212610401883,High
2,1,4,8014,0,1,140.0,1,34,34,0,0,128.0,1,0,0,1,1,0,37,0,0,6,0,0,0.0,0,0,6,0,0,0.0,0,9.4,-0.8,-3.12,Dropout,1,0.9589260386029099,High
2,39,1,171,1,19,100.0,1,37,37,9,9,139.0,0,0,0,1,1,0,36,0,0,0,0,0,0.0,0,0,0,0,0,0.0,0,10.8,1.4,1.74,Dropout,1,0.643337209736988,High
1,1,2,9991,0,1,123.0,1,1,3,4,2,113.2,0,0,0,0,1,0,22,0,0,5,7,3,11.666666666666666,0,0,5,8,2,10.5,2,7.6,2.6,0.32,Dropout,1,0.9155725902238081,High
2,39,1,8014,0,19,133.1,1,37,37,6,6,139.0,0,0,0,1,1,0,49,0,0,6,8,6,12.166666666666666,0,0,6,8,6,14.428571428571429,0,12.4,0.5,1.79,Graduate,0,0.06758028088868515,Low
1,51,1,9773,1,1,135.0,1,1,42,5,3,110.0,1,0,0,1,1,0,23,0,0,6,7,6,13.333333333333334,0,0,6,6,4,12.75,0,11.1,0.6,2.02,Graduate,0,0.285577716358855,Low
1,1,1,9070,1,1,132.0,1,1,1,4,9,136.6,1,0,0,1,1,0,19,0,0,6,7,5,11.4,0,0,6,10,3,11.0,3,7.6,2.6,0.32,Enrolled,0,0.14914000936023553,Low
2,43,1,8014,0,1,120.0,1,37,37,5,5,161.1,0,0,0,1,1,0,47,0,0,6,9,6,12.142857142857142,0,0,6,6,0,0.0,0,16.2,0.3,-0.92,Dropout,1,0.9156812610340572,High
1,43,1,9003,1,1,130.0,1,1,2,4,2,130.0,0,0,0,1,1,0,28,0,9,18,36,17,13.058823529411764,1,6,12,15,12,12.307692307692308,0,15.5,2.8,-4.06,Graduate,0,0.10242089556032362,Low
1,44,1,9003,1,39,140.0,1,1,38,9,6,140.0,0,0,0,1,1,0,21,0,0,6,13,4,11.75,0,0,6,15,4,10.5,0,15.5,2.8,-4.06,Enrolled,0,0.26567012220330694,Low
1,1,1,9254,1,1,133.1,1,38,1,9,9,121.0,0,0,1,0,1,0,21,0,0,6,9,5,11.833333333333334,0,0,6,8,5,10.0,0,8.9,1.4,3.51,Dropout,1,0.8690535174585909,High
1,43,1,9238,1,39,120.0,1,2,1,1,2,118.6,0,0,0,1,1,0,21,0,9,11,14,10,12.4,0,6,10,13,10,11.8,0,13.9,-0.3,0.79,Graduate,0,0.14621466789192458,Low
1,1,1,9070,1,1,140.0,1,19,38,4,4,138.3,0,0,0,1,1,0,20,0,1,6,8,6,13.428571428571429,1,0,6,12,4,11.5,0,13.9,-0.3,0.79,Enrolled,0,0.1498750827779185,Low
2,42,1,9147,1,1,133.1,1,37,37,9,9,115.8,0,0,0,0,1,0,49,0,0,5,5,0,0.0,0,0,5,9,0,0.0,0,10.8,1.4,1.74,Dropout,1,0.9960787219418386,High
1,39,1,9991,0,1,120.0,1,19,37,6,8,160.0,0,0,0,1,1,0,40,0,0,5,5,5,11.0,0,0,5,5,5,13.4,0,15.5,2.8,-4.06,Graduate,0,0.18714252322214123,Low
1,17,1,9254,1,1,125.0,1,1,1,3,3,114.5,0,0,0,1,1,1,22,0,0,6,8,6,13.625,0,0,6,8,6,14.428571428571429,0,11.1,0.6,2.02,Graduate,0,0.05616466989883239,Low
1,42,1,9119,1,1,136.0,1,1,37,5,5,117.5,0,0,0,1,1,0,19,0,2,5,6,4,11.8,0,0,5,7,2,11.5,0,15.5,2.8,-4.06,Enrolled,0,0.2708025841656609,Low
1,39,1,9991,0,1,133.1,1,3,38,2,7,121.7,0,0,0,1,1,0,31,0,0,5,5,0,0.0,0,0,5,7,0,0.0,0,13.9,-0.3,0.79,Dropout,1,0.984235293672098,High
1,42,1,9119,1,1,120.0,1,5,5,2,2,115.0,0,0,0,1,1,0,30,0,1,6,9,2,15.0,0,1,6,7,2,13.5,0,15.5,2.8,-4.06,Dropout,1,0.9201076652673441,High
1,1,1,9238,1,1,127.0,1,37,37,5,10,125.3,0,0,0,1,1,0,19,0,0,6,9,5,10.8,0,0,6,11,5,11.0,0,7.6,2.6,0.32,Graduate,0,0.10185286848819532,Low
1,18,1,9147,1,1,131.0,1,34,34,90,90,131.0,0,0,0,1,1,0,22,0,0,5,11,3,13.666666666666666,0,0,5,10,3,11.333333333333334,0,9.4,-0.8,-3.12,Dropout,1,0.7159193745071956,High
1,1,1,9773,1,1,127.0,1,19,37,9,9,126.3,0,0,0,1,1,0,19,0,0,6,8,6,12.833333333333334,0,0,6,8,6,13.333333333333334,0,15.5,2.8,-4.06,Graduate,0,0.06815721881041435,Low
1,17,1,171,1,1,132.0,1,1,37,4,9,127.1,0,0,0,0,1,0,21,0,0,0,0,0,0.0,0,0,0,0,0,0.0,0,7.6,2.6,0.32,Dropout,1,0.9054803550848087,High
1,17,3,9670,1,1,137.0,1,1,38,4,7,138.4,0,0,0,1,1,0,19,0,0,6,8,6,15.125,0,0,6,7,6,13.428571428571429,0,11.1,0.6,2.02,Graduate,0,0.08078064913485646,Low
1,43,2,9147,1,1,126.0,1,1,19,3,3,100.0,1,0,0,1,1,0,22,0,0,5,11,0,0.0,0,0,5,7,1,10.0,1,16.2,0.3,-0.92,Dropout,1,0.9124189201824422,High
1,1,1,9238,1,1,136.0,1,4,5,2,2,126.2,0,0,0,1,1,0,22,0,0,6,10,5,11.4,0,0,6,8,5,11.0,0,10.8,1.4,1.74,Graduate,0,0.11693600481293266,Low
1,1,1,9238,1,1,124.0,1,1,1,4,4,118.8,0,0,0,1,1,0,19,0,0,6,12,4,12.25,0,0,6,9,6,11.0,0,9.4,-0.8,-3.12,Graduate,0,0.12119915347761387,Low
1,39,1,9254,1,39,137.0,1,1,1,5,10,124.5,0,0,0,0,1,0,26,0,0,6,0,0,0.0,0,0,6,0,0,0.0,0,16.2,0.3,-0.92,Dropout,1,0.9876337292679218,High
1,44,1,9119,1,39,140.0,1,5,41,3,2,140.0,0,0,0,1,1,0,23,0,3,7,12,3,14.0,0,1,6,12,1,14.0,0,12.4,0.5,1.79,Enrolled,0,0.34664540776576475,Medium
1,17,1,9070,1,1,131.0,1,19,19,7,7,125.1,0,0,0,1,1,0,18,0,0,6,7,6,12.333333333333334,0,0,6,10,5,10.8,4,16.2,0.3,-0.92,Enrolled,0,0.11702157214893018,Low
1,1,1,9147,1,1,130.0,1,37,37,9,9,118.8,0,0,1,1,1,1,22,0,0,5,8,5,10.666666666666666,0,0,5,11,2,11.0,0,15.5,2.8,-4.06,Enrolled,0,0.1925454486310184,Low
1,18,5,9119,1,1,136.0,1,3,2,2,3,125.2,1,0,0,1,1,0,19,0,0,5,9,5,11.833333333333334,0,0,5,9,5,14.714285714285714,0,12.4,0.5,1.79,Enrolled,0,0.1718658446441303,Low
1,17,1,9147,1,1,133.1,1,1,19,4,8,95.0,0,0,0,1,1,0,20,0,0,5,14,0,0.0,0,0,5,5,0,0.0,0,11.1,0.6,2.02,Dropout,1,0.9633528842704195,High
1,1,3,9070,1,1,110.0,1,37,37,9,9,107.6,1,0,0,1,1,1,22,0,0,6,6,6,11.666666666666666,0,0,6,6,6,12.166666666666666,0,7.6,2.6,0.32,Enrolled,0,0.04386011159096669,Low
1,7,1,9130,1,3,140.0,1,2,38,2,3,140.0,1,0,0,0,1,0,18,0,2,5,7,2,13.0,0,0,5,5,0,0.0,0,12.7,3.7,-1.7,Dropout,1,0.9381807319263585,High
4,43,2,9991,0,38,133.1,1,3,1,2,9,125.4,0,0,0,1,1,0,39,0,0,2,5,0,0.0,0,0,4,4,0,0.0,0,10.8,1.4,1.74,Dropout,1,0.9593966523265325,High
1,1,1,9500,1,1,141.0,1,19,1,90,90,128.0,0,0,0,1,1,0,18,0,0,8,8,0,0.0,3,0,8,8,0,0.0,3,10.8,1.4,1.74,Dropout,1,0.887702597653369,High
1,17,3,9119,1,1,130.0,1,1,38,3,3,129.3,0,0,0,1,1,1,18,0,0,5,5,5,13.0,0,0,5,5,5,14.2,0,8.9,1.4,3.51,Graduate,0,0.06696212807895789,Low
1,1,1,9238,1,1,160.0,1,19,38,9,9,152.0,0,0,0,1,1,1,19,0,0,6,7,6,13.857142857142858,0,0,6,6,6,14.0,0,13.9,-0.3,0.79,Graduate,0,0.032675052108610554,Low
1,1,1,9500,1,1,140.0,1,1,19,9,9,128.8,0,0,0,1,1,0,18,0,0,7,7,6,13.391666666666666,0,0,8,8,8,12.4875,0,12.4,0.5,1.79,Graduate,0,0.036224043588174465,Low
1,1,1,9147,1,1,150.0,1,34,19,0,4,152.8,1,0,0,1,1,1,18,0,0,5,7,4,12.75,0,0,5,5,0,0.0,0,7.6,2.6,0.32,Dropout,1,0.9071560873566904,High
1,44,1,9130,1,39,150.0,1,37,37,6,6,150.0,1,0,0,1,1,0,22,0,0,5,7,4,14.5,0,0,5,5,5,14.6,0,10.8,1.4,1.74,Graduate,0,0.09413527562339358,Low
1,1,1,9238,1,1,133.1,1,1,1,3,4,112.0,0,0,0,1,1,0,19,0,0,6,7,6,12.166666666666666,0,0,6,6,6,12.166666666666666,0,12.4,0.5,1.79,Graduate,0,0.041178619629096684,Low
1,1,1,9130,1,1,152.0,1,19,37,9,8,135.6,1,0,0,1,1,0,18,0,0,5,5,5,15.4,0,0,5,5,5,15.6,0,12.7,3.7,-1.7,Dropout,1,0.061477619261095455,Low
1,39,1,9119,1,19,133.1,1,1,1,4,3,134.4,0,0,1,0,1,0,31,0,0,5,9,2,13.333333333333334,0,0,5,9,2,16.0,4,16.2,0.3,-0.92,Dropout,1,0.9642892112553274,High
1,39,1,9991,0,1,130.0,1,3,1,3,3,120.5,0,0,0,1,1,0,28,0,0,5,5,0,0.0,0,0,5,5,0,0.0,0,12.7,3.7,-1.7,Dropout,1,0.9869898312480597,High
1,1,1,9070,1,1,148.0,1,1,1,4,8,141.4,0,0,0,1,1,0,19,0,0,6,0,0,0.0,0,0,6,0,0,0.0,0,15.5,2.8,-4.06,Dropout,1,0.9568261042879596,High
1,17,1,9254,1,1,148.0,1,1,1,4,8,145.2,0,0,0,1,1,0,20,0,0,6,7,6,13.714285714285714,0,0,6,8,6,14.714285714285714,0,16.2,0.3,-0.92,Graduate,0,0.0707756313555128,Low
4,39,1,9238,1,1,130.0,1,19,3,9,2,140.0,0,0,0,1,1,0,50,0,0,6,7,4,12.25,0,0,6,7,0,0.0,0,8.9,1.4,3.51,Dropout,1,0.9304963941286185,High
1,43,1,9070,1,1,160.0,1,1,2,4,2,100.0,0,0,0,1,1,0,38,0,1,6,9,5,16.0,1,0,6,11,4,16.5,0,13.9,-0.3,0.79,Enrolled,0,0.20194334043912257,Low
2,39,1,9991,0,1,130.0,1,37,37,9,9,140.0,1,0,0,1,1,0,31,0,0,5,8,1,11.0,0,0,5,5,1,13.0,0,9.4,-0.8,-3.12,Dropout,1,0.9444031898639946,High
1,39,1,9500,1,1,110.0,1,1,37,9,9,126.0,1,0,0,1,1,0,27,0,0,7,7,7,14.085714285714284,0,0,7,7,7,14.085714285714284,0,7.6,2.6,0.32,Enrolled,0,0.04131591550252892,Low
1,18,1,9238,1,1,122.0,1,1,3,9,2,112.6,1,0,0,1,1,0,21,0,0,6,9,6,10.166666666666666,0,0,6,10,6,10.5,0,12.7,3.7,-1.7,Graduate,0,0.17056498708859869,Low
2,39,1,9119,1,1,110.0,1,37,37,9,9,106.8,0,0,0,1,1,0,34,0,0,5,8,1,10.0,0,0,5,9,0,0.0,0,8.9,1.4,3.51,Dropout,1,0.8959134414129105,High
1,51,1,9119,1,1,129.0,1,2,37,2,9,121.6,1,0,0,1,1,0,19,0,0,5,10,0,0.0,0,0,5,7,1,10.0,0,7.6,2.6,0.32,Enrolled,0,0.8504198434836141,High
2,39,1,9991,0,1,110.0,1,37,37,1,4,120.0,1,0,0,0,1,0,40,0,0,5,10,2,10.5,0,0,5,5,3,10.666666666666666,0,9.4,-0.8,-3.12,Dropout,1,0.8698578535484164,High
1,1,1,171,1,1,170.0,1,38,19,9,2,160.6,1,0,0,1,1,1,18,0,0,0,0,0,0.0,0,0,0,0,0,0.0,0,12.7,3.7,-1.7,Graduate,0,0.1150058989810136,Low
2,39,1,9070,1,12,110.0,1,37,38,5,10,130.0,0,0,1,0,1,1,46,0,0,6,6,0,0.0,0,0,6,6,0,0.0,0,15.5,2.8,-4.06,Dropout,1,0.9573075860270561,High
1,43,5,8014,0,1,110.0,1,34,34,0,0,110.0,0,0,0,1,1,0,37,0,0,6,12,0,0.0,0,0,5,10,0,0.0,0,7.6,2.6,0.32,Dropout,1,0.9275714981168726,High
1,39,1,9003,1,1,133.1,1,19,37,9,7,110.0,1,0,0,1,1,0,31,0,0,6,8,0,0.0,0,0,6,10,0,0.0,0,16.2,0.3,-0.92,Dropout,1,0.9868826366254223,High
1,39,1,9003,1,1,133.1,1,1,19,4,10,145.8,0,0,0,1,1,0,34,0,0,6,15,5,13.333333333333334,0,0,6,15,5,12.4,0,12.4,0.5,1.79,Graduate,0,0.12079064803832897,Low
1,1,6,171,1,1,126.0,1,10,10,4,4,130.2,1,0,0,1,1,1,18,0,0,0,0,0,0.0,0,0,0,0,0,0.0,0,9.4,-0.8,-3.12,Dropout,1,0.7012318088999123,High
1,1,1,9670,1,1,137.0,1,38,37,9,9,122.3,0,0,0,1,1,1,18,0,0,6,7,6,13.571428571428571,0,0,6,6,6,14.333333333333334,0,12.4,0.5,1.79,Graduate,0,0.028822674308371515,Low
1,17,4,9070,1,1,117.0,1,1,1,3,3,125.4,1,0,0,1,1,1,19,0,0,6,6,6,12.833333333333334,0,0,6,7,6,11.166666666666666,0,11.1,0.6,2.02,Graduate,0,0.08738217953432792,Low
1,43,1,9991,0,1,100.0,1,37,19,9,4,130.0,0,0,0,1,1,0,40,0,1,5,6,4,10.25,0,3,8,18,5,11.2,5,15.5,2.8,-4.06,Dropout,1,0.8048668629211617,High
1,39,1,9130,1,1,120.0,1,1,38,9,9,150.0,0,0,0,1,1,0,25,0,0,6,6,0,0.0,0,0,6,6,0,0.0,0,12.4,0.5,1.79,Dropout,1,0.9773401602089797,High
1,17,5,9119,1,1,126.0,1,38,38,5,9,116.9,1,0,1,1,1,0,20,0,0,5,5,4,14.5,0,0,6,8,3,13.333333333333334,0,11.1,0.6,2.02,Dropout,1,0.8105386876246242,High
1,17,1,9119,1,1,122.0,1,19,19,9,9,114.7,0,0,0,1,1,0,20,0,0,5,6,5,15.8,0,0,5,8,5,13.714285714285714,0,11.1,0.6,2.02,Enrolled,0,0.15032589086289322,Low
1,39,1,9003,1,1,111.0,1,37,37,9,10,95.8,1,0,0,0,1,0,43,0,0,6,0,0,0.0,0,0,6,0,0,0.0,0,15.5,2.8,-4.06,Dropout,1,0.9840000411886346,High
1,17,4,9119,1,1,139.0,1,37,19,9,4,133.1,1,0,0,1,1,0,18,0,0,5,8,4,12.5,0,0,5,7,3,14.666666666666666,1,7.6,2.6,0.32,Enrolled,0,0.27357692468555983,Low
1,43,1,9003,1,1,150.0,1,2,4,4,1,150.0,0,0,0,1,1,0,35,0,16,18,22,18,11.666666666666666,0,12,13,13,12,11.5,1,15.5,2.8,-4.06,Graduate,0,0.1343969095776133,Low
1,17,2,9991,0,1,116.0,1,37,19,9,4,118.5,0,0,0,1,1,0,23,0,0,5,6,4,13.0,0,0,5,5,5,13.0,0,7.6,2.6,0.32,Graduate,0,0.1154250052913447,Low
1,17,1,9500,1,1,130.0,1,3,3,2,2,131.1,0,0,0,1,1,0,19,0,0,7,8,7,12.12142857142857,0,0,9,12,8,11.50625,0,12.4,0.5,1.79,Graduate,0,0.14947152189874163,Low
1,53,1,9085,1,42,150.0,1,1,19,3,8,150.3,1,0,0,1,1,1,21,0,7,11,15,9,14.22222222222222,0,4,9,15,7,13.75,0,8.9,1.4,3.51,Graduate,0,0.1535693443374996,Low
1,43,1,9670,1,1,132.0,1,3,19,4,8,120.5,0,0,0,1,1,0,19,0,0,6,17,4,12.5,0,0,6,8,4,13.25,0,13.9,-0.3,0.79,Enrolled,0,0.39039525144998505,Medium
1,18,1,9119,1,1,108.0,1,1,1,4,3,105.6,1,0,0,1,1,0,20,0,0,5,7,5,12.166666666666666,0,0,5,7,5,15.285714285714286,0,12.4,0.5,1.79,Graduate,0,0.11442848663905238,Low
1,39,1,9670,1,1,133.1,1,19,19,3,3,125.3,0,1,0,1,1,1,30,0,0,6,0,0,0.0,0,0,6,0,0,0.0,0,12.4,0.5,1.79,Dropout,1,0.9586837176263081,High
4,39,1,9254,1,1,120.0,1,37,19,9,9,131.0,1,0,0,1,1,0,44,0,0,6,6,6,12.666666666666666,0,0,6,6,6,11.5,0,12.4,0.5,1.79,Graduate,0,0.07927322046396289,Low
1,18,1,9500,1,1,146.0,1,19,3,4,9,127.0,0,0,0,1,1,0,19,0,0,8,8,7,13.614285714285714,0,0,8,8,7,13.614285714285714,0,12.7,3.7,-1.7,Graduate,0,0.04041170592485166,Low
1,44,1,9130,1,39,150.0,1,2,1,3,6,150.0,1,0,0,1,1,0,22,0,11,18,32,12,12.857142857142858,1,8,12,15,10,14.3,0,16.2,0.3,-0.92,Graduate,0,0.118018930198227,Low
1,1,1,9130,1,1,160.0,1,3,3,1,2,149.2,0,0,0,1,1,0,18,0,0,5,7,4,14.0,0,0,5,5,5,14.2,0,7.6,2.6,0.32,Graduate,0,0.07506538728850362,Low
1,17,1,9670,1,1,125.0,1,37,37,9,9,121.5,1,0,0,1,1,1,21,0,0,6,8,4,14.75,0,0,6,6,5,11.8,0,12.7,3.7,-1.7,Graduate,0,0.1403671001854472,Low
1,1,2,9085,1,1,125.0,1,37,19,90,90,137.3,0,0,0,1,1,0,18,0,0,6,0,0,0.0,0,0,6,0,0,0.0,0,7.6,2.6,0.32,Dropout,1,0.962091790568658,High
1,17,4,9670,1,1,122.0,1,3,1,2,3,119.6,1,0,0,1,1,0,18,0,0,6,8,6,13.625,0,0,6,7,6,14.285714285714286,0,11.1,0.6,2.02,Graduate,0,0.09965647130943131,Low
1,1,1,171,1,1,138.0,1,1,1,4,3,141.5,0,0,0,1,1,0,19,0,0,0,0,0,0.0,0,0,0,0,0,0.0,0,7.6,2.6,0.32,Graduate,0,0.15496007423949593,Low
1,44,1,9003,1,39,150.0,1,1,38,6,6,150.0,1,0,0,1,1,0,21,0,0,6,12,4,11.8,0,0,6,11,4,11.875,0,16.2,0.3,-0.92,Dropout,1,0.36388965651461014,Medium
1,39,1,9003,1,1,140.0,1,3,3,2,2,110.0,0,0,0,1,1,0,31,0,0,6,8,6,15.125,0,0,6,10,6,14.6,0,16.2,0.3,-0.92,Graduate,0,0.10727736428961474,Low
1,17,5,9254,1,1,113.0,1,1,1,2,3,110.2,1,0,0,1,1,0,21,0,0,6,10,4,11.5,0,0,6,10,2,10.5,0,9.4,-0.8,-3.12,Dropout,1,0.8270075993049786,High
1,39,1,9119,1,1,139.0,1,19,19,9,7,110.3,0,0,1,1,1,0,24,0,0,5,12,1,10.0,0,0,5,11,1,11.0,0,8.9,1.4,3.51,Enrolled,0,0.5187756373520621,Medium
1,42,1,9773,1,1,133.1,1,19,6,4,3,120.0,0,0,0,1,1,0,27,0,0,4,8,0,0.0,0,0,5,10,0,0.0,0,9.4,-0.8,-3.12,Dropout,1,0.9737281417433186,High
1,1,5,9147,1,1,118.0,1,19,19,9,9,114.2,1,0,0,1,1,0,20,0,0,5,9,3,10.333333333333334,0,0,5,6,5,12.8,0,12.4,0.5,1.79,Graduate,0,0.1093528304645225,Low
1,44,1,9119,1,39,140.0,1,1,19,4,5,140.0,1,0,0,1,1,0,22,0,0,5,9,0,0.0,0,0,5,6,2,11.666666666666666,0,10.8,1.4,1.74,Enrolled,0,0.7088553205510165,High
1,1,1,9003,1,1,144.0,1,19,19,9,9,132.8,0,0,0,1,1,1,19,0,0,6,9,4,12.0,2,0,6,10,4,12.5,0,15.5,2.8,-4.06,Enrolled,0,0.27843114711149325,Low
1,18,1,9773,1,1,125.0,1,1,1,4,7,121.5,1,0,0,1,1,0,19,0,0,6,6,6,13.833333333333334,0,0,6,6,6,14.5,0,8.9,1.4,3.51,Graduate,0,0.07590819923976871,Low
1,1,1,171,1,1,131.0,1,1,1,7,4,127.2,1,0,1,1,1,0,23,0,13,17,19,13,12.153846153846152,0,10,17,28,11,11.909090909090908,1,11.1,0.6,2.02,Enrolled,0,0.14681880832566072,Low
1,17,1,9130,1,1,131.0,1,12,12,2,8,128.2,1,0,0,1,1,0,18,0,0,6,7,6,14.0,0,0,6,8,6,13.666666666666666,0,12.4,0.5,1.79,Graduate,0,0.08710771444107891,Low
1,1,1,9773,1,1,140.0,1,3,2,4,6,133.4,1,0,0,0,1,0,29,0,0,6,8,6,16.5,0,0,6,6,5,13.8,0,11.1,0.6,2.02,Enrolled,0,0.1484240242117797,Low
1,39,1,9130,1,1,133.1,1,1,19,4,5,120.0,1,0,0,1,1,0,29,0,0,5,11,1,18.0,2,0,5,10,3,13.333333333333334,2,10.8,1.4,1.74,Dropout,1,0.780912865193513,High
1,44,1,9003,1,1,140.0,1,1,1,4,5,140.0,0,0,0,1,1,0,20,0,0,6,11,6,11.285714285714286,0,0,6,12,5,11.77777777777778,0,16.2,0.3,-0.92,Enrolled,0,0.07735828269438651,Low
1,1,5,171,1,1,139.0,1,19,3,9,2,136.9,1,0,0,1,1,1,19,0,0,0,0,0,0.0,0,0,0,0,0,0.0,0,9.4,-0.8,-3.12,Graduate,0,0.12965798678956575,Low
1,17,3,171,1,1,125.0,1,3,39,2,5,117.0,1,1,0,1,1,0,22,0,0,0,0,0,0.0,0,0,0,0,0,0.0,0,10.8,1.4,1.74,Enrolled,0,0.2838313338884697,Low
1,1,2,9670,1,1,117.0,1,3,1,3,5,110.7,1,0,0,1,1,0,20,0,0,6,10,5,14.0,0,0,6,10,6,12.0,0,11.1,0.6,2.02,Enrolled,0,0.0982148487970313,Low
1,39,1,9130,1,1,150.0,1,19,19,9,5,160.0,1,0,0,1,1,0,24,0,0,5,13,4,13.75,1,0,5,9,3,12.0,0,9.4,-0.8,-3.12,Enrolled,0,0.3665070307006859,Medium
1,1,1,9670,1,1,95.0,1,37,37,5,8,95.0,0,0,0,0,1,0,21,0,0,6,9,4,13.25,0,0,6,6,5,11.0,0,12.7,3.7,-1.7,Dropout,1,0.8126378676246488,High
1,39,1,9147,1,1,150.0,1,37,1,7,3,148.8,0,0,0,1,1,1,25,0,0,5,7,4,14.25,0,0,5,7,4,14.75,0,12.7,3.7,-1.7,Graduate,0,0.12357871581809446,Low
1,39,1,9147,1,1,120.0,1,37,37,9,9,110.0,0,0,0,0,1,0,32,0,0,5,9,0,0.0,1,0,5,5,0,0.0,0,9.4,-0.8,-3.12,Dropout,1,0.9907418325688574,High
1,43,1,9991,0,1,136.0,1,3,4,2,2,133.9,0,0,0,0,1,0,26,0,8,12,12,8,11.25,0,3,8,8,3,11.333333333333334,0,7.6,2.6,0.32,Dropout,1,0.9587283390196203,High
1,1,1,9130,1,1,133.0,1,2,37,9,7,125.7,1,0,0,1,1,1,18,0,0,6,7,6,13.5,0,0,6,8,6,12.5,0,12.4,0.5,1.79,Graduate,0,0.04013566011634178,Low
1,17,1,9254,1,1,125.0,1,1,19,4,7,116.6,0,0,0,1,1,1,19,0,0,6,8,5,12.666666666666666,0,0,6,10,6,12.857142857142858,0,16.2,0.3,-0.92,Graduate,0,0.07296549654098938,Low
1,1,3,9070,1,1,127.0,1,19,38,5,7,141.0,1,0,0,1,1,1,19,0,0,6,6,6,15.166666666666666,0,0,6,6,6,12.333333333333334,0,12.4,0.5,1.79,Graduate,0,0.06457746536977033,Low
1,7,1,9119,1,40,130.0,1,1,1,4,4,130.0,0,0,0,1,1,0,27,0,4,6,6,6,13.166666666666666,0,2,5,7,5,15.142857142857142,0,11.1,0.6,2.02,Dropout,1,0.6919036236991573,High
1,53,1,9003,1,1,130.0,1,19,1,9,9,130.0,0,0,1,1,1,0,21,0,7,12,20,10,11.8,0,5,12,15,9,11.444444444444445,0,8.9,1.4,3.51,Enrolled,0,0.16585566036981778,Low
1,17,1,9119,1,1,127.0,1,19,1,4,5,115.8,0,0,0,1,1,0,20,0,0,5,10,4,11.5,0,0,5,11,0,0.0,0,13.9,-0.3,0.79,Enrolled,0,0.8360587843871164,High
1,44,1,9070,1,39,140.0,1,19,38,4,0,140.0,1,0,0,1,1,0,21,0,0,6,6,6,14.5,0,0,6,8,6,11.333333333333334,0,12.4,0.5,1.79,Graduate,0,0.06546834135630895,Low
1,1,5,9773,1,1,125.0,1,37,3,5,2,126.1,1,0,0,1,1,0,22,0,0,6,10,5,13.4,0,0,6,12,3,10.666666666666666,0,9.4,-0.8,-3.12,Enrolled,0,0.19653769329742324,Low
1,1,1,171,1,1,135.0,1,1,38,5,7,137.5,1,0,1,0,1,0,19,0,0,0,0,0,0.0,0,0,0,0,0,0.0,0,12.7,3.7,-1.7,Graduate,0,0.27384169894609023,Low
1,17,4,9147,1,1,132.0,1,38,19,5,5,120.8,1,0,0,1,1,1,18,0,0,5,8,4,10.8,0,0,5,10,2,12.5,0,11.1,0.6,2.02,Dropout,1,0.7664009246674365,High
1,39,2,9238,1,1,110.0,1,19,1,5,5,136.5,0,0,0,1,1,0,28,0,0,5,6,0,0.0,0,0,5,5,0,0.0,0,13.9,-0.3,0.79,Dropout,1,0.9637754078842125,High
2,39,1,9003,1,1,130.0,1,1,37,9,1,122.0,0,0,1,0,1,0,25,0,3,10,23,6,11.428571428571429,0,2,7,15,4,12.0,1,15.5,2.8,-4.06,Dropout,1,0.9013217692090417,High
1,43,1,9003,1,1,130.0,1,37,1,5,4,130.0,0,0,0,1,1,0,25,0,8,14,24,8,12.5,2,6,13,23,10,11.6,0,15.5,2.8,-4.06,Dropout,1,0.6894085640989148,High
1,1,1,9147,1,1,135.0,1,38,19,9,5,126.3,0,0,0,1,1,0,18,0,0,5,11,2,13.5,0,0,5,11,3,12.333333333333334,0,8.9,1.4,3.51,Enrolled,0,0.21899777539398946,Low
1,1,1,9254,1,1,133.1,1,4,19,4,5,98.0,0,0,0,1,1,0,26,0,0,6,6,0,0.0,0,0,6,12,0,0.0,0,10.8,1.4,1.74,Dropout,1,0.9736586525770903,High
1,17,3,9147,1,1,135.0,1,37,37,6,5,121.0,1,0,0,1,1,1,18,0,0,5,8,5,12.75,0,0,5,7,5,11.5,0,13.9,-0.3,0.79,Graduate,0,0.07119601021926787,Low
1,43,1,9773,1,1,128.0,1,19,38,9,7,124.2,1,0,0,1,1,0,22,0,0,6,17,3,11.333333333333334,3,0,6,14,3,12.333333333333334,0,15.5,2.8,-4.06,Enrolled,0,0.3676241341577946,Medium
1,39,1,9003,1,1,140.0,1,1,3,4,5,130.0,0,0,0,1,1,0,25,0,0,6,8,0,0.0,0,0,6,10,0,0.0,0,16.2,0.3,-0.92,Dropout,1,0.9872786298876353,High
1,1,2,9773,1,1,135.0,1,3,1,4,4,136.1,1,0,0,1,1,0,19,0,0,6,9,5,11.4,0,0,6,13,5,12.4,0,8.9,1.4,3.51,Enrolled,0,0.16778028899075925,Low
1,17,2,9773,1,1,131.0,1,3,19,2,3,132.8,1,0,0,1,1,0,19,0,0,6,7,6,14.428571428571429,0,0,6,7,6,14.571428571428571,0,13.9,-0.3,0.79,Graduate,0,0.0830273565842735,Low
1,17,1,9500,1,1,131.0,1,1,1,5,5,126.3,0,0,0,1,1,0,19,0,0,7,9,7,12.492857142857144,0,0,8,10,8,11.7125,0,16.2,0.3,-0.92,Graduate,0,0.061347670236931065,Low
4,39,1,8014,0,19,100.0,1,1,37,9,1,111.5,0,0,0,1,1,0,45,0,2,8,10,4,11.5,0,2,8,13,4,11.0,0,10.8,1.4,1.74,Dropout,1,0.6132741618771566,High
2,39,1,9991,0,1,140.0,1,37,37,9,9,118.2,0,0,0,1,1,0,52,0,0,5,7,5,11.2,0,0,5,6,5,12.8,1,7.6,2.6,0.32,Graduate,0,0.12249489727095737,Low
1,1,1,9147,1,1,124.0,1,19,19,9,3,115.6,1,0,0,0,1,0,20,0,0,5,9,3,12.0,1,0,5,7,3,11.0,0,9.4,-0.8,-3.12,Dropout,1,0.7848966849428136,High
1,1,1,9500,1,1,130.0,1,38,37,5,10,117.8,1,0,0,1,1,0,19,0,0,8,8,7,15.885714285714286,0,0,8,8,7,15.885714285714286,0,10.8,1.4,1.74,Graduate,0,0.0563964599051223,Low
1,1,1,9500,1,1,142.0,1,1,38,9,9,127.0,0,0,1,0,1,0,21,0,0,7,12,4,12.94,0,0,7,12,4,11.58,0,12.4,0.5,1.79,Dropout,1,0.9243107459579681,High
2,39,1,8014,0,1,150.0,1,37,37,9,9,140.0,0,0,0,0,1,0,35,0,0,6,6,6,14.0,0,0,6,6,6,14.166666666666666,0,9.4,-0.8,-3.12,Graduate,0,0.27282385109068,Low
2,39,1,171,1,12,110.0,1,37,37,7,7,106.0,1,0,0,1,1,0,36,0,0,0,0,0,0.0,0,0,0,0,0,0.0,0,7.6,2.6,0.32,Graduate,0,0.3733363582791318,Medium
4,39,1,9500,1,19,110.0,1,37,38,5,5,151.0,0,0,1,0,1,0,47,0,0,7,7,0,0.0,7,0,8,8,0,0.0,8,15.5,2.8,-4.06,Dropout,1,0.928166491390252,High
1,18,1,9991,0,1,112.0,1,43,40,2,2,106.4,0,0,0,1,1,0,22,0,0,5,0,0,0.0,0,0,5,0,0,0.0,0,8.9,1.4,3.51,Dropout,1,0.9642545546121799,High
2,39,1,9991,0,1,100.0,1,37,37,9,9,125.3,1,0,0,1,1,0,41,0,0,5,8,4,11.25,0,0,5,8,3,11.0,1,7.6,2.6,0.32,Dropout,1,0.7259337289640116,High
1,7,1,9119,1,3,130.0,1,34,34,90,90,130.0,0,0,0,1,1,0,26,0,0,5,5,0,0.0,0,0,5,6,0,0.0,0,10.8,1.4,1.74,Dropout,1,0.9891203396234033,High
2,39,1,8014,0,1,133.1,1,34,34,90,90,116.0,0,0,0,0,0,0,51,0,0,6,13,4,11.25,0,0,6,12,0,0.0,1,10.8,1.4,1.74,Dropout,1,0.9748945412499604,High
2,39,2,9991,0,1,150.0,1,37,37,9,9,120.0,0,0,0,1,0,0,43,0,0,5,11,3,10.666666666666666,0,1,5,10,4,12.5,0,9.4,-0.8,-3.12,Enrolled,0,0.4867388319083647,Medium
2,39,2,8014,0,1,100.0,1,34,34,0,0,100.0,1,0,0,1,0,0,41,0,0,6,9,5,11.8,0,1,6,10,3,10.666666666666666,1,7.6,2.6,0.32,Graduate,0,0.510124265534287,Medium
1,43,2,9147,1,1,130.0,1,34,37,9,9,118.5,1,0,0,1,1,0,23,0,5,10,19,8,11.625,1,4,10,16,10,11.181818181818182,3,7.6,2.6,0.32,Graduate,0,0.32984978090947836,Medium
1,43,2,9238,1,1,129.0,1,34,30,0,5,118.9,1,0,0,1,1,0,22,0,0,6,11,0,0.0,0,0,5,10,0,0.0,0,9.4,-0.8,-3.12,Dropout,1,0.9373676087153151,High
1,17,2,9070,1,1,127.0,1,37,37,9,9,119.3,1,1,0,1,1,1,25,0,0,6,8,4,10.25,0,0,6,6,4,11.25,0,12.7,3.7,-1.7,Dropout,1,0.7390537822958989,High
1,43,1,9991,0,1,140.0,1,37,37,9,9,135.8,1,0,0,1,1,0,25,0,14,15,16,15,10.8,0,13,14,14,14,11.357142857142858,0,9.4,-0.8,-3.12,Graduate,0,0.16653284341937694,Low
1,53,1,171,1,42,130.0,1,1,19,9,9,130.0,1,0,0,0,1,1,22,0,5,12,15,11,12.545454545454543,0,4,11,16,11,12.666666666666666,0,8.9,1.4,3.51,Graduate,0,0.29806772613040633,Low
1,39,1,9003,1,1,133.1,6,1,1,192,144,129.8,0,0,0,1,1,0,24,1,0,7,7,7,13.571428571428571,0,0,6,9,5,13.4,0,8.9,1.4,3.51,Enrolled,0,0.16932720602016224,Low
1,39,1,9085,1,2,140.0,1,38,38,9,10,150.0,0,0,0,1,1,0,47,0,0,6,0,0,0.0,0,0,6,0,0,0.0,0,16.2,0.3,-0.92,Dropout,1,0.9799699129921419,High
2,39,1,9991,0,19,133.1,1,37,37,5,5,111.9,1,0,0,1,1,0,41,0,0,5,5,0,0.0,0,0,5,5,0,0.0,0,7.6,2.6,0.32,Dropout,1,0.9863906346190097,High
1,39,1,9003,1,1,120.0,1,37,37,9,9,150.1,1,0,0,1,1,0,43,0,0,6,9,6,14.77777777777778,0,0,6,11,5,12.2,0,13.9,-0.3,0.79,Graduate,0,0.0804995045517138,Low
1,39,1,9003,1,1,133.1,1,1,37,9,8,130.0,0,0,0,1,1,0,29,0,0,3,4,0,0.0,0,0,4,8,0,0.0,0,16.2,0.3,-0.92,Dropout,1,0.9760837113221142,High
1,39,2,9119,1,1,120.0,1,37,37,5,5,128.0,0,0,0,1,1,0,30,0,0,2,2,0,0.0,0,0,2,2,0,0.0,0,7.6,2.6,0.32,Dropout,1,0.9705007686927979,High
1,39,2,9147,1,38,133.1,1,19,38,9,9,102.5,0,0,0,0,1,0,26,0,0,4,4,0,0.0,0,0,5,0,0,0.0,0,12.7,3.7,-1.7,Dropout,1,0.9975956107283942,High
1,39,2,9991,0,1,133.1,1,19,38,9,9,102.5,0,0,0,0,1,0,27,0,0,5,10,0,0.0,0,0,5,5,0,0.0,0,15.5,2.8,-4.06,Dropout,1,0.9898695074021138,High
2,39,2,9670,1,1,100.0,1,37,37,9,9,110.0,0,0,0,1,1,1,36,0,0,5,5,5,11.4,0,0,5,7,5,11.6,0,9.4,-0.8,-3.12,Graduate,0,0.14665911523659145,Low
1,39,1,9003,1,19,133.1,1,1,19,4,10,114.0,0,0,0,1,1,0,29,0,3,9,13,6,11.666666666666666,0,2,7,10,6,10.857142857142858,0,15.5,2.8,-4.06,Dropout,1,0.7131401725120741,High
1,42,1,9119,1,1,120.0,1,34,34,0,0,128.2,1,0,0,1,1,0,35,0,6,10,12,7,11.285714285714286,0,2,8,8,5,13.0,0,9.4,-0.8,-3.12,Dropout,1,0.811727227918374,High
1,1,1,9773,1,1,128.0,1,38,38,6,3,116.5,0,0,0,1,1,1,18,0,0,6,12,4,11.5,0,0,6,10,5,12.6,0,10.8,1.4,1.74,Graduate,0,0.24389694478091045,Low
1,1,1,9991,0,1,172.0,1,38,37,9,9,149.3,0,0,0,1,1,1,24,0,0,5,5,5,16.0,0,0,5,5,5,16.0,0,8.9,1.4,3.51,Graduate,0,0.0953276070563724,Low
1,1,3,9773,1,1,146.0,1,38,38,9,7,134.1,1,0,0,1,1,1,18,0,0,6,6,6,12.5,0,0,6,7,6,12.666666666666666,0,10.8,1.4,1.74,Dropout,1,0.4067567982659745,Medium
1,17,4,9119,1,1,135.0,1,38,37,5,7,126.6,1,0,0,1,1,0,18,0,0,5,7,4,12.0,0,0,5,10,3,13.0,3,7.6,2.6,0.32,Enrolled,0,0.26040333210998956,Low
2,43,1,9085,1,1,160.0,1,37,37,9,7,120.0,0,0,0,1,1,0,21,0,0,5,11,0,0.0,2,0,5,11,3,11.666666666666666,1,9.4,-0.8,-3.12,Enrolled,0,0.28475546090507436,Low
1,42,1,9119,1,1,150.0,1,38,37,5,8,133.5,1,0,0,1,1,0,21,0,0,5,10,5,13.0,0,0,5,10,5,12.6,0,9.4,-0.8,-3.12,Graduate,0,0.11136803144070657,Low
1,39,1,9003,1,1,130.0,1,1,3,2,6,110.0,0,0,0,1,1,0,32,0,8,18,27,13,13.714285714285714,1,7,12,18,12,12.083333333333334,0,15.5,2.8,-4.06,Graduate,0,0.16344187681056843,Low
1,1,4,9119,1,1,111.0,1,37,37,9,5,107.5,1,0,0,1,1,1,22,0,0,5,9,3,12.333333333333334,0,0,6,14,3,12.5,0,11.1,0.6,2.02,Dropout,1,0.7271068897407715,High
1,7,1,9003,1,3,130.0,1,1,38,9,7,130.0,1,0,0,0,1,0,32,0,11,17,31,11,12.727272727272728,4,10,12,24,10,12.7,1,15.5,2.8,-4.06,Dropout,1,0.8228625170324109,High
1,43,1,9670,1,6,170.0,1,34,34,0,0,111.6,0,0,0,1,1,0,35,0,1,5,5,1,14.0,0,0,5,5,0,0.0,0,9.4,-0.8,-3.12,Dropout,1,0.9416363997812088,High
1,18,3,9147,1,1,133.1,1,1,38,4,7,101.0,1,0,0,0,1,0,23,0,0,5,0,0,0.0,0,0,5,0,0,0.0,0,8.9,1.4,3.51,Dropout,1,0.9374885441128685,High
1,39,1,8014,0,1,100.0,1,37,37,6,6,108.3,0,0,0,1,1,0,39,0,0,6,8,5,11.4,0,1,6,12,3,11.0,1,7.6,2.6,0.32,Enrolled,0,0.2905308485010441,Low
2,43,1,9670,1,1,120.0,1,34,34,0,0,128.2,0,0,0,1,1,0,35,0,0,5,5,0,0.0,0,0,5,5,1,10.0,0,9.4,-0.8,-3.12,Dropout,1,0.9539035620541705,High
2,39,1,9003,1,3,110.0,1,3,19,4,6,150.0,0,0,0,1,1,0,32,0,0,6,8,6,18.875,0,6,12,14,12,17.692307692307693,0,16.2,0.3,-0.92,Graduate,0,0.33984505305200796,Medium
1,1,1,9853,1,1,133.1,1,34,34,0,0,142.8,0,0,0,1,1,0,20,0,0,6,12,0,0.0,0,0,6,12,0,0.0,0,7.6,2.6,0.32,Dropout,1,0.9590102674491866,High
1,39,1,9500,1,1,120.0,1,37,37,9,9,100.0,0,0,0,1,1,0,34,0,0,7,15,6,11.333333333333334,0,0,7,16,4,12.6,0,16.2,0.3,-0.92,Enrolled,0,0.3103325200534075,Medium
1,7,1,9991,0,40,150.0,1,37,37,6,6,150.0,1,0,0,1,1,0,44,0,3,7,9,7,13.5,0,0,5,6,5,16.2,0,8.9,1.4,3.51,Dropout,1,0.7501295882485246,High
2,39,1,9254,1,19,133.1,1,37,19,9,10,156.5,0,0,0,1,1,0,53,0,7,11,12,2,15.0,7,4,9,10,3,10.0,4,16.2,0.3,-0.92,Graduate,0,0.7319797356090355,High
1,39,1,9119,1,19,120.0,1,37,37,9,4,98.6,0,0,1,0,1,0,28,0,0,5,10,0,0.0,0,0,5,7,0,0.0,0,12.4,0.5,1.79,Dropout,1,0.9876468991354088,High
1,7,1,9991,0,3,130.0,1,37,37,9,9,130.0,0,0,0,1,1,0,31,0,9,9,9,9,14.22222222222222,0,5,5,5,5,12.8,0,12.7,3.7,-1.7,Dropout,1,0.7691649330409757,High
1,1,1,171,1,1,130.0,1,1,38,5,9,118.1,0,0,1,0,1,0,18,0,0,0,0,0,0.0,0,0,0,0,0,0.0,0,9.4,-0.8,-3.12,Enrolled,0,0.7045584795321637,High
1,39,1,9003,1,1,100.0,1,1,3,9,10,120.0,0,0,1,0,1,0,44,0,2,7,14,4,12.0,2,0,6,16,0,0.0,1,15.5,2.8,-4.06,Dropout,1,0.9397555571116224,High
1,1,1,9085,1,1,142.0,1,1,1,9,9,127.7,1,0,0,1,1,0,19,0,0,5,9,5,12.6,1,0,5,8,4,12.0,0,12.7,3.7,-1.7,Graduate,0,0.07193060776087329,Low
1,15,1,171,1,1,130.0,26,1,1,2,9,130.0,0,0,0,1,1,0,21,1,6,12,12,12,15.083333333333334,0,4,11,15,11,13.083333333333334,0,8.9,1.4,3.51,Enrolled,0,0.11167581135638063,Low
1,18,1,9119,1,1,148.0,1,3,19,3,5,147.7,0,0,0,1,1,1,18,0,0,5,5,0,0.0,0,0,5,5,0,0.0,0,9.4,-0.8,-3.12,Dropout,1,0.890092317905086,High
1,44,1,9003,1,39,170.0,1,19,19,5,5,170.0,1,0,0,1,1,0,20,0,0,6,8,6,14.5,0,0,6,10,6,15.3,0,16.2,0.3,-0.92,Graduate,0,0.07598974161067097,Low
1,39,1,9070,1,1,110.0,1,37,37,7,7,110.2,0,0,0,1,1,0,55,0,0,6,6,6,14.5,0,0,6,6,6,13.5,0,11.1,0.6,2.02,Graduate,0,0.06828117601678559,Low
1,1,1,9147,1,1,166.0,1,19,37,4,8,146.4,0,0,0,1,1,0,27,0,0,5,12,3,10.0,0,0,5,12,1,13.0,0,7.6,2.6,0.32,Enrolled,0,0.44027622309731895,Medium
1,17,2,9119,1,1,135.0,1,12,19,5,5,121.0,0,0,0,1,1,0,19,0,0,5,0,0,0.0,0,0,5,0,0,0.0,0,12.4,0.5,1.79,Dropout,1,0.9848873939655336,High
1,1,1,9147,1,1,133.0,1,19,37,9,9,129.9,0,0,0,1,1,0,18,0,0,5,5,5,11.6,0,0,5,5,5,13.2,0,12.4,0.5,1.79,Graduate,0,0.033322514560340494,Low
2,39,1,9773,1,1,133.1,1,37,37,7,4,132.0,0,0,0,1,1,0,43,0,0,6,10,4,11.75,0,0,6,7,0,0.0,0,15.5,2.8,-4.06,Dropout,1,0.9772539986020244,High
1,18,3,9254,1,1,121.0,1,19,19,9,6,125.9,1,0,0,1,1,0,18,0,0,6,0,0,0.0,0,0,6,0,0,0.0,0,13.9,-0.3,0.79,Dropout,1,0.9936354839083752,High
1,1,1,171,1,1,159.0,1,3,3,2,2,165.7,1,0,0,1,1,0,18,0,0,0,0,0,0.0,0,0,0,0,0,0.0,0,9.4,-0.8,-3.12,Dropout,1,0.7300470846718742,High
1,17,5,9254,1,1,130.0,1,37,38,9,9,122.7,1,0,1,1,1,1,20,0,0,6,7,0,0.0,0,0,6,6,0,0.0,0,8.9,1.4,3.51,Dropout,1,0.9315923444793723,High
2,39,1,9991,0,1,121.0,1,37,19,9,9,141.4,0,0,1,0,1,0,29,0,0,5,7,4,11.25,0,0,5,8,4,11.8,0,10.8,1.4,1.74,Dropout,1,0.940218307619651,High
1,39,1,9130,1,19,133.1,1,37,37,9,10,156.4,1,0,1,1,1,0,44,0,0,6,9,5,11.571428571428571,0,0,6,11,0,0.0,0,13.9,-0.3,0.79,Dropout,1,0.8089277561275245,High
1,1,1,9119,1,1,146.0,1,37,37,9,9,148.5,1,0,0,1,1,0,18,0,0,5,7,4,10.0,0,0,5,8,1,16.0,0,10.8,1.4,1.74,Enrolled,0,0.24388090920638064,Low
1,44,1,9003,1,39,140.0,1,37,37,9,1,140.0,0,0,0,1,1,1,20,0,0,6,11,5,13.833333333333334,0,0,6,13,6,12.3,0,15.5,2.8,-4.06,Enrolled,0,0.0875528116121455,Low
1,43,1,9070,1,1,125.0,1,38,37,8,7,131.7,1,0,0,1,1,0,20,0,3,6,6,4,12.75,0,3,9,12,3,12.666666666666666,0,12.4,0.5,1.79,Dropout,1,0.7986526469749894,High
2,39,2,9147,1,1,120.0,1,37,37,9,9,104.7,1,0,0,1,1,0,36,0,0,4,4,0,0.0,0,0,5,9,0,0.0,0,10.8,1.4,1.74,Dropout,1,0.9763047262875527,High
1,44,1,9130,1,39,150.0,1,5,1,2,5,150.0,1,0,0,1,1,0,19,0,1,6,13,5,11.6,0,1,6,12,2,11.0,0,13.9,-0.3,0.79,Enrolled,0,0.4363720420375625,Medium
2,39,1,9085,1,19,110.0,1,37,37,90,90,110.0,0,0,0,0,1,0,29,0,0,5,5,0,0.0,0,0,5,5,0,0.0,0,12.7,3.7,-1.7,Dropout,1,0.9882913400530097,High
1,1,1,9670,1,1,120.0,1,1,1,9,9,129.1,1,0,0,1,1,0,18,0,0,6,6,4,11.25,0,0,6,10,3,10.333333333333334,0,10.8,1.4,1.74,Dropout,1,0.7673544580062215,High
1,39,1,9003,1,1,133.1,1,1,1,1,6,120.0,0,0,0,0,1,0,24,0,0,6,0,0,0.0,0,0,6,0,0,0.0,0,13.9,-0.3,0.79,Dropout,1,0.9882308291106311,High
1,1,1,9773,1,1,133.1,1,3,19,2,5,127.0,0,0,0,1,1,0,20,0,0,6,6,6,14.333333333333334,0,0,6,7,6,15.0,0,15.5,2.8,-4.06,Graduate,0,0.04959351173555373,Low
2,39,1,8014,0,19,133.1,1,19,37,9,9,151.5,0,0,1,0,1,0,45,0,0,6,7,0,0.0,0,0,5,5,0,0.0,0,16.2,0.3,-0.92,Dropout,1,0.9891762459654306,High
1,43,2,9500,1,1,130.0,1,38,37,4,4,126.8,1,0,0,1,1,1,28,0,18,23,23,20,13.5,3,18,23,23,20,13.5,3,7.6,2.6,0.32,Graduate,0,0.15598113005231157,Low
1,1,1,9254,1,1,160.0,1,19,38,9,9,140.8,1,0,0,1,1,0,23,0,0,6,8,6,12.666666666666666,0,0,6,10,5,12.2,0,7.6,2.6,0.32,Enrolled,0,0.08884402633197395,Low
1,1,1,9500,1,1,128.0,1,1,19,4,7,125.6,1,0,0,1,1,0,18,0,0,7,7,7,12.444285714285714,0,0,8,11,7,11.347142857142858,0,12.4,0.5,1.79,Graduate,0,0.05528954290674644,Low
1,1,2,9147,1,1,140.0,1,19,19,9,4,127.8,1,0,0,1,1,0,23,0,0,5,7,3,10.666666666666666,1,0,5,7,3,11.333333333333334,0,9.4,-0.8,-3.12,Dropout,1,0.7437941700681465,High
1,43,1,171,1,1,120.0,1,3,3,2,2,120.0,1,0,0,1,1,0,22,0,0,0,0,0,0.0,0,0,0,0,0,0.0,0,7.6,2.6,0.32,Enrolled,0,0.29949104437226143,Low
1,1,1,9070,1,1,140.0,1,19,19,5,5,131.3,0,0,0,1,1,1,22,0,1,6,6,6,12.666666666666666,0,1,6,6,5,12.4,0,12.4,0.5,1.79,Graduate,0,0.07922754465440124,Low
1,39,1,9991,0,12,120.0,1,37,38,5,5,155.7,0,0,0,1,1,0,33,0,0,5,5,5,13.2,0,0,5,6,5,14.833333333333334,0,10.8,1.4,1.74,Graduate,0,0.0763889563040901,Low
1,53,1,9003,1,42,130.0,1,1,38,9,6,128.5,0,0,0,1,1,0,21,0,7,12,20,10,12.7,0,5,12,14,11,12.181818181818182,0,8.9,1.4,3.51,Graduate,0,0.06744157865031586,Low
2,39,1,9147,1,1,100.0,1,37,37,9,5,170.0,0,0,0,1,1,0,45,0,0,5,6,5,14.833333333333334,0,0,5,5,5,14.8,0,15.5,2.8,-4.06,Graduate,0,0.09133852090699221,Low
2,39,1,9003,1,1,133.1,1,37,37,9,9,100.0,0,0,0,0,1,0,44,0,4,10,10,4,11.5,0,1,7,8,1,12.0,0,15.5,2.8,-4.06,Dropout,1,0.8802449178508582,High
4,39,1,9670,1,1,110.0,1,19,19,90,99,107.2,0,0,0,1,1,0,42,0,0,6,0,0,0.0,0,0,6,0,0,0.0,0,12.7,3.7,-1.7,Dropout,1,0.9615054734941105,High
1,18,1,9147,1,1,147.0,1,19,1,9,7,139.3,1,0,0,1,1,0,20,0,0,5,0,0,0.0,0,0,5,0,0,0.0,0,12.4,0.5,1.79,Dropout,1,0.9570505844290723,High
1,17,6,9147,1,1,133.0,1,19,38,5,6,123.2,1,0,0,1,1,0,20,0,0,5,7,3,12.666666666666666,1,0,5,12,2,12.5,0,9.4,-0.8,-3.12,Enrolled,0,0.5327098258615245,Medium
1,1,2,9254,1,1,137.0,1,1,38,2,8,122.3,1,0,0,1,1,1,20,0,0,6,7,6,14.714285714285714,0,0,6,6,6,12.5,0,8.9,1.4,3.51,Graduate,0,0.0393799082753878,Low
1,17,2,9773,1,1,124.0,1,1,1,4,4,127.9,1,0,0,1,1,0,20,0,0,6,11,3,13.666666666666666,0,0,6,13,4,10.25,0,9.4,-0.8,-3.12,Enrolled,0,0.30879741190096294,Medium
1,1,2,9147,1,1,128.0,1,1,1,9,6,120.3,0,0,0,1,1,0,19,0,0,5,9,5,10.8,0,0,5,13,2,13.5,0,8.9,1.4,3.51,Enrolled,0,0.15786958828852712,Low
1,51,1,8014,0,1,120.0,1,1,1,4,4,128.5,0,0,1,0,1,0,26,0,2,8,13,4,10.5,0,5,10,16,7,10.428571428571429,0,12.4,0.5,1.79,Dropout,1,0.9025348758640565,High
2,39,1,9003,1,1,133.1,1,37,37,8,7,150.0,0,0,0,1,1,0,31,0,0,6,10,6,15.0,0,0,6,11,5,12.5,0,13.9,-0.3,0.79,Graduate,0,0.09593292809721578,Low
1,1,1,9773,1,1,142.0,1,1,19,9,9,136.1,0,0,1,1,1,1,19,0,0,6,6,6,12.666666666666666,0,0,6,6,6,14.0,0,16.2,0.3,-0.92,Graduate,0,0.07222735366522368,Low
1,39,1,9773,1,19,100.0,1,37,37,0,0,128.0,1,0,0,1,1,0,28,0,0,6,7,6,13.166666666666666,0,0,6,6,6,13.666666666666666,0,7.6,2.6,0.32,Graduate,0,0.07991249466076789,Low
1,1,1,171,1,1,149.0,1,19,37,9,9,158.1,1,0,0,1,1,1,20,0,0,0,0,0,0.0,0,0,0,0,0,0.0,0,10.8,1.4,1.74,Graduate,0,0.11117371553850149,Low
2,1,2,8014,0,1,110.0,1,37,1,9,10,108.7,1,0,0,1,0,0,43,0,0,6,6,6,13.0,0,0,6,6,6,12.5,0,9.4,-0.8,-3.12,Graduate,0,0.03572164834373778,Low
1,39,1,171,1,19,133.1,101,1,19,2,7,110.0,0,0,0,1,1,1,25,1,0,0,0,0,0.0,0,0,0,0,0,0.0,0,15.5,2.8,-4.06,Dropout,1,0.7934621212121211,High
1,39,1,9238,1,19,133.1,1,37,37,9,9,120.0,0,1,1,1,0,0,40,0,0,6,13,2,10.0,0,0,6,10,1,15.0,0,16.2,0.3,-0.92,Dropout,1,0.9439094222326806,High
1,44,1,9085,1,39,150.0,6,5,4,1,1,150.0,0,0,0,1,0,0,20,1,2,6,7,6,13.333333333333334,0,1,6,16,5,13.375,0,12.4,0.5,1.79,Graduate,0,0.09155640149726224,Low
2,39,1,8014,0,12,133.1,1,37,37,9,1,113.0,0,0,0,1,0,0,46,0,0,6,13,3,12.333333333333334,0,0,6,6,6,13.333333333333334,0,11.1,0.6,2.02,Graduate,0,0.16708462115260864,Low
1,51,1,33,1,1,121.0,1,19,37,5,7,118.6,0,0,0,1,0,0,26,0,14,21,23,20,13.181818181818182,0,10,14,18,14,11.642857142857142,0,8.9,1.4,3.51,Graduate,0,0.11237039616436356,Low
2,39,1,9500,1,1,133.1,1,3,1,5,5,148.8,0,0,0,1,0,1,34,0,0,7,7,6,12.513333333333334,0,0,8,9,7,13.071428571428571,0,12.4,0.5,1.79,Graduate,0,0.04088267683387023,Low
1,18,3,9853,1,1,122.0,1,38,37,9,5,120.3,1,0,0,1,0,0,19,0,0,6,0,0,0.0,0,0,6,0,0,0.0,0,10.8,1.4,1.74,Dropout,1,0.9945344788934828,High
1,1,6,9500,1,1,143.0,1,19,19,9,9,127.0,1,0,0,1,0,1,18,0,0,8,8,7,13.585714285714284,0,0,8,8,7,13.585714285714284,0,12.7,3.7,-1.7,Graduate,0,0.03188397972776982,Low
1,1,1,9556,1,1,123.0,1,19,19,4,9,113.8,1,0,0,1,0,0,18,0,0,7,9,7,11.155555555555557,0,0,8,10,8,11.425,0,12.7,3.7,-1.7,Graduate,0,0.06598155590451037,Low
1,39,1,8014,0,1,120.0,1,38,37,9,7,108.0,0,0,0,1,1,1,37,0,1,7,9,6,11.857142857142858,0,1,6,7,5,12.0,0,13.9,-0.3,0.79,Graduate,0,0.11308066460889106,Low
1,17,1,171,1,1,114.0,1,19,38,9,7,129.1,0,0,0,1,1,1,23,0,0,0,0,0,0.0,0,0,0,0,0,0.0,0,9.4,-0.8,-3.12,Graduate,0,0.2027652618985952,Low
1,43,1,9070,1,1,114.0,1,19,38,9,7,135.9,0,0,0,1,1,0,26,0,9,14,14,14,14.0,0,7,13,13,13,13.615384615384617,0,15.5,2.8,-4.06,Graduate,0,0.07661803656124637,Low
1,10,2,9773,1,1,154.4,22,19,38,3,5,154.4,1,0,0,0,0,0,18,1,0,6,8,5,12.0,0,0,6,0,0,0.0,0,10.8,1.4,1.74,Dropout,1,0.9595667126099379,High
1,15,1,9500,1,1,190.0,108,3,2,122,4,190.0,1,0,0,1,0,0,18,1,0,7,15,4,11.575,0,0,7,10,5,12.419999999999998,0,12.4,0.5,1.79,Enrolled,0,0.36700042813155115,Medium
1,17,4,9500,1,1,136.0,1,3,3,2,2,132.5,1,0,0,1,0,0,19,0,0,7,8,7,13.198571428571428,0,0,8,8,8,13.0625,0,11.1,0.6,2.02,Graduate,0,0.11117360334756432,Low
1,10,2,9085,1,1,163.3,22,19,1,4,9,163.3,0,0,0,1,0,0,18,1,0,6,10,6,13.5,0,0,6,12,6,12.0,0,12.4,0.5,1.79,Graduate,0,0.10624282094473798,Low
1,1,1,9670,1,1,126.0,1,1,3,4,3,122.5,1,0,0,1,0,0,19,0,0,6,6,6,13.333333333333334,0,0,6,8,5,12.8,0,8.9,1.4,3.51,Dropout,1,0.0822037373340642,Low
1,17,4,9119,1,1,122.0,62,1,1,191,171,121.0,1,0,0,1,1,0,20,1,0,5,10,4,14.25,0,0,5,14,1,10.0,0,8.9,1.4,3.51,Enrolled,0,0.14285909046426787,Low
1,17,1,9070,1,1,137.0,1,1,1,1,5,131.8,0,0,0,1,0,1,22,0,0,6,7,6,12.166666666666666,0,0,6,9,4,12.0,0,9.4,-0.8,-3.12,Graduate,0,0.07607480469708076,Low
1,1,3,9500,1,1,139.0,1,19,1,9,5,135.0,1,0,0,1,0,1,18,0,0,8,8,7,12.214285714285714,0,0,8,8,7,12.214285714285714,0,12.7,3.7,-1.7,Graduate,0,0.036336622760312624,Low
1,17,1,9254,1,1,142.0,1,19,39,5,4,141.7,0,0,0,1,0,1,18,0,0,6,8,6,12.666666666666666,0,0,6,6,6,13.0,0,13.9,-0.3,0.79,Graduate,0,0.05804855721944677,Low
1,1,3,9773,1,1,133.1,1,38,38,5,5,131.3,1,0,0,1,0,1,18,0,0,6,7,6,12.285714285714286,0,0,6,6,6,13.5,0,8.9,1.4,3.51,Graduate,0,0.08563906283925536,Low
1,1,6,9254,1,1,126.0,1,38,37,5,7,123.9,1,0,0,1,0,1,18,0,0,6,7,6,13.0,0,0,6,6,6,13.0,0,12.4,0.5,1.79,Graduate,0,0.06622661353554006,Low
1,1,2,9254,1,1,131.0,1,4,3,7,4,126.1,1,0,0,1,0,0,18,0,0,6,8,6,12.142857142857142,0,0,6,6,6,11.166666666666666,0,8.9,1.4,3.51,Graduate,0,0.06947891541738499,Low
1,17,6,9500,1,1,131.0,1,1,19,7,7,126.5,1,0,0,1,0,1,19,0,0,7,8,7,13.875714285714285,0,0,8,9,7,13.085714285714284,0,11.1,0.6,2.02,Graduate,0,0.06051138955264642,Low
1,17,1,9853,1,1,108.0,1,19,1,5,5,107.3,0,0,0,1,0,0,20,0,0,6,0,0,0.0,0,0,6,0,0,0.0,0,15.5,2.8,-4.06,Dropout,1,0.9531259626905745,High
1,17,4,9238,1,1,133.1,1,1,19,9,5,95.0,1,0,0,1,0,1,19,0,0,6,12,6,11.666666666666666,0,0,6,7,0,0.0,0,15.5,2.8,-4.06,Dropout,1,0.92836575233927,High
1,1,2,9085,1,1,122.0,1,3,1,4,7,116.1,1,0,0,1,0,0,18,0,0,6,13,6,13.153846153846152,0,0,6,12,3,11.0,0,15.5,2.8,-4.06,Graduate,0,0.14082618829046709,Low
1,1,4,9070,1,1,143.0,1,1,1,9,7,134.6,1,0,0,1,0,1,18,0,0,6,6,6,14.5,0,0,6,6,6,12.833333333333334,0,12.4,0.5,1.79,Dropout,1,0.3106100132696895,Medium
1,17,6,9500,1,1,135.0,1,19,19,7,7,128.0,1,0,0,1,0,1,18,0,0,7,7,7,14.44142857142857,0,0,8,8,8,13.65625,0,11.1,0.6,2.02,Graduate,0,0.044450229976672494,Low
1,17,2,9773,1,1,148.0,1,3,38,2,6,144.2,1,0,0,1,0,0,18,0,0,6,6,6,15.166666666666666,0,0,6,7,6,14.285714285714286,0,12.4,0.5,1.79,Graduate,0,0.1053734344417403,Low
1,17,1,9147,1,1,134.0,1,19,38,4,8,129.5,0,0,0,1,0,1,18,0,0,5,5,5,11.6,0,0,5,12,4,12.625,0,10.8,1.4,1.74,Graduate,0,0.09917868091624736,Low
1,17,1,9773,1,1,122.0,1,1,1,4,7,116.8,1,0,1,1,0,0,18,0,0,6,6,6,11.666666666666666,0,0,6,6,6,12.333333333333334,0,16.2,0.3,-0.92,Graduate,0,0.11782408822900213,Low
1,44,1,9003,1,39,160.0,1,37,38,9,6,160.0,0,0,0,1,0,1,20,0,0,6,8,6,12.625,0,0,6,10,6,13.2,0,16.2,0.3,-0.92,Graduate,0,0.02265953935666086,Low
1,16,2,9238,1,1,126.0,1,38,37,3,5,127.1,1,0,0,1,0,1,19,0,0,6,14,3,12.666666666666666,0,0,6,7,6,11.0,0,9.4,-0.8,-3.12,Graduate,0,0.10794843986996909,Low
1,17,1,9130,1,1,138.0,1,2,19,2,6,126.3,1,0,0,1,0,1,18,0,0,6,7,6,12.833333333333334,1,0,6,8,6,13.0,0,8.9,1.4,3.51,Enrolled,0,0.12268148863704008,Low
1,1,1,9238,1,1,115.0,1,38,38,8,7,112.9,1,0,0,1,0,1,19,0,0,6,7,6,11.857142857142858,0,0,6,8,6,13.142857142857142,0,12.4,0.5,1.79,Graduate,0,0.027232461731819927,Low
1,17,2,9853,1,1,141.0,1,3,1,1,5,130.2,1,0,0,1,0,0,19,0,0,6,8,5,11.4,1,0,6,7,4,10.75,0,12.7,3.7,-1.7,Enrolled,0,0.20834125894265346,Low
1,43,1,9130,1,1,100.0,41,3,4,3,2,100.0,0,0,0,1,0,0,19,1,0,5,10,5,14.857142857142858,2,0,5,7,5,15.142857142857142,0,9.4,-0.8,-3.12,Enrolled,0,0.13747440107187958,Low
1,1,1,9670,1,1,130.0,1,19,19,7,7,121.6,0,0,0,1,0,0,19,0,0,6,7,6,14.714285714285714,0,0,6,6,6,15.833333333333334,0,12.4,0.5,1.79,Graduate,0,0.03627202653231282,Low
1,15,1,9670,1,1,130.0,26,42,1,2,7,130.0,0,1,1,1,0,0,20,1,0,6,6,6,13.5,0,0,6,9,5,13.0,0,8.9,1.4,3.51,Graduate,0,0.14156276328687525,Low
1,18,1,9130,1,1,135.0,1,38,19,9,5,121.7,1,0,0,1,0,1,18,0,0,5,7,4,11.5,0,0,5,5,5,12.4,0,10.8,1.4,1.74,Graduate,0,0.06624790541317327,Low
1,7,1,9147,1,3,120.0,1,1,39,4,7,120.0,0,0,0,1,0,0,33,0,2,5,9,2,14.0,0,0,5,5,0,0.0,0,12.4,0.5,1.79,Dropout,1,0.9597804496366261,High
1,1,1,9853,1,1,148.0,1,19,19,4,5,143.5,0,0,0,1,0,1,19,0,0,7,8,6,12.833333333333334,0,0,6,6,0,0.0,0,13.9,-0.3,0.79,Dropout,1,0.9103686891475097,High
1,17,2,9556,1,1,136.0,1,1,1,9,9,128.3,0,0,0,1,0,1,18,0,0,7,7,7,13.428571428571429,0,0,8,8,8,14.75,0,15.5,2.8,-4.06,Graduate,0,0.058766973221926866,Low
1,17,1,9070,1,1,108.0,1,19,1,4,3,111.9,0,0,0,1,0,0,19,0,0,6,0,0,0.0,0,0,6,0,0,0.0,0,8.9,1.4,3.51,Dropout,1,0.9658545063020185,High
1,44,1,9003,1,39,140.0,1,38,38,6,3,140.0,0,0,0,1,0,0,19,0,0,6,18,3,11.666666666666666,0,0,6,14,4,11.5,0,15.5,2.8,-4.06,Enrolled,0,0.4312688343799007,Medium
1,1,3,9773,1,1,153.0,1,3,1,2,8,137.6,1,0,0,1,0,0,18,0,0,6,6,6,16.0,0,0,6,7,6,14.333333333333334,0,12.4,0.5,1.79,Graduate,0,0.14031937885919407,Low
1,1,1,9238,1,1,135.0,1,19,19,9,5,135.0,1,0,0,1,0,0,20,0,0,6,6,6,13.833333333333334,0,0,6,6,6,11.833333333333334,0,10.8,1.4,1.74,Graduate,0,0.041553997636554756,Low
1,1,5,9500,1,1,146.0,1,19,37,7,7,133.8,1,0,0,1,0,0,19,0,0,8,9,8,13.2325,1,0,8,9,8,13.2325,1,9.4,-0.8,-3.12,Graduate,0,0.10800164472873303,Low
1,1,2,9773,1,1,130.0,1,19,19,9,9,126.9,1,0,0,1,1,1,18,0,0,6,6,6,14.0,0,0,6,6,6,14.166666666666666,0,9.4,-0.8,-3.12,Graduate,0,0.04476875684756515,Low
1,17,2,9254,1,1,113.0,1,1,2,5,3,106.7,1,0,1,1,1,1,19,0,0,6,14,2,10.0,0,0,6,6,0,0.0,0,13.9,-0.3,0.79,Dropout,1,0.8696471161033863,High
1,43,1,8014,0,1,145.7,22,37,37,9,9,145.7,1,0,0,1,0,0,25,1,8,16,16,15,13.333333333333334,0,11,13,13,11,12.272727272727272,0,13.9,-0.3,0.79,Graduate,0,0.03125504857443328,Low
1,17,3,9070,1,1,145.0,1,3,3,4,4,153.1,1,0,0,1,0,1,20,0,0,6,6,6,12.5,0,0,6,6,6,14.333333333333334,0,12.7,3.7,-1.7,Enrolled,0,0.060596024949988905,Low
1,1,1,8014,0,1,126.0,1,38,37,5,5,118.7,0,0,0,1,0,0,19,0,0,6,6,6,12.5,0,0,6,6,6,11.5,0,12.7,3.7,-1.7,Graduate,0,0.02163977835671743,Low
1,17,1,9991,0,1,160.0,1,34,34,0,0,161.8,1,0,1,1,1,0,33,0,0,5,8,2,10.5,0,0,5,5,0,0.0,0,7.6,2.6,0.32,Dropout,1,0.8996341552900031,High
1,18,4,9119,1,1,134.0,1,19,38,194,175,124.9,1,0,1,1,1,0,18,0,0,5,11,3,10.666666666666666,0,0,5,9,3,11.333333333333334,0,8.9,1.4,3.51,Enrolled,0,0.14507427564536296,Low
1,1,1,9119,1,1,163.0,1,19,37,5,8,150.8,1,0,0,1,1,0,18,0,0,5,9,4,10.5,0,0,5,11,2,10.5,3,7.6,2.6,0.32,Enrolled,0,0.5572336384216557,Medium
1,15,1,9147,1,1,130.0,26,1,1,2,3,130.0,0,0,0,1,0,0,19,1,0,5,10,4,12.0,0,0,5,6,5,11.4,0,11.1,0.6,2.02,Graduate,0,0.0787821547725425,Low
1,1,2,171,1,1,165.0,1,3,3,2,2,163.6,1,0,0,1,0,0,18,0,0,0,0,0,0.0,0,0,0,0,0,0.0,0,12.4,0.5,1.79,Enrolled,0,0.13844738649093657,Low
1,43,1,9147,1,1,142.0,1,38,19,141,171,115.0,0,0,0,1,0,0,19,0,0,5,11,5,11.5,0,0,5,9,2,10.666666666666666,0,13.9,-0.3,0.79,Enrolled,0,0.13240087847650028,Low
1,1,1,9773,1,1,156.0,1,19,1,5,10,136.8,1,0,0,1,0,0,18,0,0,6,6,6,14.0,0,0,6,6,6,13.5,0,11.1,0.6,2.02,Dropout,1,0.21357238422783903,Low
1,17,5,9853,1,1,141.0,1,3,19,2,7,130.9,1,0,0,1,0,0,18,0,0,6,7,6,13.5,0,0,6,8,5,12.6,0,7.6,2.6,0.32,Graduate,0,0.11604214469324217,Low
1,1,3,9500,1,1,143.0,1,19,37,7,7,127.0,1,0,0,1,0,0,18,0,0,8,8,8,13.07375,0,0,8,8,8,13.07375,0,9.4,-0.8,-3.12,Graduate,0,0.043118568295488977,Low
2,39,1,9500,1,19,133.1,1,38,38,2,10,120.0,0,0,0,1,0,0,37,0,0,7,9,2,10.75,0,0,7,9,0,0.0,0,16.2,0.3,-0.92,Dropout,1,0.9796689470171642,High
1,1,1,9238,1,1,133.0,1,38,1,2,4,126.0,0,0,0,1,0,0,20,0,0,6,11,1,12.0,0,0,5,10,0,0.0,0,9.4,-0.8,-3.12,Enrolled,0,0.39861345062758285,Medium
1,1,1,9254,1,1,172.0,41,37,37,5,5,153.8,1,0,0,1,0,1,20,1,0,6,6,6,14.0,0,0,6,6,6,13.333333333333334,0,10.8,1.4,1.74,Graduate,0,0.03344324703586798,Low
1,15,1,9238,1,1,140.0,26,19,19,9,6,140.0,0,0,0,1,1,0,21,1,0,6,7,6,12.333333333333334,0,0,6,7,6,13.428571428571429,0,11.1,0.6,2.02,Graduate,0,0.04579441126729425,Low
1,17,1,9500,1,1,142.0,1,38,1,5,4,136.6,0,0,0,1,0,1,18,0,0,7,7,7,13.464285714285714,0,0,8,9,8,14.788888888888888,0,12.4,0.5,1.79,Graduate,0,0.04438836705708318,Low
1,39,1,8014,0,1,140.0,1,19,1,9,8,105.0,0,0,0,1,0,0,26,0,0,6,14,3,10.666666666666666,1,0,6,9,5,11.2,0,15.5,2.8,-4.06,Enrolled,0,0.2065995298685023,Low
1,39,1,9147,1,12,133.1,1,37,37,9,7,139.4,0,0,1,1,0,0,41,0,0,5,6,5,11.6,0,0,5,8,5,12.2,0,7.6,2.6,0.32,Enrolled,0,0.14534861669167573,Low
1,1,2,9773,1,1,148.0,1,19,1,3,9,140.0,1,0,0,1,0,1,18,0,0,6,6,6,13.666666666666666,0,0,6,6,6,14.666666666666666,0,16.2,0.3,-0.92,Graduate,0,0.08114250085008269,Low
1,1,4,9500,1,1,137.0,1,19,37,9,7,130.8,0,0,1,1,0,0,18,0,0,8,9,8,14.4025,1,0,8,9,8,14.4025,1,9.4,-0.8,-3.12,Graduate,0,0.29424421627011843,Low
1,1,1,9500,1,1,143.0,1,38,38,9,9,138.8,1,0,0,1,0,0,31,0,0,7,9,7,15.46875,0,0,8,8,8,16.3875,0,11.1,0.6,2.02,Graduate,0,0.10669478185295576,Low
1,1,1,9238,1,1,133.1,1,1,1,4,10,110.0,0,0,1,1,0,0,23,0,0,6,8,6,12.625,0,0,6,6,6,14.166666666666666,0,12.7,3.7,-1.7,Graduate,0,0.07923855425483106,Low
1,1,4,9500,1,1,138.0,1,37,19,9,9,127.8,1,0,0,1,0,0,19,0,0,7,7,6,14.983333333333334,0,0,7,7,6,14.983333333333334,0,7.6,2.6,0.32,Graduate,0,0.027200293901244402,Low
1,16,3,9773,1,1,138.0,1,37,38,4,9,134.2,1,0,0,1,0,1,20,0,0,6,6,6,15.0,0,0,6,6,6,13.0,0,11.1,0.6,2.02,Graduate,0,0.15706207048811568,Low
2,39,1,8014,0,1,150.0,1,37,37,7,5,143.0,0,0,0,1,0,0,40,0,5,9,9,9,15.88888888888889,0,3,7,7,7,14.142857142857142,0,12.7,3.7,-1.7,Graduate,0,0.04705955862499488,Low
1,44,1,9085,1,39,120.0,1,37,37,9,9,120.0,1,0,1,1,0,0,32,0,0,6,14,4,11.5,0,0,6,14,3,11.0,0,16.2,0.3,-0.92,Dropout,1,0.8675546637880724,High
1,1,4,9254,1,1,110.0,1,37,37,9,7,113.2,1,0,0,1,0,0,24,0,0,6,14,2,10.5,0,0,6,11,1,10.0,0,10.8,1.4,1.74,Dropout,1,0.9208935600936985,High
1,17,4,9500,1,1,146.0,1,19,37,5,8,135.8,1,0,0,1,0,0,18,0,0,7,7,6,13.983333333333334,0,0,7,7,6,13.983333333333334,0,7.6,2.6,0.32,Graduate,0,0.04605144397969997,Low
1,1,1,9238,1,1,148.0,1,37,37,9,9,143.5,0,0,0,1,0,0,18,0,0,6,6,6,13.0,0,0,6,6,6,12.833333333333334,0,10.8,1.4,1.74,Graduate,0,0.04661938527706176,Low
1,1,1,9238,1,1,145.0,1,19,37,4,7,148.9,1,0,0,1,0,1,18,0,0,6,6,6,13.666666666666666,0,0,6,6,6,13.0,0,10.8,1.4,1.74,Graduate,0,0.04388883334114085,Low
1,39,1,9003,1,1,133.1,1,38,38,4,7,115.6,1,0,0,0,0,0,27,0,0,6,8,0,0.0,0,0,6,8,0,0.0,0,15.5,2.8,-4.06,Dropout,1,0.9898366279418684,High
1,1,1,9147,1,1,160.0,1,38,37,9,5,159.3,0,0,0,1,0,0,18,0,0,5,5,5,14.4,0,0,5,5,5,15.4,0,7.6,2.6,0.32,Graduate,0,0.022039996931991466,Low
1,39,1,9991,0,1,150.0,1,19,37,9,8,138.5,0,0,0,1,0,0,26,0,0,5,10,4,12.0,0,0,5,9,4,11.25,0,12.7,3.7,-1.7,Enrolled,0,0.2535972939328286,Low
1,1,1,9853,1,1,130.0,1,19,12,9,4,133.2,1,0,0,1,0,0,19,0,0,6,6,6,14.166666666666666,0,0,6,7,6,13.666666666666666,0,7.6,2.6,0.32,Graduate,0,0.0386608012269687,Low
1,17,2,8014,0,1,120.0,1,37,34,0,0,117.6,1,0,0,1,0,0,19,0,0,6,8,5,12.2,0,0,6,7,6,12.0,0,7.6,2.6,0.32,Graduate,0,0.10034389054697636,Low
1,18,2,9147,1,1,115.0,1,1,37,5,5,108.7,1,0,0,1,0,0,21,0,0,5,8,3,12.0,1,0,5,9,3,12.666666666666666,0,9.4,-0.8,-3.12,Enrolled,0,0.3650865585243465,Medium
1,1,4,9147,1,1,133.1,1,1,19,4,6,106.0,1,0,0,1,0,0,24,0,0,5,11,2,10.5,0,0,5,14,1,11.0,0,12.7,3.7,-1.7,Enrolled,0,0.40862937589135445,Medium
1,17,1,9853,1,1,120.0,1,37,37,9,10,122.6,0,0,0,1,0,0,20,0,0,6,8,3,12.333333333333334,0,0,6,11,2,10.5,0,12.7,3.7,-1.7,Dropout,1,0.8764328330513801,High
1,1,4,9853,1,1,134.0,1,19,1,5,9,127.4,1,0,0,1,0,0,18,0,0,6,7,5,12.2,0,0,6,7,5,12.2,0,10.8,1.4,1.74,Enrolled,0,0.21906527437906226,Low
1,39,1,9003,1,1,133.1,1,19,19,9,9,100.0,0,0,0,1,0,0,30,0,0,6,6,0,0.0,0,0,6,6,0,0.0,0,11.1,0.6,2.02,Dropout,1,0.9865275816271062,High
1,1,1,9853,1,1,133.1,1,19,37,9,9,95.0,1,0,1,0,0,0,22,0,0,7,10,6,11.5,0,0,7,8,6,13.166666666666666,0,11.1,0.6,2.02,Enrolled,0,0.22780143304330147,Low
1,7,1,9147,1,3,130.0,1,37,19,9,8,130.0,0,0,0,1,0,0,21,0,4,9,9,9,10.88888888888889,0,3,10,18,10,11.615384615384617,0,10.8,1.4,1.74,Graduate,0,0.09497263217633656,Low
1,39,1,9556,1,1,120.0,1,19,19,4,5,122.8,0,0,0,1,0,0,26,0,0,7,12,6,12.166666666666666,0,0,8,8,8,11.675,0,13.9,-0.3,0.79,Dropout,1,0.3823241605819796,Medium
1,17,1,9147,1,1,115.0,1,19,19,7,7,115.0,1,0,0,1,0,0,23,0,0,5,7,2,10.0,1,0,5,9,1,12.0,0,9.4,-0.8,-3.12,Enrolled,0,0.8617819674676545,High
1,17,1,9070,1,1,135.0,1,19,37,5,9,145.9,0,0,0,1,0,1,18,0,0,6,6,6,12.666666666666666,0,0,6,6,6,12.166666666666666,0,16.2,0.3,-0.92,Graduate,0,0.03164071773210715,Low
1,1,1,9070,1,1,133.1,1,1,37,5,9,143.0,1,0,1,1,0,0,21,0,0,6,9,5,11.4,0,0,6,8,5,12.2,0,12.7,3.7,-1.7,Dropout,1,0.5164175786189623,Medium
1,43,1,171,1,1,145.0,1,19,38,9,9,100.0,0,0,0,1,0,1,18,0,0,0,0,0,0.0,0,0,0,0,0,0.0,0,13.9,-0.3,0.79,Dropout,1,0.3466137806637807,Medium
1,17,3,9085,1,1,130.0,1,19,37,5,5,121.3,1,0,0,1,0,0,21,0,0,5,14,2,13.0,2,0,5,8,4,12.0,1,9.4,-0.8,-3.12,Enrolled,0,0.10848964433268203,Low
1,17,3,9853,1,1,118.0,1,38,38,7,7,121.2,1,0,0,1,0,0,18,0,0,6,8,5,13.4,0,0,6,7,5,12.0,0,7.6,2.6,0.32,Enrolled,0,0.15356610096912512,Low
1,17,3,9853,1,1,138.0,1,37,37,5,9,125.1,1,1,0,1,0,1,19,0,0,6,6,6,13.5,0,0,6,8,5,12.8,0,12.7,3.7,-1.7,Dropout,1,0.48366717177907426,Medium
1,17,1,9254,1,1,122.0,1,1,1,4,9,112.9,1,0,0,1,0,0,22,0,0,6,14,4,12.25,0,0,6,11,3,11.333333333333334,0,7.6,2.6,0.32,Enrolled,0,0.4244648965061933,Medium
1,1,3,9238,1,1,126.0,1,38,19,5,8,120.8,1,0,0,1,0,0,19,0,0,6,7,6,12.285714285714286,0,0,6,7,6,12.833333333333334,0,12.4,0.5,1.79,Graduate,0,0.0413047385393749,Low
1,1,5,9085,1,1,121.0,1,38,37,9,8,114.0,1,0,0,0,0,0,19,0,0,5,12,0,0.0,4,0,5,8,0,0.0,1,9.4,-0.8,-3.12,Dropout,1,0.9536772836758584,High
1,17,1,9238,1,1,152.0,1,37,37,7,5,132.1,1,0,0,1,0,0,19,0,0,6,10,2,10.5,0,0,6,11,1,13.0,0,9.4,-0.8,-3.12,Dropout,1,0.8997447169936709,High
2,44,1,9085,1,39,160.0,1,37,37,192,192,160.0,0,0,0,1,0,0,27,0,0,5,12,3,14.0,2,0,5,8,5,12.0,1,9.4,-0.8,-3.12,Graduate,0,0.10882190920384611,Low
1,10,1,9085,1,1,134.0,1,37,37,5,5,134.0,1,0,0,1,0,0,22,0,2,5,7,5,14.2,0,0,5,10,5,12.2,0,12.7,3.7,-1.7,Graduate,0,0.13055819449277553,Low
1,1,1,9773,1,1,128.0,1,37,1,9,7,124.2,1,0,0,1,0,0,18,0,0,6,8,5,13.0,0,0,6,7,6,13.142857142857142,0,15.5,2.8,-4.06,Dropout,1,0.25250958478791585,Low
1,17,4,9254,1,1,125.0,1,38,38,5,5,115.6,1,0,0,1,0,0,20,0,0,6,6,6,11.0,0,0,6,8,4,12.75,0,9.4,-0.8,-3.12,Graduate,0,0.10720462829521313,Low
2,43,1,9991,0,1,130.0,1,37,37,9,9,128.2,0,0,0,1,0,0,34,0,3,8,9,3,11.0,0,2,7,7,2,10.0,0,9.4,-0.8,-3.12,Dropout,1,0.923733066227509,High
1,17,2,9500,1,1,138.0,1,1,38,5,8,132.8,1,0,0,1,0,0,18,0,0,7,9,6,12.385714285714286,0,0,8,9,8,13.755555555555556,0,13.9,-0.3,0.79,Graduate,0,0.07561418893953605,Low
1,17,2,9773,1,1,121.0,1,1,1,5,5,123.1,1,0,0,1,1,0,20,0,0,6,12,4,14.75,0,0,6,7,4,12.25,0,9.4,-0.8,-3.12,Graduate,0,0.19352492248824227,Low
1,1,1,9130,1,1,134.0,41,1,19,5,5,125.6,1,0,0,1,0,0,20,1,0,5,6,5,16.166666666666668,0,0,5,6,5,15.833333333333334,0,12.7,3.7,-1.7,Graduate,0,0.08736583616366284,Low
1,39,1,9991,0,1,130.0,1,1,38,4,9,115.0,0,0,0,1,1,0,25,0,0,5,7,0,0.0,0,0,5,8,0,0.0,0,16.2,0.3,-0.92,Dropout,1,0.9766642204785039,High
1,1,4,9119,1,1,126.0,1,3,19,2,9,123.6,1,0,0,1,1,0,18,0,0,5,6,5,12.4,0,0,5,9,3,13.0,0,8.9,1.4,3.51,Dropout,1,0.5139765837490002,Medium
1,1,1,9130,1,1,148.0,1,1,1,9,9,141.7,0,0,0,0,1,0,18,0,0,6,8,5,11.6,0,0,6,11,4,13.0,0,8.9,1.4,3.51,Dropout,1,0.7289759764419521,High
1,17,1,9853,1,1,160.0,1,19,38,5,7,139.0,1,0,0,1,0,1,18,0,0,6,8,5,12.2,0,0,6,13,0,0.0,0,9.4,-0.8,-3.12,Dropout,1,0.8510737110917629,High
1,17,1,9254,1,1,118.0,1,1,19,5,4,118.0,0,0,0,1,0,1,19,0,0,6,7,5,11.0,0,0,6,7,5,12.8,0,12.4,0.5,1.79,Graduate,0,0.05495397783819489,Low
1,17,2,9853,1,1,150.0,1,38,19,5,5,142.0,1,0,0,1,0,1,19,0,0,6,8,6,12.333333333333334,0,0,6,7,5,12.4,0,10.8,1.4,1.74,Dropout,1,0.4243013393129957,Medium
1,44,1,9238,1,1,140.0,1,1,1,5,5,143.4,0,0,0,1,0,1,21,0,3,6,6,6,14.833333333333334,0,2,6,7,6,12.571428571428571,0,13.9,-0.3,0.79,Graduate,0,0.06216530520876179,Low
1,42,1,9070,1,1,100.0,1,3,2,2,2,115.9,0,0,0,1,0,0,29,0,9,10,15,9,11.555555555555555,0,7,11,17,10,11.9,0,9.4,-0.8,-3.12,Enrolled,0,0.22789234873524772,Low
1,1,1,9070,1,1,110.0,1,1,37,9,9,105.1,1,0,0,1,0,1,20,0,0,6,6,6,12.0,0,0,6,6,6,11.833333333333334,0,12.4,0.5,1.79,Graduate,0,0.02538221191997975,Low
1,51,1,8014,0,42,140.0,1,19,37,134,193,138.0,1,0,1,1,0,1,21,0,13,13,13,11,12.727272727272728,0,9,11,11,10,12.6,0,8.9,1.4,3.51,Graduate,0,0.05277510232886005,Low
1,43,1,9991,0,1,133.1,41,37,37,9,8,114.7,0,0,0,1,0,0,34,1,2,2,2,2,10.5,0,1,1,1,1,11.0,0,10.8,1.4,1.74,Dropout,1,0.8905118840621152,High
1,1,4,9773,1,1,140.0,22,1,37,3,9,130.5,1,0,0,1,0,0,20,1,0,6,6,6,12.333333333333334,0,0,6,6,6,12.0,0,12.7,3.7,-1.7,Graduate,0,0.12855204546991125,Low
1,39,1,9991,0,1,110.0,1,37,37,9,9,134.3,0,0,0,1,1,0,24,0,0,5,10,0,0.0,0,0,5,7,1,12.0,0,10.8,1.4,1.74,Dropout,1,0.9112270333768215,High
1,1,1,9500,1,1,148.0,1,1,1,4,3,137.5,0,0,0,1,1,0,18,0,0,7,7,7,14.842857142857143,0,0,8,9,8,14.38888888888889,0,16.2,0.3,-0.92,Graduate,0,0.04844140730980958,Low
1,1,1,9500,1,1,137.0,1,1,19,4,4,125.3,0,0,0,1,1,0,19,0,0,7,7,7,12.2,0,0,7,7,7,12.2,0,7.6,2.6,0.32,Enrolled,0,0.031241806297053837,Low
1,1,1,9147,1,1,120.0,1,1,19,7,7,111.3,0,0,0,1,1,1,18,0,0,5,10,4,10.8,0,0,5,10,4,11.75,0,15.5,2.8,-4.06,Enrolled,0,0.19327635278534624,Low
1,39,9,9991,0,1,120.0,1,38,38,9,5,144.8,0,0,0,1,1,0,28,0,0,5,7,4,12.75,0,0,5,7,5,14.333333333333334,0,10.8,1.4,1.74,Enrolled,0,0.11680967716922872,Low
1,39,1,9991,0,1,130.0,1,1,1,9,7,152.1,0,0,0,1,1,0,28,0,0,5,13,2,11.0,0,0,5,12,1,12.0,0,11.1,0.6,2.02,Dropout,1,0.9323143607443366,High
1,17,1,9254,1,1,132.0,1,38,38,0,5,126.1,0,0,0,1,1,0,20,0,0,6,9,4,10.75,0,0,6,12,0,0.0,0,7.6,2.6,0.32,Dropout,1,0.9314346692889014,High
1,43,1,9500,1,1,130.0,1,1,1,7,4,136.0,1,0,0,1,1,0,22,0,0,8,9,8,12.55375,1,0,8,9,8,12.55375,1,9.4,-0.8,-3.12,Graduate,0,0.188369412107949,Low
1,1,4,9500,1,1,128.0,1,19,1,4,4,124.3,1,0,0,1,1,0,19,0,0,8,8,7,12.665714285714284,0,0,8,8,7,12.665714285714284,0,10.8,1.4,1.74,Graduate,0,0.043281480419547484,Low
1,1,1,9670,1,1,132.0,1,1,19,7,5,129.9,1,0,0,1,1,0,20,0,0,6,10,6,12.714285714285714,0,0,6,8,4,13.0,0,12.4,0.5,1.79,Enrolled,0,0.1818674068034388,Low
1,39,2,9556,1,1,133.1,1,3,1,2,4,136.1,0,0,0,1,1,0,26,0,0,7,7,2,11.75,0,0,5,10,0,0.0,0,12.4,0.5,1.79,Dropout,1,0.977566139154982,High
1,1,2,9254,1,1,120.0,1,37,37,9,9,115.1,1,0,0,0,1,0,21,0,0,6,11,3,11.0,0,0,6,14,0,0.0,0,9.4,-0.8,-3.12,Dropout,1,0.9504143454406214,High
1,16,2,171,1,1,145.0,1,3,3,2,2,143.6,1,0,0,1,1,0,18,0,0,0,0,0,0.0,0,0,0,0,0,0.0,0,12.4,0.5,1.79,Graduate,0,0.12197711851468557,Low
1,17,1,9147,1,1,127.0,1,37,38,9,7,115.8,1,0,0,1,1,0,18,0,0,5,5,5,13.4,0,0,5,6,5,12.2,0,11.1,0.6,2.02,Graduate,0,0.05023234463358684,Low
1,1,2,171,1,1,135.0,1,19,19,4,7,149.0,1,0,0,1,1,0,22,0,14,17,21,17,12.578947368421051,0,15,17,20,17,12.117647058823527,0,11.1,0.6,2.02,Graduate,0,0.05520345814544612,Low
2,39,1,9119,1,19,133.1,1,37,37,9,9,100.0,0,0,0,1,1,0,36,0,0,5,0,0,0.0,0,0,5,0,0,0.0,0,16.2,0.3,-0.92,Dropout,1,0.9818832114679507,High
1,1,1,9773,1,1,125.0,1,38,38,9,9,133.4,1,0,0,1,1,1,20,0,0,6,8,6,12.0,0,0,6,8,6,11.5,0,13.9,-0.3,0.79,Graduate,0,0.14763508183061125,Low
1,17,5,9670,1,1,127.0,1,3,4,2,2,122.8,0,0,0,1,1,0,20,0,0,6,6,3,12.333333333333334,0,0,6,9,0,0.0,0,10.8,1.4,1.74,Dropout,1,0.9708783532313926,High
1,39,1,9991,0,1,133.1,1,37,1,5,4,151.2,0,0,0,1,1,0,25,0,0,5,11,4,11.5,0,0,5,11,3,13.5,0,12.4,0.5,1.79,Dropout,1,0.8374723842898094,High
1,39,1,9003,1,1,150.0,1,37,19,6,4,137.0,0,0,0,1,1,0,35,0,1,6,7,5,12.8,0,1,6,11,5,13.833333333333334,0,15.5,2.8,-4.06,Graduate,0,0.16073552368754535,Low
1,1,1,171,1,1,133.1,1,1,37,7,7,118.0,0,0,0,1,1,0,22,0,0,0,0,0,0.0,0,0,0,0,0,0.0,0,11.1,0.6,2.02,Dropout,1,0.669381409813652,High
1,43,1,9070,1,1,150.0,1,3,39,3,7,126.4,0,0,0,1,1,0,26,0,5,7,8,7,13.285714285714286,0,3,8,11,7,12.142857142857142,0,12.4,0.5,1.79,Enrolled,0,0.20099451198936008,Low
1,44,1,9003,1,39,130.0,1,38,38,9,5,130.0,0,0,1,0,1,0,20,0,0,6,16,4,11.8,0,0,6,15,2,12.0,0,16.2,0.3,-0.92,Dropout,1,0.9246582272152578,High
1,43,1,8014,0,12,133.1,1,37,1,9,10,112.5,0,0,0,1,1,0,50,0,6,13,13,6,11.333333333333334,0,2,11,11,2,13.5,0,16.2,0.3,-0.92,Dropout,1,0.538335430577869,Medium
1,1,1,9500,1,1,125.0,1,19,38,9,8,118.3,0,0,0,1,1,0,20,0,0,8,12,5,12.002,1,0,8,12,5,12.002,1,10.8,1.4,1.74,Dropout,1,0.3118984401879745,Medium
1,1,1,9500,1,1,127.0,1,3,1,2,8,121.4,0,0,0,1,1,0,20,0,0,7,10,5,13.976666666666668,0,0,8,9,8,13.22222222222222,0,12.4,0.5,1.79,Enrolled,0,0.06580540680607648,Low
1,7,1,9003,1,3,140.0,1,3,19,2,10,140.0,0,0,0,0,1,0,35,0,0,6,10,5,15.2,0,1,6,9,1,11.0,0,15.5,2.8,-4.06,Dropout,1,0.669616230934555,High
1,1,1,9670,1,1,110.0,1,3,19,4,5,109.0,0,0,0,1,1,1,19,0,0,6,7,6,13.142857142857142,0,0,6,8,6,14.166666666666666,0,15.5,2.8,-4.06,Graduate,0,0.044583762883335425,Low
2,39,2,9147,1,1,133.1,1,37,37,5,7,110.0,0,0,0,1,1,0,43,0,0,5,14,0,0.0,1,0,5,5,0,0.0,0,9.4,-0.8,-3.12,Dropout,1,0.977613135910628,High
1,17,5,9500,1,1,124.0,1,3,38,2,1,119.8,0,0,0,1,1,0,19,0,0,8,11,7,13.867142857142856,0,0,8,11,7,13.867142857142856,0,10.8,1.4,1.74,Graduate,0,0.09640114238147839,Low
1,39,1,9500,1,1,114.0,1,37,37,9,9,130.0,0,0,0,1,1,0,25,0,0,8,11,6,12.675,0,0,8,11,6,12.675,0,12.7,3.7,-1.7,Graduate,0,0.14716209508144096,Low
1,16,1,171,1,1,155.0,1,1,3,5,10,167.3,1,0,0,1,1,0,19,0,0,0,0,0,0.0,0,0,0,0,0,0.0,0,13.9,-0.3,0.79,Graduate,0,0.22887903284592157,Low
1,17,2,9853,1,1,114.0,1,1,19,9,9,111.9,1,0,0,1,1,1,20,0,0,6,6,6,12.0,0,0,6,7,6,12.5,0,7.6,2.6,0.32,Enrolled,0,0.059774430409360695,Low
1,1,1,171,1,1,133.1,1,38,37,5,5,136.0,1,0,0,1,1,0,22,0,0,0,0,0,0.0,0,0,0,0,0,0.0,0,12.7,3.7,-1.7,Dropout,1,0.7606352375321329,High
1,1,1,9254,1,1,125.0,1,37,37,3,3,124.0,0,0,0,1,1,1,19,0,0,6,7,6,11.0,0,0,6,6,5,12.2,0,11.1,0.6,2.02,Dropout,1,0.3182620612382383,Medium
2,39,1,9991,0,1,120.0,1,19,37,3,9,132.9,0,0,0,1,1,0,32,0,0,5,11,4,10.75,0,0,5,11,4,11.333333333333334,0,13.9,-0.3,0.79,Dropout,1,0.7893768691076777,High
2,39,1,9773,1,38,100.0,1,37,37,9,7,154.0,1,0,0,1,1,0,57,0,0,6,7,5,14.2,0,0,6,6,6,14.166666666666666,0,9.4,-0.8,-3.12,Graduate,0,0.0853520697672978,Low
1,1,1,9500,1,1,133.1,1,1,19,3,5,115.0,0,0,0,0,1,0,20,0,0,7,11,4,12.6,0,0,7,7,4,11.575,0,16.2,0.3,-0.92,Dropout,1,0.8762698787336596,High
1,39,1,9991,0,1,120.0,1,1,1,5,5,96.0,1,0,0,0,1,0,38,0,0,5,5,0,0.0,0,0,5,5,0,0.0,0,8.9,1.4,3.51,Dropout,1,0.9533447422198202,High
2,39,1,9991,0,1,120.0,1,37,3,9,3,168.2,0,0,0,1,1,0,45,0,0,5,6,5,14.0,0,0,5,6,5,14.166666666666666,0,12.4,0.5,1.79,Graduate,0,0.06669571230469341,Low
2,39,1,9773,1,1,110.0,1,37,37,9,10,140.0,0,0,1,0,1,0,43,0,0,6,16,2,10.0,0,0,6,12,4,12.25,0,10.8,1.4,1.74,Dropout,1,0.9606608976684065,High
1,17,4,9070,1,1,144.0,1,38,1,9,9,137.4,1,0,0,1,1,0,19,0,0,6,6,6,13.833333333333334,0,0,6,8,6,13.125,0,10.8,1.4,1.74,Graduate,0,0.05986146887952354,Low
2,39,1,9991,0,19,133.1,1,19,19,4,4,150.0,0,0,0,0,1,0,49,0,0,5,8,2,11.0,0,0,5,5,1,11.0,0,15.5,2.8,-4.06,Dropout,1,0.9785488329235636,High
2,39,1,9500,1,19,133.1,1,37,38,9,7,100.5,1,0,0,1,1,0,43,0,0,8,8,7,11.635714285714286,0,0,8,8,7,11.635714285714286,0,10.8,1.4,1.74,Enrolled,0,0.07387079577667688,Low
1,39,1,8014,0,1,133.1,1,37,38,9,9,148.5,0,0,0,1,1,0,34,0,0,6,6,4,12.25,0,0,5,5,0,0.0,0,11.1,0.6,2.02,Dropout,1,0.9302578362930488,High
1,17,5,9119,1,1,138.0,1,19,19,5,5,123.3,1,0,1,1,1,0,18,0,0,5,9,4,12.5,0,0,5,11,5,11.285714285714286,0,12.4,0.5,1.79,Enrolled,0,0.18637367310132136,Low
2,39,1,9991,0,1,120.0,1,38,38,1,4,138.7,0,0,0,1,1,0,43,0,0,5,5,5,13.8,0,0,5,6,5,13.666666666666666,0,10.8,1.4,1.74,Graduate,0,0.13315341675449957,Low
1,1,2,9254,1,1,120.0,1,19,1,9,8,117.2,0,0,0,1,1,0,21,0,0,6,8,3,12.0,0,0,6,9,1,11.0,0,15.5,2.8,-4.06,Dropout,1,0.8766173943115998,High
2,39,1,9991,0,1,160.0,1,34,34,99,99,114.3,0,0,0,1,1,0,40,0,0,5,9,3,11.0,0,0,5,8,4,12.5,1,7.6,2.6,0.32,Enrolled,0,0.26158677814645837,Low
1,17,1,9670,1,1,134.0,1,19,37,5,5,125.3,1,0,0,1,1,1,19,0,0,6,7,4,13.75,0,0,6,10,6,11.555555555555555,0,10.8,1.4,1.74,Graduate,0,0.23547202297923284,Low
1,1,1,9254,1,1,133.1,1,37,37,1,1,97.0,0,0,0,1,1,0,27,0,0,6,6,6,10.666666666666666,0,0,6,8,4,11.25,0,10.8,1.4,1.74,Enrolled,0,0.1794909639120627,Low
2,42,1,9556,1,1,110.0,1,37,37,9,6,140.0,0,0,0,1,1,0,43,0,0,7,7,0,0.0,0,0,8,13,2,13.15,0,16.2,0.3,-0.92,Dropout,1,0.9243982778520458,High
1,43,1,9991,0,1,130.0,1,37,37,9,9,124.0,0,0,0,1,1,0,31,0,1,5,6,5,13.833333333333334,0,0,5,7,5,15.4,0,9.4,-0.8,-3.12,Graduate,0,0.09060517095692833,Low
1,44,1,9003,1,39,140.0,1,38,1,134,134,140.0,1,0,1,1,1,0,26,0,0,6,6,0,0.0,0,0,6,7,0,0.0,0,8.9,1.4,3.51,Enrolled,0,0.1736806786120136,Low
1,39,1,9991,0,1,150.0,1,37,38,175,103,127.0,0,0,0,1,1,0,34,0,0,5,5,5,15.8,0,0,5,5,5,16.8,0,8.9,1.4,3.51,Graduate,0,0.07738734265899555,Low
4,43,1,9500,1,19,100.0,1,34,34,0,0,110.0,0,0,0,1,1,0,30,0,11,14,26,12,12.52608695652174,1,11,14,26,12,12.52608695652174,1,7.6,2.6,0.32,Graduate,0,0.1612193316125323,Low
2,39,1,9500,1,19,133.1,1,38,38,7,8,170.0,0,0,0,1,1,0,36,0,0,7,9,6,12.783333333333331,0,0,8,11,0,0.0,0,16.2,0.3,-0.92,Dropout,1,0.7395595170467147,High
1,7,1,9991,0,3,120.0,1,37,37,6,7,120.0,0,0,1,0,1,0,46,0,0,5,5,0,0.0,0,0,5,5,1,10.0,0,11.1,0.6,2.02,Dropout,1,0.9827615510880479,High
1,17,1,9085,1,1,133.1,1,1,19,5,9,130.0,0,0,0,1,1,0,22,0,0,5,8,3,13.0,0,0,5,8,3,10.666666666666666,0,7.6,2.6,0.32,Graduate,0,0.3290635169680221,Medium
1,7,1,9003,1,3,130.0,1,1,19,5,9,130.0,0,0,0,1,1,0,27,0,0,6,8,0,0.0,0,0,6,10,0,0.0,0,16.2,0.3,-0.92,Dropout,1,0.9852334731070204,High
1,1,2,9119,1,1,126.0,1,1,38,141,192,122.5,1,0,0,1,1,0,20,0,0,5,7,5,10.8,0,0,5,9,3,12.0,0,8.9,1.4,3.51,Enrolled,0,0.10130615359404554,Low
1,51,1,9147,1,1,130.0,1,19,38,9,8,115.7,0,0,0,1,1,0,20,0,0,5,7,5,11.0,0,0,5,7,3,10.0,0,8.9,1.4,3.51,Enrolled,0,0.17464510948767045,Low
1,42,1,9119,1,1,140.0,1,19,19,90,90,120.0,0,0,1,0,1,0,31,0,0,4,4,0,0.0,0,0,5,5,0,0.0,0,12.7,3.7,-1.7,Dropout,1,0.9949458763980246,High
1,1,1,9119,1,1,140.0,1,37,19,9,9,166.0,1,0,1,1,1,0,20,0,0,5,7,0,0.0,0,0,5,5,0,0.0,0,9.4,-0.8,-3.12,Enrolled,0,0.37271472970525404,Medium
1,17,1,9773,1,1,145.0,1,1,38,90,8,132.8,1,0,0,0,1,0,21,0,0,6,10,2,12.0,0,0,6,0,0,0.0,0,10.8,1.4,1.74,Dropout,1,0.9513584839238498,High
1,17,1,9147,1,1,133.1,1,19,19,9,7,100.0,0,0,0,1,1,0,21,0,0,5,7,4,10.75,0,0,5,10,2,11.0,3,16.2,0.3,-0.92,Dropout,1,0.7769077516416888,High
1,1,1,9147,1,1,127.0,1,1,4,9,10,121.8,0,0,0,1,1,0,19,0,0,5,8,5,11.6,0,0,5,10,4,13.5,3,16.2,0.3,-0.92,Graduate,0,0.24874393067083544,Low
1,17,4,9147,1,1,114.0,1,19,19,4,4,109.5,1,0,0,1,1,1,20,0,0,5,6,5,11.8,0,0,5,8,4,11.6,0,8.9,1.4,3.51,Graduate,0,0.07783070367475733,Low
1,1,1,9003,1,1,140.0,1,38,1,9,4,138.3,0,0,0,1,1,0,18,0,0,6,7,6,16.0,0,0,6,6,6,15.166666666666666,0,12.4,0.5,1.79,Graduate,0,0.04905260448910236,Low
1,1,2,9773,1,1,140.0,1,1,1,4,3,131.6,0,0,0,1,1,1,18,0,0,6,6,6,12.666666666666666,0,0,6,6,6,11.5,0,16.2,0.3,-0.92,Graduate,0,0.1776841448682981,Low
1,39,1,9500,1,1,120.0,1,1,2,144,123,125.3,0,0,1,1,1,0,30,0,0,7,12,4,14.4,0,0,7,9,6,13.5,0,12.4,0.5,1.79,Enrolled,0,0.1461243647487508,Low
1,39,1,9254,1,19,133.1,1,19,19,3,1,101.5,0,0,1,0,1,0,34,0,0,6,6,0,0.0,0,0,6,6,0,0.0,0,15.5,2.8,-4.06,Dropout,1,0.9883771677428533,High
1,17,1,9670,1,1,115.0,1,19,19,191,171,109.1,0,0,1,0,1,0,21,0,0,6,11,4,12.25,0,0,6,9,4,13.4,0,11.1,0.6,2.02,Enrolled,0,0.3073718824740407,Medium
1,44,1,9070,1,39,123.9,1,37,1,9,7,123.9,0,0,0,1,1,0,20,0,2,7,9,5,12.6,0,5,9,10,8,12.75,1,16.2,0.3,-0.92,Dropout,1,0.35158827014021654,Medium
1,1,1,9500,1,1,157.0,1,37,37,9,9,143.0,0,0,0,1,1,0,18,0,0,8,8,7,13.4,0,0,8,8,7,13.4,0,12.7,3.7,-1.7,Graduate,0,0.02878584150828143,Low
1,1,1,171,1,1,127.0,1,1,1,4,3,126.3,1,0,1,1,1,0,21,0,0,0,0,0,0.0,0,0,0,0,0,0.0,0,16.2,0.3,-0.92,Dropout,1,0.8104577530220816,High
2,42,1,9003,1,1,120.0,1,3,1,2,2,113.3,0,0,0,1,1,0,26,0,0,6,9,1,10.0,0,0,6,6,0,0.0,0,12.4,0.5,1.79,Dropout,1,0.9782488608171408,High
1,17,1,9119,1,1,130.0,1,38,19,7,3,119.9,1,0,1,1,1,0,20,0,0,5,5,0,0.0,0,0,5,5,0,0.0,5,9.4,-0.8,-3.12,Dropout,1,0.9354532340561312,High
1,44,1,9003,1,39,140.0,1,1,38,1,9,140.0,0,0,0,1,1,0,25,0,0,6,16,3,11.25,0,0,6,14,4,11.2,0,15.5,2.8,-4.06,Dropout,1,0.7627804616573276,High
1,17,1,9670,1,1,109.0,1,1,1,4,4,108.0,0,0,0,1,1,0,19,0,0,5,10,0,0.0,0,0,5,5,0,0.0,0,7.6,2.6,0.32,Enrolled,0,0.563983575052028,Medium
1,39,2,9147,1,1,143.0,1,19,5,4,1,100.0,1,0,0,1,1,0,24,0,0,5,8,3,10.666666666666666,1,0,5,5,1,14.0,0,9.4,-0.8,-3.12,Dropout,1,0.885898785270032,High
1,1,1,9130,1,1,125.0,1,3,3,2,2,132.4,0,0,0,1,1,0,20,0,0,5,7,4,11.75,0,0,5,5,5,13.4,0,7.6,2.6,0.32,Graduate,0,0.07552303565492688,Low
1,1,1,9147,1,1,136.0,1,1,3,9,5,137.1,0,0,0,1,1,0,20,0,0,5,5,0,0.0,0,0,5,5,0,0.0,0,12.7,3.7,-1.7,Dropout,1,0.9500061250856391,High
1,5,3,9070,1,1,157.0,1,3,1,9,6,138.1,1,0,0,1,0,0,18,0,0,6,6,6,12.666666666666666,0,0,6,8,6,14.125,0,10.8,1.4,1.74,Graduate,0,0.11007135044775747,Low
4,39,1,9556,1,1,160.0,1,19,3,9,2,130.0,0,0,0,1,0,0,25,0,0,7,14,7,11.95,0,0,8,15,7,12.042857142857144,0,12.7,3.7,-1.7,Enrolled,0,0.1878558829567033,Low
1,17,1,9254,1,1,116.0,1,38,37,9,6,109.7,1,0,0,1,0,0,22,0,0,6,7,5,14.0,0,0,6,6,6,15.666666666666666,0,11.1,0.6,2.02,Graduate,0,0.049535218914827775,Low
1,43,1,8014,0,1,113.0,1,37,37,0,6,128.2,0,0,0,0,0,0,41,0,0,6,6,0,0.0,6,0,6,12,0,0.0,0,9.4,-0.8,-3.12,Dropout,1,0.9240216008187302,High
1,1,2,9147,1,1,130.0,1,37,38,7,9,117.8,0,0,1,1,0,1,19,0,0,5,11,2,11.5,0,0,5,10,0,0.0,0,12.7,3.7,-1.7,Dropout,1,0.9025254072517257,High
1,43,1,9130,1,1,150.0,1,3,3,3,4,150.0,1,0,0,1,0,0,21,0,0,6,10,6,12.0,0,0,6,12,5,12.8,0,13.9,-0.3,0.79,Graduate,0,0.10336916893503503,Low
1,39,1,9085,1,1,110.0,1,1,1,5,5,160.0,1,0,1,1,0,0,30,0,0,6,7,6,16.428571428571427,0,0,6,7,6,16.666666666666668,0,13.9,-0.3,0.79,Dropout,1,0.5751609053220905,Medium
1,1,5,9500,1,1,101.0,1,38,38,9,9,104.5,1,0,0,1,0,1,21,0,0,7,9,5,13.336000000000002,0,0,8,9,7,13.207142857142856,0,11.1,0.6,2.02,Graduate,0,0.037967018206375824,Low
2,39,2,9556,1,1,110.0,1,19,38,9,9,112.8,0,0,0,1,0,1,26,0,0,7,7,0,0.0,0,0,8,8,0,0.0,6,10.8,1.4,1.74,Enrolled,0,0.41692437788535514,Medium
1,15,1,9670,1,1,133.1,41,1,1,9,4,100.0,0,0,0,1,0,0,21,1,2,7,9,7,14.666666666666666,0,1,6,8,6,14.0,0,11.1,0.6,2.02,Graduate,0,0.0666577483249482,Low
1,1,1,9500,1,1,138.0,1,1,1,3,4,132.5,1,0,0,1,0,0,18,0,0,8,8,7,14.115714285714288,0,0,8,8,7,14.115714285714288,0,10.8,1.4,1.74,Graduate,0,0.05613530944679854,Low
1,1,4,9085,1,1,138.0,1,3,1,1,4,123.3,1,0,0,1,0,1,19,0,0,6,7,6,14.857142857142858,0,0,6,10,6,13.11111111111111,0,12.4,0.5,1.79,Graduate,0,0.1055348161758559,Low
1,1,2,9085,1,1,141.0,1,1,38,9,8,128.9,1,0,0,1,0,1,18,0,0,6,7,6,13.833333333333334,0,0,6,10,6,13.714285714285714,0,8.9,1.4,3.51,Graduate,0,0.0587073436177654,Low
1,17,2,9147,1,1,129.0,1,2,3,2,2,128.3,1,0,0,1,0,0,19,0,0,5,10,3,11.0,0,0,5,9,4,11.75,0,12.7,3.7,-1.7,Enrolled,0,0.13754067731039965,Low
1,43,1,9085,1,1,127.0,1,3,3,2,5,100.0,0,0,0,1,0,0,21,0,0,6,11,4,11.75,0,0,6,12,3,13.666666666666666,0,13.9,-0.3,0.79,Enrolled,0,0.3386524933102811,Medium
1,17,2,9147,1,1,133.0,1,19,1,9,3,120.1,1,0,0,1,0,1,18,0,0,5,15,2,10.0,0,0,5,14,2,12.0,0,13.9,-0.3,0.79,Dropout,1,0.5445960662850398,Medium
1,39,1,9500,1,1,100.0,1,37,37,7,7,160.0,1,0,0,1,0,1,24,0,0,8,15,6,12.415,0,0,8,15,6,12.415,0,10.8,1.4,1.74,Graduate,0,0.05418360006049293,Low
1,1,1,9130,1,1,138.0,1,4,5,2,2,123.0,1,0,0,1,0,0,21,0,0,5,12,1,11.0,0,0,5,9,2,10.5,0,12.7,3.7,-1.7,Enrolled,0,0.40178906073538495,Medium
1,44,1,9085,1,39,150.0,1,19,19,9,9,150.0,1,0,0,1,0,0,23,0,1,6,14,5,14.428571428571429,0,1,6,7,6,13.428571428571429,0,16.2,0.3,-0.92,Graduate,0,0.053918329901694664,Low
1,17,2,9500,1,1,129.0,1,38,19,5,7,124.0,1,0,0,1,0,1,18,0,0,8,8,7,14.312857142857142,0,0,8,8,7,14.312857142857142,0,10.8,1.4,1.74,Graduate,0,0.02598244973037469,Low
1,39,1,9085,1,1,130.0,1,4,1,2,9,120.0,0,0,0,0,0,0,26,0,0,6,8,6,15.428571428571429,0,0,6,7,5,14.5,0,11.1,0.6,2.02,Enrolled,0,0.17106658705354372,Low
1,1,1,9130,1,1,133.0,1,38,38,5,8,120.4,1,0,0,1,0,0,20,0,0,5,9,4,12.0,1,0,5,6,5,13.4,0,9.4,-0.8,-3.12,Graduate,0,0.042982099989545774,Low
1,1,1,9238,1,1,133.0,1,4,1,5,5,131.6,0,0,0,1,0,0,18,0,0,6,7,6,13.833333333333334,0,0,6,7,6,13.714285714285714,0,11.1,0.6,2.02,Graduate,0,0.055027529354457115,Low
1,1,1,9238,1,1,107.0,1,2,12,3,10,104.2,1,0,0,1,0,0,20,0,0,6,6,6,12.166666666666666,0,0,6,7,6,12.142857142857142,0,11.1,0.6,2.02,Graduate,0,0.03836974236774599,Low
1,1,1,9500,1,1,131.0,1,19,19,4,4,122.0,1,0,0,1,0,0,20,0,0,8,8,7,14.014285714285714,0,0,8,8,7,14.014285714285714,0,12.7,3.7,-1.7,Enrolled,0,0.03380111125440766,Low
1,17,2,9238,1,1,118.0,1,1,19,4,10,110.7,1,1,0,1,0,0,18,0,0,6,15,2,10.333333333333334,3,0,6,13,3,13.333333333333334,0,12.7,3.7,-1.7,Enrolled,0,0.23013360060277407,Low
1,1,4,9773,1,1,136.0,1,1,12,9,10,121.7,1,0,0,1,0,1,22,0,0,6,7,5,13.2,0,0,6,7,5,13.6,0,12.4,0.5,1.79,Graduate,0,0.19108527075440593,Low
1,1,1,9500,1,1,125.0,1,37,37,9,9,126.0,1,0,1,1,0,0,20,0,0,7,7,6,15.4,0,0,7,7,6,15.4,0,7.6,2.6,0.32,Graduate,0,0.039966621476703185,Low
1,17,4,9500,1,1,137.0,1,1,37,9,9,128.4,1,0,0,1,0,1,19,0,0,7,7,7,13.385714285714286,0,0,8,8,8,15.925,0,13.9,-0.3,0.79,Graduate,0,0.05959348613899504,Low
1,1,1,9130,1,1,144.0,1,3,1,2,4,134.9,1,0,1,1,0,0,18,0,0,6,13,6,10.857142857142858,0,0,6,10,4,11.0,0,15.5,2.8,-4.06,Dropout,1,0.6858815205308239,High
1,17,2,9147,1,1,146.0,1,38,37,6,6,143.9,0,0,0,1,0,0,18,0,0,5,11,5,11.333333333333334,0,0,5,8,5,12.0,0,13.9,-0.3,0.79,Graduate,0,0.05807493297987443,Low
1,1,4,9085,1,1,145.0,1,37,1,9,9,145.0,1,0,0,1,0,1,19,0,0,5,7,4,14.5,0,0,5,5,5,13.6,0,10.8,1.4,1.74,Graduate,0,0.052785735148355946,Low
1,1,2,9070,1,1,126.0,1,19,38,9,9,132.0,1,0,0,1,0,1,19,0,0,6,6,6,14.166666666666666,0,0,6,8,6,12.375,0,10.8,1.4,1.74,Graduate,0,0.038611910937613715,Low
1,17,1,8014,0,1,141.0,1,34,34,0,0,136.1,0,0,0,1,0,0,24,0,0,6,7,6,12.833333333333334,0,0,6,8,6,12.0,0,7.6,2.6,0.32,Graduate,0,0.13036609063051827,Low
1,1,1,9238,1,1,141.0,1,37,37,4,4,138.9,0,0,0,1,0,0,21,0,0,6,7,6,13.333333333333334,0,0,6,6,6,14.5,0,10.8,1.4,1.74,Graduate,0,0.039366226733296594,Low
1,1,1,9238,1,1,133.1,1,1,1,3,3,102.0,1,0,0,1,0,1,20,0,0,6,7,6,13.666666666666666,0,0,6,7,6,14.571428571428571,0,11.1,0.6,2.02,Graduate,0,0.03493780986495378,Low
1,39,1,9254,1,1,133.1,1,19,19,4,7,123.0,0,0,1,0,0,1,28,0,0,6,6,6,10.833333333333334,0,0,6,7,5,11.0,0,13.9,-0.3,0.79,Dropout,1,0.8110484744889609,High
1,1,2,9853,1,1,127.0,1,37,19,9,8,137.5,1,0,0,1,0,0,21,0,0,6,7,6,13.428571428571429,0,0,6,8,6,13.142857142857142,0,7.6,2.6,0.32,Graduate,0,0.07163038409888245,Low
1,1,1,9500,1,1,106.0,1,37,38,191,163,102.2,1,0,1,1,1,0,20,0,0,7,7,7,12.401428571428571,0,0,8,10,6,11.808333333333332,0,11.1,0.6,2.02,Enrolled,0,0.05017698182685865,Low
1,42,1,9003,1,1,130.0,1,3,2,2,6,105.3,0,0,0,0,1,0,36,0,0,6,8,0,0.0,0,0,6,10,0,0.0,0,16.2,0.3,-0.92,Dropout,1,0.992396619806875,High
2,39,1,9991,0,1,110.0,1,37,37,9,9,130.0,0,0,0,0,1,0,42,0,0,4,4,0,0.0,0,0,5,0,0,0.0,0,12.7,3.7,-1.7,Dropout,1,0.9870855220233317,High
2,39,1,9991,0,1,150.0,1,37,37,9,7,122.5,0,0,0,1,1,0,47,0,0,5,9,4,11.5,0,0,5,6,5,11.6,1,7.6,2.6,0.32,Dropout,1,0.5813583877413385,Medium
1,39,1,9119,1,1,160.0,1,1,38,4,7,112.0,0,0,0,0,1,0,25,0,0,5,8,0,0.0,0,0,5,5,0,0.0,0,9.4,-0.8,-3.12,Dropout,1,0.9351286159836606,High
1,39,1,9670,1,12,170.0,1,1,37,3,5,110.0,0,0,0,1,1,1,25,0,0,6,8,6,14.142857142857142,0,0,6,6,6,13.5,0,15.5,2.8,-4.06,Graduate,0,0.057396635698086285,Low
2,39,1,8014,0,19,133.1,1,19,37,6,8,149.5,0,0,0,1,1,0,48,0,0,6,6,0,0.0,0,0,5,6,0,0.0,0,12.4,0.5,1.79,Dropout,1,0.9887607870529359,High
1,43,1,9991,0,1,120.0,1,38,38,9,7,141.0,0,0,0,1,1,1,32,0,5,10,12,10,13.8,0,5,10,10,10,12.8,0,10.8,1.4,1.74,Graduate,0,0.10981741730015677,Low
1,7,1,9991,0,40,130.0,1,38,38,9,7,130.0,0,0,0,1,1,0,38,0,10,10,10,10,13.6,0,5,10,10,5,13.6,0,8.9,1.4,3.51,Dropout,1,0.7844365282996935,High
1,7,1,9238,1,40,130.0,1,37,37,5,5,130.0,0,0,0,1,1,0,37,0,11,16,23,15,11.733333333333333,0,6,11,17,9,11.88888888888889,0,15.5,2.8,-4.06,Graduate,0,0.16765053158889637,Low
1,39,2,9147,1,1,120.0,1,37,37,9,9,104.0,0,0,0,0,1,0,26,0,0,5,8,1,10.0,0,0,5,9,1,10.0,0,10.8,1.4,1.74,Dropout,1,0.9505470825655576,High
1,44,1,9085,1,39,110.0,1,3,5,2,2,110.0,0,0,0,1,1,0,23,0,0,6,19,0,0.0,0,0,6,6,0,0.0,0,13.9,-0.3,0.79,Dropout,1,0.9800706461905586,High
1,44,1,9003,1,39,120.0,1,38,19,3,5,120.0,0,0,0,1,1,0,23,0,0,6,6,0,0.0,0,0,6,8,0,0.0,0,15.5,2.8,-4.06,Enrolled,0,0.6341573022995505,High
1,44,1,9003,1,39,130.0,1,2,3,9,6,130.0,0,0,0,1,1,0,20,0,0,6,12,4,10.8,0,0,6,13,4,12.0,0,12.4,0.5,1.79,Enrolled,0,0.48393430161170853,Medium
1,39,1,9500,1,4,150.0,1,3,38,3,7,127.0,1,0,0,1,1,0,26,0,2,7,8,6,13.046666666666669,0,2,8,10,7,13.30625,0,11.1,0.6,2.02,Dropout,1,0.5405225222261115,Medium
1,43,1,8014,0,1,120.0,1,37,37,9,5,100.0,0,0,0,1,0,0,45,0,5,9,13,8,11.0,0,3,7,10,6,10.833333333333334,0,12.7,3.7,-1.7,Enrolled,0,0.12238788238910343,Low
1,39,1,8014,0,19,100.0,1,37,37,5,5,111.0,1,0,0,1,0,1,26,0,0,6,10,3,12.333333333333334,0,0,6,14,3,11.666666666666666,0,7.6,2.6,0.32,Enrolled,0,0.2375348769526137,Low
1,43,1,8014,0,3,133.1,1,9,9,90,90,130.0,0,0,0,1,0,0,26,0,8,11,16,10,11.8,0,3,7,7,7,13.285714285714286,0,7.6,2.6,0.32,Graduate,0,0.13686261992166016,Low
1,39,1,9991,0,1,130.0,1,37,37,9,9,130.1,0,0,0,1,0,0,25,0,0,5,8,3,11.0,0,0,5,8,3,11.25,0,10.8,1.4,1.74,Enrolled,0,0.6957253313723752,High
1,16,4,9500,1,1,145.0,1,1,1,4,4,127.5,1,0,0,1,0,0,18,0,0,8,8,8,13.11,0,0,8,8,8,13.11,0,9.4,-0.8,-3.12,Graduate,0,0.06944927285237594,Low
1,7,1,9500,1,3,130.0,1,37,37,7,7,130.0,1,0,0,1,0,0,27,0,0,8,8,7,14.414285714285716,0,0,8,8,7,14.414285714285716,0,12.7,3.7,-1.7,Graduate,0,0.041784418857566424,Low
6,17,3,8014,0,1,115.0,1,19,1,5,90,115.0,0,0,0,0,0,0,24,0,0,5,5,0,0.0,0,0,5,10,0,0.0,0,10.8,1.4,1.74,Dropout,1,0.9864006404067693,High
1,17,1,9147,1,1,124.0,1,38,19,6,10,126.8,1,0,0,1,0,0,20,0,0,5,8,5,12.333333333333334,0,0,5,7,5,12.2,0,15.5,2.8,-4.06,Graduate,0,0.07082796571445112,Low
1,1,1,9500,1,1,124.0,1,1,19,9,8,116.7,1,0,0,1,0,1,18,0,0,7,9,0,0.0,0,0,7,8,1,10.0,0,15.5,2.8,-4.06,Dropout,1,0.9079292604439744,High
1,17,6,9556,1,1,134.0,1,19,38,7,7,128.5,1,0,0,1,0,1,18,0,0,7,9,7,14.1,0,0,8,8,8,13.3125,0,12.7,3.7,-1.7,Graduate,0,0.03644372131291186,Low
1,1,4,9500,1,1,137.0,1,37,37,9,9,127.5,1,0,0,1,0,0,18,0,0,8,8,8,13.045,0,0,8,8,8,13.045,0,9.4,-0.8,-3.12,Graduate,0,0.05042143095556875,Low
1,1,1,9500,1,1,124.0,1,19,37,3,8,117.5,1,0,0,1,1,0,19,0,0,8,10,5,12.858,3,0,8,10,5,12.858,3,9.4,-0.8,-3.12,Enrolled,0,0.12769268984130178,Low
1,42,3,9500,1,1,136.0,1,1,1,4,4,148.8,1,0,0,1,0,1,19,0,0,8,8,8,14.2525,0,0,8,8,8,14.2525,0,9.4,-0.8,-3.12,Graduate,0,0.03554636059921647,Low
1,1,4,9500,1,1,126.0,1,12,1,5,10,120.2,0,0,0,1,0,1,19,0,0,7,9,5,14.06,0,0,7,9,7,11.242857142857142,0,12.4,0.5,1.79,Enrolled,0,0.06688760122491078,Low
1,1,4,9500,1,1,142.0,1,38,37,9,5,127.3,1,0,0,1,0,0,18,0,0,8,8,7,15.075714285714286,0,0,8,8,7,15.075714285714286,0,10.8,1.4,1.74,Graduate,0,0.042477156656411295,Low
1,17,2,171,1,1,141.0,1,19,37,9,9,136.1,1,0,0,1,0,1,18,0,0,0,0,0,0.0,0,0,0,0,0,0.0,0,12.7,3.7,-1.7,Enrolled,0,0.12074108481568435,Low
1,43,2,9670,1,1,129.0,1,3,3,5,5,122.4,1,0,0,1,0,0,19,0,0,5,5,4,13.75,0,0,6,9,5,12.6,0,12.7,3.7,-1.7,Enrolled,0,0.13162542904196473,Low
1,7,0,9003,1,3,130.0,1,1,37,4,9,130.0,1,0,0,1,0,0,23,0,10,17,28,17,13.15,2,8,12,22,12,13.214285714285714,0,15.5,2.8,-4.06,Graduate,0,0.07583593070617135,Low
1,1,2,9238,1,1,136.0,1,19,19,4,7,121.7,1,0,0,1,0,1,21,0,0,6,9,5,12.333333333333334,0,0,6,7,5,11.8,0,13.9,-0.3,0.79,Graduate,0,0.06100722866591579,Low
1,1,3,9500,1,1,137.0,1,38,38,5,7,122.7,1,0,0,1,0,1,18,0,0,7,8,7,13.778571428571428,0,0,8,10,8,13.122222222222222,0,16.2,0.3,-0.92,Graduate,0,0.04411167115701276,Low
1,1,1,9853,1,1,125.0,1,34,37,9,9,129.2,1,0,1,0,0,0,20,0,0,6,12,3,10.333333333333334,0,0,6,14,1,11.0,0,10.8,1.4,1.74,Dropout,1,0.9642773759292693,High
1,43,1,9773,1,1,119.0,1,19,37,5,5,105.0,1,0,0,1,0,0,23,0,0,6,11,3,11.333333333333334,0,0,6,7,2,11.0,0,16.2,0.3,-0.92,Enrolled,0,0.6209182470741588,High
1,1,1,9238,1,1,132.0,1,37,37,9,7,129.9,1,0,0,1,0,0,20,0,0,6,7,5,13.2,0,0,6,6,6,12.666666666666666,0,10.8,1.4,1.74,Enrolled,0,0.041099708313503104,Low
1,1,1,9070,1,1,152.0,1,37,37,5,7,136.3,0,0,0,1,0,1,18,0,1,6,8,6,13.571428571428571,1,0,6,11,6,12.375,0,13.9,-0.3,0.79,Graduate,0,0.05161304853678674,Low
1,1,1,8014,0,1,125.0,1,37,37,9,7,114.9,0,0,0,1,0,0,29,0,8,11,14,11,12.75,0,3,7,7,7,13.428571428571429,0,9.4,-0.8,-3.12,Graduate,0,0.08955692942192565,Low
1,39,1,9773,1,9,133.1,1,38,1,5,4,102.0,1,0,0,1,1,0,28,0,0,6,11,3,13.0,0,0,6,15,1,12.0,0,7.6,2.6,0.32,Dropout,1,0.8245614186131398,High
1,1,3,9670,1,1,120.0,1,37,37,7,7,111.3,1,0,0,1,1,0,19,0,0,5,7,3,11.333333333333334,0,0,5,7,4,11.0,0,9.4,-0.8,-3.12,Enrolled,0,0.21065432353961108,Low
1,39,1,9670,1,1,148.0,1,19,19,7,7,130.9,0,0,1,0,1,0,24,0,0,6,12,0,0.0,0,0,6,9,0,0.0,0,10.8,1.4,1.74,Dropout,1,0.9888345057108252,High
1,39,1,171,1,1,133.1,1,37,37,9,7,100.0,0,0,1,1,1,1,33,0,0,0,0,0,0.0,0,0,0,0,0,0.0,0,15.5,2.8,-4.06,Dropout,1,0.6079761455449085,High
1,17,1,9147,1,1,115.0,1,19,37,5,7,112.9,1,0,0,0,1,0,19,0,0,5,7,2,12.5,0,0,5,13,1,11.0,0,9.4,-0.8,-3.12,Dropout,1,0.9370852493226172,High
1,1,1,9085,1,1,120.0,1,38,19,9,3,112.7,0,0,0,1,1,0,19,0,0,6,7,6,14.857142857142858,0,0,6,8,6,14.142857142857142,0,11.1,0.6,2.02,Graduate,0,0.03946450216791424,Low
4,39,1,8014,0,1,133.1,1,37,37,7,7,143.0,0,0,0,1,1,0,37,0,3,9,13,8,12.0,0,2,7,8,7,11.571428571428571,0,12.7,3.7,-1.7,Graduate,0,0.11053214844784416,Low
1,1,1,171,1,1,168.0,1,38,37,9,8,155.1,1,0,1,0,1,1,18,0,0,0,0,0,0.0,0,0,0,0,0,0.0,0,12.7,3.7,-1.7,Graduate,0,0.20604761904761906,Low
4,39,1,9991,0,1,130.0,1,37,37,9,9,127.6,0,0,0,1,1,0,29,0,0,5,5,0,0.0,0,0,5,5,0,0.0,0,7.6,2.6,0.32,Enrolled,0,0.7087407310233489,High
2,39,1,9500,1,38,133.1,1,37,37,9,3,146.6,0,0,0,1,1,0,37,0,0,7,8,7,12.828571428571427,0,0,8,8,8,12.6875,0,13.9,-0.3,0.79,Graduate,0,0.06058103093235648,Low
1,39,1,9500,1,1,137.0,1,37,37,9,9,141.0,0,0,0,1,1,0,36,0,0,7,0,0,0.0,0,0,8,0,0,0.0,0,12.4,0.5,1.79,Dropout,1,0.9932400913961263,High
1,1,2,9670,1,1,123.0,1,1,38,7,7,120.6,1,0,0,1,1,0,19,0,0,6,6,6,13.333333333333334,0,0,6,8,5,14.0,0,8.9,1.4,3.51,Graduate,0,0.061452330803148776,Low
1,42,1,9500,1,1,150.0,1,19,1,9,3,110.0,1,0,0,1,1,1,33,0,6,14,20,14,13.072857142857144,6,6,14,20,14,13.072857142857144,6,9.4,-0.8,-3.12,Graduate,0,0.11540988296938272,Low
1,42,1,9119,1,1,120.0,1,1,1,5,7,108.6,0,0,0,0,1,0,34,0,2,7,13,5,12.0,0,2,7,7,3,11.0,0,15.5,2.8,-4.06,Dropout,1,0.9427868707176535,High
1,1,1,9254,1,1,145.0,1,3,19,3,8,134.9,1,0,0,1,0,0,18,0,0,6,6,6,15.5,0,0,6,6,6,16.0,0,12.4,0.5,1.79,Graduate,0,0.10065564398454942,Low
1,44,1,9130,1,39,120.0,1,3,1,2,4,120.0,1,0,0,1,0,0,20,0,0,6,6,0,0.0,0,0,6,6,0,0.0,0,12.4,0.5,1.79,Dropout,1,0.9627713808716116,High
1,1,1,9773,1,1,142.0,1,19,37,4,7,141.3,0,0,0,1,0,1,19,0,0,6,7,6,14.714285714285714,0,0,6,6,6,15.166666666666666,0,13.9,-0.3,0.79,Graduate,0,0.055385437124286445,Low
1,1,3,9085,1,1,147.0,1,19,19,9,1,135.6,1,0,0,1,0,0,20,0,0,6,7,6,16.714285714285715,0,0,6,6,6,15.333333333333334,0,13.9,-0.3,0.79,Graduate,0,0.08468218353711901,Low
1,1,1,9238,1,1,125.0,1,19,19,9,9,121.5,1,0,0,1,0,1,19,0,0,6,9,6,10.857142857142858,0,0,6,7,6,11.666666666666666,0,12.4,0.5,1.79,Graduate,0,0.023021090622175226,Low
1,1,4,9500,1,1,126.0,1,19,19,9,9,125.0,1,0,0,1,0,0,19,0,0,7,8,6,11.658333333333331,0,0,8,11,6,12.416666666666666,0,12.4,0.5,1.79,Graduate,0,0.07295700032186211,Low
1,18,2,9773,1,1,132.0,24,37,19,9,7,119.1,1,0,0,1,0,1,22,1,0,6,8,5,11.6,0,0,6,7,6,12.0,0,9.4,-0.8,-3.12,Graduate,0,0.09185787785465811,Low
1,1,1,9670,1,1,122.0,1,12,12,5,7,126.6,1,0,0,1,0,0,18,0,0,6,8,6,14.625,0,0,6,9,6,14.142857142857142,0,11.1,0.6,2.02,Enrolled,0,0.09712557754056475,Low
1,1,1,9773,1,1,123.0,1,1,38,9,9,116.7,0,0,0,1,0,1,18,0,0,6,6,6,12.166666666666666,0,0,6,8,6,12.666666666666666,0,12.4,0.5,1.79,Graduate,0,0.04145528888182523,Low
1,1,3,9500,1,1,126.0,1,1,19,131,181,120.1,1,0,0,1,0,0,19,0,0,7,12,4,13.375,0,0,7,8,6,12.116666666666667,0,12.4,0.5,1.79,Enrolled,0,0.09171652658943778,Low
1,1,1,9853,1,1,128.0,1,38,37,9,9,124.9,0,0,0,1,0,1,19,0,0,6,6,6,12.5,0,0,6,6,6,12.833333333333334,0,12.7,3.7,-1.7,Graduate,0,0.04167534325277755,Low
1,39,1,9500,1,1,100.0,1,19,1,1,90,114.0,1,0,1,0,0,0,31,0,0,7,8,5,12.56,0,0,7,8,5,12.56,0,7.6,2.6,0.32,Dropout,1,0.8681352599376402,High
1,17,5,9500,1,1,140.0,1,1,1,4,3,131.1,1,0,0,1,0,0,18,0,0,7,7,7,13.19,0,0,8,8,8,14.23125,0,11.1,0.6,2.02,Graduate,0,0.11920354578897763,Low
1,1,1,9238,1,1,145.0,1,1,19,9,9,129.3,0,0,1,1,0,1,19,0,0,6,11,3,11.0,0,0,6,9,4,11.25,0,10.8,1.4,1.74,Graduate,0,0.14421755307673814,Low
1,1,1,171,1,1,143.0,1,3,38,2,10,129.7,1,0,0,1,0,0,18,0,0,0,0,0,0.0,0,0,0,0,0,0.0,0,13.9,-0.3,0.79,Graduate,0,0.15820169634179077,Low
1,17,1,9238,1,1,132.0,1,37,38,9,5,120.8,0,0,0,1,0,1,19,0,0,6,11,5,11.6,0,0,6,10,6,11.714285714285714,0,15.5,2.8,-4.06,Graduate,0,0.0399572361547664,Low
1,1,1,9500,1,1,130.0,1,19,19,9,6,135.0,0,0,0,1,0,0,19,0,0,7,7,6,14.266666666666666,0,0,7,7,6,14.266666666666666,0,7.6,2.6,0.32,Graduate,0,0.01927032644917888,Low
1,1,1,9147,1,1,129.0,1,37,37,9,7,117.8,0,0,0,1,0,1,19,0,0,5,6,4,11.0,0,0,5,9,4,13.857142857142858,0,10.8,1.4,1.74,Enrolled,0,0.03497239461221567,Low
2,7,1,8014,0,3,124.4,1,37,34,0,0,130.0,0,0,0,1,0,0,30,0,8,10,11,9,12.666666666666666,0,3,7,7,7,12.428571428571429,1,7.6,2.6,0.32,Graduate,0,0.16309618326560196,Low
1,43,1,9773,1,1,127.0,1,19,1,5,5,117.6,1,0,0,1,0,0,18,0,0,6,6,0,0.0,0,0,6,10,3,11.0,0,16.2,0.3,-0.92,Enrolled,0,0.3514204135358845,Medium
1,18,6,9500,1,1,144.0,1,1,1,3,6,130.8,1,0,0,1,0,0,18,0,0,8,11,7,12.771428571428572,0,0,8,11,7,12.771428571428572,0,12.7,3.7,-1.7,Graduate,0,0.07615570323045553,Low
1,18,5,9085,1,1,121.0,1,5,3,2,3,111.9,1,0,0,1,0,0,21,0,0,5,12,0,0.0,3,0,5,5,0,0.0,0,12.7,3.7,-1.7,Dropout,1,0.9553407937349578,High
1,44,1,9238,1,1,150.0,1,1,38,4,9,145.9,0,0,0,1,0,1,19,0,3,6,6,6,15.5,0,2,6,7,6,13.571428571428571,0,13.9,-0.3,0.79,Graduate,0,0.03745637176785786,Low
1,17,1,9670,1,1,115.0,1,1,1,4,4,109.1,1,0,0,1,0,1,19,0,0,6,7,6,13.285714285714286,0,0,6,9,5,14.6,0,12.4,0.5,1.79,Enrolled,0,0.07066758448426794,Low
1,1,5,9500,1,1,125.0,1,3,19,4,8,120.3,1,0,0,1,0,0,19,0,0,7,11,5,11.716666666666669,0,0,7,8,5,13.7,0,13.9,-0.3,0.79,Enrolled,0,0.07558279647734718,Low
1,17,1,9130,1,1,117.0,1,19,19,4,4,113.5,1,0,0,1,0,0,19,0,0,6,8,6,11.333333333333334,0,0,6,12,4,13.75,0,8.9,1.4,3.51,Dropout,1,0.4271919542588968,Medium
1,1,2,9670,1,1,121.0,1,1,19,4,7,135.4,1,0,0,1,0,1,19,0,0,6,6,6,13.333333333333334,0,0,6,10,5,13.4,0,8.9,1.4,3.51,Graduate,0,0.11008590224672929,Low
2,39,1,9991,0,1,140.0,1,37,37,9,6,130.2,0,0,0,1,0,1,39,0,0,5,13,4,12.333333333333334,0,0,5,14,2,10.0,4,16.2,0.3,-0.92,Graduate,0,0.36889562929474307,Medium
1,1,2,9070,1,1,129.0,1,3,4,2,2,136.4,1,0,0,1,0,0,18,0,0,6,6,6,12.333333333333334,0,0,6,6,6,12.833333333333334,0,7.6,2.6,0.32,Enrolled,0,0.0568939262677729,Low
1,17,1,171,1,1,130.0,1,3,1,9,9,126.9,1,0,0,1,0,0,20,0,0,0,0,0,0.0,0,0,0,0,0,0.0,0,12.7,3.7,-1.7,Dropout,1,0.8393082090018743,High
1,17,5,9147,1,1,131.0,1,19,38,3,10,119.8,1,0,0,1,0,0,19,0,0,5,8,5,12.6,0,0,5,9,4,11.6,0,8.9,1.4,3.51,Graduate,0,0.2542270600689138,Low
1,17,3,9147,1,1,137.0,1,1,1,4,7,124.4,1,0,0,1,0,0,18,0,0,5,5,5,12.6,0,0,5,5,4,11.0,0,11.1,0.6,2.02,Enrolled,0,0.12143271399387319,Low
2,39,1,9003,1,1,150.0,1,3,3,2,2,120.0,0,0,1,0,0,0,34,0,1,6,10,6,14.333333333333334,0,0,6,9,6,12.833333333333334,0,11.1,0.6,2.02,Enrolled,0,0.14730632737853214,Low
1,1,2,9670,1,1,117.0,1,37,37,9,9,111.8,0,0,0,1,0,0,22,0,0,5,8,3,12.0,0,0,5,9,2,11.0,1,7.6,2.6,0.32,Enrolled,0,0.5808608578544213,Medium
1,39,1,9085,1,1,133.1,1,19,19,7,7,130.0,1,0,0,1,0,0,24,0,0,6,7,6,14.857142857142858,0,0,6,10,5,13.6,0,13.9,-0.3,0.79,Graduate,0,0.10358616539087559,Low
2,43,1,9147,1,1,130.0,1,19,37,7,10,138.0,0,0,0,1,0,0,34,0,12,15,17,12,11.916666666666666,0,11,13,13,11,13.181818181818182,0,7.6,2.6,0.32,Graduate,0,0.1614092883438319,Low
2,39,1,9991,0,1,110.0,1,34,34,0,0,114.6,1,0,0,1,0,0,46,0,0,5,5,0,0.0,0,0,5,5,0,0.0,0,7.6,2.6,0.32,Dropout,1,0.9799032819417482,High
2,39,2,9147,1,1,140.0,1,37,37,9,8,108.0,0,0,0,1,0,0,50,0,0,5,12,3,13.333333333333334,1,0,5,8,5,12.2,0,9.4,-0.8,-3.12,Enrolled,0,0.16222468826410788,Low
1,39,1,9991,0,1,140.0,1,37,37,9,5,140.0,0,0,0,0,0,0,37,0,0,5,5,0,0.0,0,0,5,5,0,0.0,0,15.5,2.8,-4.06,Dropout,1,0.9881515868085506,High
1,1,2,9085,1,1,148.0,1,38,19,4,9,134.7,1,0,0,1,0,0,18,0,0,6,6,6,17.0,0,0,6,6,6,15.5,0,8.9,1.4,3.51,Graduate,0,0.07120972467796392,Low
1,39,1,9085,1,1,130.0,1,37,37,6,6,110.0,0,0,0,1,0,1,25,0,0,6,13,3,11.666666666666666,0,0,6,14,2,11.333333333333334,0,11.1,0.6,2.02,Enrolled,0,0.408492594474421,Medium
2,39,1,9003,1,1,140.0,1,37,37,9,6,104.8,0,0,0,1,0,0,46,0,14,19,24,19,12.210526315789474,0,11,13,13,13,11.384615384615383,0,15.5,2.8,-4.06,Graduate,0,0.04757336431571841,Low
2,39,1,9070,1,1,160.0,1,3,1,2,5,126.5,0,0,0,1,0,1,30,0,1,6,8,6,13.0,1,0,6,9,5,12.857142857142858,0,13.9,-0.3,0.79,Graduate,0,0.08816097203239018,Low
4,1,1,9991,0,1,130.0,1,37,37,9,9,118.1,0,0,1,0,0,0,37,0,0,5,0,0,0.0,0,0,5,0,0,0.0,0,12.7,3.7,-1.7,Dropout,1,0.9724112525626435,High
2,39,1,9991,0,1,120.0,1,37,37,9,9,119.9,0,0,0,1,0,0,50,0,0,5,9,2,10.5,0,0,5,7,3,11.0,0,12.7,3.7,-1.7,Enrolled,0,0.3763117929629688,Medium
1,44,1,9003,1,39,160.0,1,38,38,9,6,160.0,1,0,0,1,0,0,20,0,0,6,7,6,13.571428571428571,0,0,6,9,6,12.714285714285714,0,12.4,0.5,1.79,Graduate,0,0.041697045609674174,Low
2,39,2,9556,1,12,133.1,1,34,34,99,99,100.5,0,0,0,1,0,0,39,0,0,3,7,1,14.0,0,0,2,4,0,0.0,0,11.1,0.6,2.02,Dropout,1,0.9549530151583783,High
2,39,1,9773,1,19,133.1,1,37,37,9,6,110.0,0,0,0,0,0,0,53,0,0,5,5,0,0.0,0,0,4,5,0,0.0,0,15.5,2.8,-4.06,Dropout,1,0.9944763914247416,High
2,42,1,9147,1,1,100.0,1,37,37,9,9,100.0,1,0,0,1,0,0,54,0,13,15,20,13,12.461538461538462,1,10,13,13,10,11.1,1,15.5,2.8,-4.06,Dropout,1,0.24860385539079288,Low
1,44,1,9085,1,39,140.0,1,3,3,4,2,140.0,1,0,0,1,0,0,19,0,0,6,8,4,14.4,0,0,6,6,5,13.0,0,13.9,-0.3,0.79,Graduate,0,0.11454618933980958,Low
1,18,2,9773,1,1,109.0,1,1,1,4,4,109.0,1,0,0,0,0,0,20,0,0,6,6,0,0.0,0,0,6,0,0,0.0,0,8.9,1.4,3.51,Dropout,1,0.9615163721915244,High
1,1,3,9773,1,1,130.0,1,1,37,4,5,120.9,1,0,1,1,0,0,18,0,0,6,6,6,14.333333333333334,0,0,6,6,6,14.166666666666666,0,8.9,1.4,3.51,Graduate,0,0.08520674618612466,Low
1,53,1,9003,1,42,130.0,1,1,1,144,144,125.8,0,0,1,1,0,0,21,0,7,13,21,11,11.909090909090908,0,5,11,14,11,10.727272727272728,0,8.9,1.4,3.51,Graduate,0,0.09796927487774708,Low
1,18,3,9070,1,1,164.0,1,1,1,5,3,161.2,1,0,0,1,0,0,18,0,1,6,8,6,13.714285714285714,1,0,6,8,6,14.375,0,13.9,-0.3,0.79,Graduate,0,0.12441900282076766,Low
1,1,1,9500,1,1,125.0,1,19,19,9,10,122.0,1,0,1,1,0,0,19,0,0,7,0,0,0.0,0,0,8,0,0,0.0,0,11.1,0.6,2.02,Dropout,1,0.9896564107512931,High
1,17,1,9500,1,1,137.0,1,1,1,9,9,127.9,1,0,0,1,0,1,18,0,0,7,10,5,13.46,0,0,7,8,7,12.2375,0,11.1,0.6,2.02,Dropout,1,0.32748655985849834,Medium
1,1,1,9773,1,1,133.0,1,1,3,3,3,135.8,1,0,0,1,0,0,19,0,0,6,6,6,15.0,0,0,6,6,6,13.333333333333334,0,11.1,0.6,2.02,Graduate,0,0.10577318127448083,Low
1,1,1,171,1,1,163.0,1,1,1,4,3,149.7,1,0,0,1,0,1,18,0,0,0,0,0,0.0,0,0,0,0,0,0.0,0,13.9,-0.3,0.79,Dropout,1,0.6309670394502821,High
1,1,2,9670,1,1,160.0,1,2,1,4,4,137.3,1,0,0,1,0,0,19,0,0,6,7,5,13.4,0,0,6,6,5,12.8,0,12.7,3.7,-1.7,Graduate,0,0.10154893131478784,Low
4,43,1,8014,0,12,133.1,1,34,34,0,0,106.0,1,0,0,1,0,0,48,0,0,6,9,5,13.0,0,0,6,10,4,12.5,0,7.6,2.6,0.32,Enrolled,0,0.4991307374593921,Medium
4,43,1,9238,1,1,120.0,1,37,37,9,9,110.0,0,0,1,1,0,0,34,0,0,6,13,4,11.25,0,0,6,8,4,13.75,0,13.9,-0.3,0.79,Graduate,0,0.3293026909679183,Medium
1,1,1,9085,1,1,140.0,1,3,3,2,2,146.4,0,0,0,1,0,0,18,0,0,5,5,5,12.6,0,0,5,7,5,11.6,0,7.6,2.6,0.32,Graduate,0,0.05702565426327195,Low
2,39,1,8014,0,1,140.0,1,37,37,9,9,121.0,0,0,0,1,0,0,50,0,0,6,8,6,12.666666666666666,0,0,6,6,6,11.833333333333334,0,10.8,1.4,1.74,Graduate,0,0.032203537535236186,Low
1,43,1,9853,1,1,140.0,1,37,37,6,6,125.2,0,0,1,1,0,0,41,0,20,21,23,21,12.333333333333334,0,19,19,19,19,12.105263157894736,0,12.4,0.5,1.79,Graduate,0,0.15372905279781782,Low
1,17,2,9773,1,1,115.0,1,1,1,5,5,119.6,1,0,0,1,0,1,22,0,0,6,11,5,12.0,0,0,6,11,5,11.0,0,7.6,2.6,0.32,Dropout,1,0.5736402300427781,Medium
4,39,1,9147,1,1,140.0,1,37,37,9,9,142.8,0,0,0,1,0,0,43,0,0,5,5,5,16.4,0,0,5,5,5,16.6,0,7.6,2.6,0.32,Graduate,0,0.05267363365424957,Low
2,39,1,8014,0,19,133.1,1,3,19,90,90,123.5,0,0,0,1,0,0,50,0,0,1,1,0,0.0,1,0,6,0,0,0.0,0,10.8,1.4,1.74,Dropout,1,0.9579609231265225,High
1,39,1,9003,1,19,133.1,1,37,37,9,9,100.0,0,0,0,1,0,0,60,0,0,6,10,6,12.75,0,0,6,6,4,14.75,0,13.9,-0.3,0.79,Graduate,0,0.1749742839519831,Low
2,39,1,9147,1,1,110.0,1,37,37,9,10,140.0,0,0,0,1,0,0,41,0,0,5,14,4,14.5,1,0,5,12,5,13.0,0,9.4,-0.8,-3.12,Enrolled,0,0.3140423485071776,Medium
2,39,1,9991,0,19,133.1,1,37,37,9,9,150.3,0,0,0,1,0,0,47,0,0,5,5,5,14.8,0,0,5,5,5,14.4,0,7.6,2.6,0.32,Graduate,0,0.06048520592957069,Low
1,1,1,171,1,3,116.0,1,3,3,2,2,128.2,0,0,0,1,0,0,22,0,12,17,22,17,10.36842105263158,0,14,17,18,17,11.5,0,11.1,0.6,2.02,Graduate,0,0.13696955550859025,Low
2,39,1,9500,1,1,110.0,1,37,37,9,6,114.3,0,0,0,1,0,0,41,0,0,7,0,0,0.0,0,0,8,0,0,0.0,0,10.8,1.4,1.74,Dropout,1,0.9870279816263743,High
2,43,1,9991,0,1,140.0,1,38,37,5,6,117.3,0,0,0,1,0,0,28,0,6,10,15,6,10.666666666666666,0,5,10,17,9,11.333333333333334,1,7.6,2.6,0.32,Enrolled,0,0.14224763253259226,Low
5,42,1,9254,1,2,120.0,1,37,37,4,9,120.0,0,0,0,1,0,0,32,0,9,15,21,13,12.692307692307692,0,12,15,22,13,12.384615384615383,0,10.8,1.4,1.74,Graduate,0,0.12443805508809433,Low
2,39,1,9991,0,12,133.1,1,37,34,90,90,110.7,1,0,0,1,0,0,50,0,0,5,0,0,0.0,0,0,5,0,0,0.0,0,7.6,2.6,0.32,Dropout,1,0.9827643153700655,High
1,51,1,9147,1,1,160.0,1,1,37,9,10,118.0,0,0,0,1,0,0,53,0,14,15,15,15,11.8,0,12,13,13,12,11.666666666666666,1,8.9,1.4,3.51,Enrolled,0,0.24815987527665787,Low
1,39,1,9556,1,1,133.1,6,3,3,4,4,169.2,0,0,1,0,0,0,54,1,0,7,7,0,0.0,0,0,5,10,0,0.0,0,12.4,0.5,1.79,Dropout,1,0.9857671690972712,High
1,39,1,8014,0,1,120.0,1,37,37,9,7,106.8,0,0,0,1,0,0,49,0,0,6,9,5,12.333333333333334,0,0,6,12,4,11.5,0,13.9,-0.3,0.79,Enrolled,0,0.23704194035145376,Low
2,42,1,9853,1,1,133.1,1,37,37,4,7,100.0,0,0,0,1,0,0,34,0,6,12,18,11,13.0,0,4,13,22,8,11.875,0,12.7,3.7,-1.7,Dropout,1,0.6923158880194007,High
4,39,1,8014,0,1,133.1,1,38,37,5,7,144.5,0,0,0,1,0,0,45,0,0,6,13,4,12.5,0,0,6,8,3,11.666666666666666,0,16.2,0.3,-0.92,Dropout,1,0.655922921124091,High
4,39,1,8014,0,19,133.1,1,37,37,9,7,134.5,0,0,0,1,0,1,47,0,0,6,8,5,12.2,0,0,6,10,4,11.25,0,12.4,0.5,1.79,Graduate,0,0.15246763454877083,Low
1,43,1,9238,1,1,122.0,1,19,19,5,5,114.3,1,0,0,1,0,0,22,0,5,10,15,8,11.0,0,2,7,16,5,11.2,0,9.4,-0.8,-3.12,Enrolled,0,0.1844452773191843,Low
2,39,1,9991,0,1,133.1,1,37,37,9,9,113.4,0,0,0,1,0,0,33,0,0,5,14,1,10.0,0,0,5,13,2,12.0,0,12.4,0.5,1.79,Dropout,1,0.900880262382141,High
2,39,1,8014,0,1,140.0,1,37,37,9,9,128.0,0,0,0,1,0,1,43,0,0,6,7,6,12.333333333333334,0,0,6,8,6,11.5,0,8.9,1.4,3.51,Graduate,0,0.030206796975566413,Low
1,7,1,9003,1,3,120.0,1,37,37,6,6,120.0,0,0,0,1,0,0,54,0,9,13,13,13,14.307692307692308,0,5,12,15,12,15.23076923076923,0,15.5,2.8,-4.06,Graduate,0,0.06880273158776173,Low
1,39,1,8014,0,2,130.0,1,37,37,5,7,147.5,0,0,0,1,0,0,39,0,7,11,13,11,14.454545454545457,0,6,8,8,8,13.5,0,12.7,3.7,-1.7,Graduate,0,0.04665176755018311,Low
2,39,1,9991,0,1,120.0,1,37,37,9,9,120.7,0,0,0,1,0,0,39,0,0,5,6,5,11.0,0,0,5,5,5,13.2,0,7.6,2.6,0.32,Graduate,0,0.07895684306086781,Low
1,1,1,9853,1,1,153.0,1,19,37,9,9,153.7,0,0,0,1,0,1,18,0,0,6,8,6,13.142857142857142,0,0,6,6,6,12.833333333333334,0,15.5,2.8,-4.06,Graduate,0,0.057643836673406786,Low
1,17,1,9238,1,1,131.0,1,37,37,9,7,121.9,0,0,0,1,0,1,19,0,0,6,8,6,13.75,0,0,6,7,6,11.857142857142858,0,16.2,0.3,-0.92,Graduate,0,0.02066966506832663,Low
1,17,4,9670,1,1,126.0,1,38,19,9,6,119.4,1,0,0,1,0,1,18,0,0,6,6,6,14.0,0,0,6,9,5,13.8,0,8.9,1.4,3.51,Graduate,0,0.09473711755322821,Low
2,39,1,8014,0,12,110.0,1,34,34,0,0,157.8,0,0,0,1,0,0,44,0,5,8,13,8,13.75,0,2,6,9,6,12.5,0,7.6,2.6,0.32,Graduate,0,0.1573944446873174,Low
1,39,1,9991,0,1,150.0,1,3,1,3,9,154.0,0,0,0,1,0,0,27,0,0,5,5,0,0.0,0,0,5,6,0,0.0,0,12.4,0.5,1.79,Dropout,1,0.9896929262433101,High
1,1,2,9670,1,1,131.0,1,1,19,4,7,135.9,1,0,0,1,0,1,18,0,0,6,6,6,13.166666666666666,0,0,6,8,6,12.428571428571429,0,8.9,1.4,3.51,Graduate,0,0.13641282076020061,Low
2,43,1,8014,0,1,130.0,1,34,34,0,0,130.0,0,0,0,1,0,0,45,0,10,12,12,9,12.444444444444445,3,4,7,8,6,12.0,0,9.4,-0.8,-3.12,Dropout,1,0.7217490288629104,High
1,17,4,9853,1,1,122.0,1,38,37,9,9,118.9,1,0,0,1,0,0,20,0,0,6,7,6,12.666666666666666,0,0,6,7,5,13.0,0,7.6,2.6,0.32,Graduate,0,0.0856302152479762,Low
2,1,1,8014,0,1,151.0,1,37,37,9,9,152.4,0,0,0,1,0,0,40,0,0,6,7,6,11.333333333333334,0,0,6,7,6,10.5,0,10.8,1.4,1.74,Graduate,0,0.06729272475013594,Low
1,39,1,9991,0,1,120.0,1,37,37,6,6,147.8,0,0,0,1,0,0,40,0,0,5,9,4,11.25,0,0,5,6,5,12.0,0,13.9,-0.3,0.79,Enrolled,0,0.22110300162878654,Low
1,43,1,9500,1,1,136.0,1,3,3,2,2,100.0,0,0,0,1,0,0,18,0,0,7,8,7,13.6125,0,0,8,8,8,14.575,0,13.9,-0.3,0.79,Graduate,0,0.06310664755818608,Low
1,18,6,9500,1,1,140.0,1,3,19,3,8,129.0,1,0,0,1,0,0,21,0,0,8,8,7,12.414285714285716,0,0,8,8,7,12.414285714285716,0,12.7,3.7,-1.7,Graduate,0,0.04962021399269374,Low
1,17,2,171,1,1,131.0,1,2,1,3,3,148.9,1,0,0,1,0,0,20,0,0,0,0,0,0.0,0,0,0,0,0,0.0,0,9.4,-0.8,-3.12,Graduate,0,0.24994441084141308,Low
2,43,1,9991,0,2,120.0,1,37,37,9,8,120.0,0,0,0,1,0,0,36,0,8,12,21,11,11.5,0,7,12,22,12,11.4375,0,9.4,-0.8,-3.12,Enrolled,0,0.18120074601954755,Low
2,7,1,8014,0,3,170.0,1,19,19,4,4,170.0,0,0,0,1,0,0,27,0,0,5,5,0,0.0,0,0,6,0,0,0.0,0,9.4,-0.8,-3.12,Dropout,1,0.9228820781847544,High
2,39,1,9556,1,1,100.0,6,38,38,9,9,130.0,0,0,0,1,0,0,32,1,0,7,10,7,11.0,0,0,8,8,8,13.125,0,12.7,3.7,-1.7,Graduate,0,0.15406315412689817,Low
1,17,1,9238,1,1,116.0,1,1,1,3,3,119.2,1,0,0,1,0,1,18,0,0,6,6,6,14.0,0,0,6,6,6,13.5,0,8.9,1.4,3.51,Graduate,0,0.05265545446646033,Low
1,39,1,8014,0,1,133.1,1,37,37,9,7,129.0,0,0,0,1,0,0,37,0,0,6,13,4,12.0,0,0,6,10,3,12.0,0,16.2,0.3,-0.92,Dropout,1,0.7931451121314849,High
1,17,1,9773,1,1,136.0,1,3,1,2,3,132.5,1,0,0,1,0,0,19,0,0,6,7,6,12.5,0,0,6,7,6,12.5,0,10.8,1.4,1.74,Graduate,0,0.13066020651967564,Low
4,39,2,8014,0,1,160.0,1,37,38,7,5,115.0,0,0,0,1,0,1,41,0,0,6,8,6,11.333333333333334,0,0,6,9,6,11.333333333333334,0,10.8,1.4,1.74,Graduate,0,0.051172191053767184,Low
2,1,4,9500,1,1,140.0,1,1,37,4,9,128.0,0,0,0,1,0,1,18,0,0,7,7,6,14.066666666666668,0,0,7,7,6,14.066666666666668,0,7.6,2.6,0.32,Graduate,0,0.021242896992059196,Low
1,43,1,9085,1,1,130.0,1,37,37,90,90,125.1,0,0,0,1,0,0,21,0,2,9,14,8,13.555555555555555,0,2,7,10,7,13.571428571428571,0,7.6,2.6,0.32,Graduate,0,0.0673839282229879,Low
1,44,1,9003,1,1,140.0,1,1,19,3,9,140.0,1,0,1,0,0,0,23,0,0,6,13,5,11.6,0,0,6,11,4,12.25,0,12.4,0.5,1.79,Dropout,1,0.89951065264432,High
1,17,2,9773,1,1,123.0,1,1,1,3,3,120.9,1,0,0,1,0,0,18,0,0,6,0,0,0.0,0,0,6,0,0,0.0,0,13.9,-0.3,0.79,Dropout,1,0.9610981590566358,High
1,1,6,9500,1,1,143.0,1,19,19,4,4,135.3,1,0,0,1,0,0,18,0,0,8,8,8,13.27625,0,0,8,8,8,13.27625,0,9.4,-0.8,-3.12,Graduate,0,0.0702118652988718,Low
1,43,4,9085,1,1,133.1,1,34,34,99,99,125.2,0,0,0,1,0,0,21,0,0,6,0,0,0.0,0,0,6,0,0,0.0,0,7.6,2.6,0.32,Dropout,1,0.9819980233031712,High
1,1,2,9238,1,1,136.0,1,22,30,0,8,135.7,1,0,0,1,0,0,19,0,0,6,8,6,14.375,0,0,6,8,6,14.75,0,7.6,2.6,0.32,Graduate,0,0.10365325977738285,Low
6,39,2,9147,1,1,133.1,1,37,37,9,9,110.0,0,0,0,1,0,0,47,0,0,5,0,0,0.0,0,0,5,0,0,0.0,0,9.4,-0.8,-3.12,Dropout,1,0.9781192685017038,High
6,39,1,8014,0,1,133.1,1,37,37,9,9,119.0,0,0,0,1,0,1,48,0,0,6,7,6,10.666666666666666,0,0,6,9,5,11.8,0,10.8,1.4,1.74,Enrolled,0,0.05587706510019454,Low
2,7,1,8014,0,3,110.0,1,37,37,9,9,110.0,0,0,0,1,0,0,39,0,9,13,19,12,13.416666666666666,0,4,10,10,10,14.5,0,16.2,0.3,-0.92,Graduate,0,0.05932455254243995,Low
1,1,1,9500,1,1,118.0,1,38,38,7,7,115.2,1,0,0,1,0,0,19,0,0,7,9,6,12.97166666666667,0,0,8,9,7,12.321428571428571,0,11.1,0.6,2.02,Graduate,0,0.04630643293436977,Low
1,43,1,9991,0,2,110.0,1,37,37,9,9,112.9,0,0,0,1,0,0,38,0,14,15,16,14,10.928571428571429,0,12,14,16,12,11.833333333333334,0,9.4,-0.8,-3.12,Dropout,1,0.7522076335390753,High
5,39,1,9003,1,19,133.1,1,19,1,9,9,119.4,0,0,1,0,0,0,27,0,0,6,6,0,0.0,0,0,6,7,0,0.0,0,8.9,1.4,3.51,Dropout,1,0.9550800312411527,High
1,1,1,171,1,1,162.0,1,19,19,4,7,152.9,1,0,0,1,0,1,18,0,0,0,0,0,0.0,0,0,0,0,0,0.0,0,12.4,0.5,1.79,Graduate,0,0.08051712935653284,Low
1,39,1,8014,0,1,155.0,1,19,37,4,5,117.5,0,0,0,1,0,0,34,0,0,6,6,4,13.25,0,0,6,6,0,0.0,0,12.7,3.7,-1.7,Enrolled,0,0.46948746342125436,Medium
2,39,1,9238,1,19,133.1,1,37,37,4,4,98.5,0,0,0,1,0,0,48,0,0,6,14,6,11.333333333333334,0,0,6,11,5,12.4,0,15.5,2.8,-4.06,Dropout,1,0.5730904161511461,Medium
1,39,1,9670,1,1,150.0,1,34,34,0,0,108.0,0,0,0,1,0,0,25,0,0,5,6,1,11.0,0,0,5,5,0,0.0,0,7.6,2.6,0.32,Dropout,1,0.9666164072000464,High
2,39,1,9500,1,1,133.1,1,19,37,6,6,120.0,0,0,0,1,0,1,32,0,0,8,9,7,12.757142857142856,0,0,8,9,7,12.757142857142856,0,12.7,3.7,-1.7,Graduate,0,0.033584613516617685,Low
1,1,1,9773,1,1,154.0,1,37,37,9,7,150.2,0,0,0,1,0,1,18,0,0,6,6,6,14.5,0,0,6,6,6,14.666666666666666,0,16.2,0.3,-0.92,Graduate,0,0.027869189970580077,Low
1,44,1,8014,0,39,140.0,1,1,3,4,6,139.2,0,0,1,1,0,0,20,0,3,6,6,6,13.833333333333334,0,2,6,7,6,14.571428571428571,0,12.4,0.5,1.79,Graduate,0,0.058271801588507845,Low
1,1,1,9147,1,1,158.0,1,19,37,9,7,130.0,1,0,0,1,0,0,20,0,0,5,8,4,11.25,0,0,5,7,5,10.4,0,7.6,2.6,0.32,Graduate,0,0.07627834733421134,Low
1,1,1,171,1,1,122.0,1,37,37,9,3,115.7,1,0,0,1,0,0,20,0,0,0,0,0,0.0,0,0,0,0,0,0.0,0,9.4,-0.8,-3.12,Dropout,1,0.801346408893811,High
1,1,3,9500,1,1,136.0,1,1,1,4,4,127.0,1,0,0,1,0,0,19,0,0,8,10,1,13.67,7,0,8,10,1,13.67,7,9.4,-0.8,-3.12,Enrolled,0,0.20774569154524458,Low
1,39,1,9991,0,9,133.1,1,37,34,90,90,118.1,1,0,0,1,0,0,39,0,0,5,9,0,0.0,0,0,5,5,2,12.5,0,7.6,2.6,0.32,Dropout,1,0.8115327530142956,High
1,1,1,9130,1,1,132.0,1,6,6,0,4,119.1,1,0,1,1,0,0,29,0,0,5,10,1,13.0,4,0,5,14,0,0.0,8,10.8,1.4,1.74,Dropout,1,0.9433290439591074,High
1,39,1,9991,0,1,130.0,1,37,37,6,6,111.9,0,0,1,1,0,0,36,0,0,5,5,0,0.0,0,0,5,5,0,0.0,0,12.7,3.7,-1.7,Dropout,1,0.9841818208264304,High
1,1,6,9500,1,1,144.0,1,19,19,9,9,130.5,1,0,0,1,0,0,18,0,0,8,12,7,11.971428571428572,0,0,8,12,7,11.971428571428572,0,12.7,3.7,-1.7,Graduate,0,0.06294328271272476,Low
2,39,1,8014,0,12,133.1,1,34,34,0,0,135.0,0,0,0,1,0,0,51,0,0,6,12,0,0.0,0,1,6,11,0,0.0,1,7.6,2.6,0.32,Dropout,1,0.9705759377665844,High
1,43,1,9773,1,1,133.1,22,34,34,90,90,130.0,0,0,1,1,0,0,23,1,0,6,11,1,16.0,0,0,6,8,4,12.25,0,7.6,2.6,0.32,Dropout,1,0.5057456990220921,Medium
1,44,1,9085,1,1,150.0,1,29,10,6,6,150.0,1,0,0,1,0,0,21,0,0,6,0,0,0.0,0,0,6,0,0,0.0,0,10.8,1.4,1.74,Dropout,1,0.9830029214732825,High
1,43,5,9853,1,1,150.0,1,34,34,0,0,150.2,1,0,0,0,0,0,28,0,0,6,9,4,12.75,1,0,5,5,0,0.0,5,9.4,-0.8,-3.12,Dropout,1,0.9485928374394007,High
2,39,1,9991,0,1,110.0,1,37,37,9,3,127.1,0,0,0,1,0,0,34,0,0,5,9,4,11.0,0,0,5,10,4,10.75,1,7.6,2.6,0.32,Enrolled,0,0.3005598651423722,Medium
1,39,1,8014,0,1,100.0,1,37,37,6,5,107.5,0,0,0,1,0,0,41,0,0,2,2,0,0.0,0,0,6,0,0,0.0,0,12.7,3.7,-1.7,Dropout,1,0.9415653813602183,High
4,39,1,8014,0,3,100.0,1,37,37,9,9,130.0,0,0,0,1,0,1,43,0,0,6,7,5,12.2,0,0,6,6,6,12.333333333333334,0,9.4,-0.8,-3.12,Graduate,0,0.02755753951083643,Low
2,39,2,9556,1,1,133.1,105,1,3,9,2,152.8,1,0,0,1,0,0,28,1,0,7,9,7,12.428571428571429,0,0,8,8,8,12.3,0,12.4,0.5,1.79,Enrolled,0,0.16692815371429762,Low
1,1,1,171,1,1,145.0,1,40,1,2,4,160.1,0,0,0,1,0,1,19,0,6,12,12,12,14.5,0,4,11,15,11,13.583333333333334,0,8.9,1.4,3.51,Graduate,0,0.053160879145206646,Low
1,39,1,9003,1,1,130.0,1,19,19,9,1,140.0,0,0,0,1,0,0,26,0,6,12,13,6,13.0,0,4,12,14,11,13.833333333333334,0,15.5,2.8,-4.06,Graduate,0,0.0953236174618912,Low
1,1,4,9500,1,1,118.0,1,4,3,2,3,110.7,1,0,0,1,0,0,18,0,0,7,7,7,11.714285714285714,0,0,8,8,8,12.75,0,12.4,0.5,1.79,Graduate,0,0.06054505709899273,Low
2,39,1,9853,1,1,133.1,1,37,19,9,5,138.3,0,0,0,1,0,0,45,0,0,7,12,4,10.25,0,0,7,10,3,13.0,0,11.1,0.6,2.02,Dropout,1,0.9095130082458618,High
1,44,1,9853,1,39,150.0,1,3,37,2,7,150.0,0,0,0,1,0,0,19,0,0,6,0,0,0.0,0,0,6,0,0,0.0,0,12.4,0.5,1.79,Dropout,1,0.9974771688961448,High
1,17,6,9670,1,1,113.0,1,4,1,3,10,112.3,0,0,0,1,0,0,20,0,0,6,9,6,12.375,0,0,6,7,6,13.142857142857142,0,11.1,0.6,2.02,Graduate,0,0.09173832956231459,Low
1,1,6,9853,1,1,136.0,1,1,19,5,5,122.0,0,0,0,1,0,0,18,0,0,6,6,6,12.666666666666666,0,0,6,6,6,12.0,0,7.6,2.6,0.32,Graduate,0,0.0646704448309258,Low
1,39,1,9085,1,1,140.0,1,3,3,4,2,141.7,1,0,0,1,0,0,27,0,0,6,13,3,10.5,0,0,6,19,1,12.0,0,12.4,0.5,1.79,Dropout,1,0.8202364572618015,High
2,1,1,9003,1,1,131.0,1,19,38,5,5,118.4,0,0,0,1,0,0,20,0,0,6,11,6,14.125,0,0,6,10,5,12.6,0,13.9,-0.3,0.79,Graduate,0,0.049145807052266115,Low
1,1,3,9085,1,1,138.0,1,1,1,4,8,128.7,1,0,0,1,0,0,18,0,0,6,7,6,14.666666666666666,0,0,6,12,6,13.833333333333334,0,8.9,1.4,3.51,Graduate,0,0.0757528499621794,Low
2,39,2,9670,1,1,100.0,1,37,37,9,9,100.0,0,0,0,1,0,0,35,0,0,5,8,5,11.4,0,0,5,7,3,12.333333333333334,0,9.4,-0.8,-3.12,Enrolled,0,0.23642150875776086,Low
1,39,1,171,1,1,140.0,1,37,37,9,9,100.8,0,1,0,1,0,0,26,0,0,0,0,0,0.0,0,0,0,0,0,0.0,0,16.2,0.3,-0.92,Dropout,1,0.8879823835542631,High
4,39,1,9238,1,1,120.0,1,37,37,9,9,125.5,1,0,0,1,0,1,39,0,0,6,7,6,14.0,0,0,6,7,5,14.8,0,12.7,3.7,-1.7,Graduate,0,0.045336385569806244,Low
1,1,1,171,1,1,139.0,1,37,37,9,9,124.0,1,0,0,1,0,0,18,0,0,0,0,0,0.0,0,0,0,0,0,0.0,0,7.6,2.6,0.32,Graduate,0,0.17432972086833975,Low
1,7,1,9500,1,3,130.0,1,37,37,9,5,130.0,0,0,0,1,0,0,36,0,0,7,7,0,0.0,7,0,7,7,0,0.0,7,16.2,0.3,-0.92,Dropout,1,0.9769138519780478,High
2,39,1,8014,0,3,110.0,1,37,37,9,9,160.5,0,0,0,1,0,0,38,0,8,11,11,11,12.636363636363637,0,5,8,8,8,11.0,0,13.9,-0.3,0.79,Graduate,0,0.17970568810106702,Low
2,39,1,9853,1,19,133.1,1,37,19,3,7,100.0,0,0,0,1,0,0,45,0,0,6,11,3,12.333333333333334,0,0,6,13,2,11.0,0,7.6,2.6,0.32,Dropout,1,0.9191517839130067,High
5,39,1,9254,1,1,133.1,1,2,2,2,2,103.0,0,0,0,1,0,0,62,0,0,6,7,6,15.0,0,0,6,10,6,12.833333333333334,0,10.8,1.4,1.74,Graduate,0,0.11952462800602023,Low
1,1,1,9670,1,1,133.1,1,1,1,9,1,103.0,1,0,0,1,0,1,20,0,0,6,8,4,11.75,0,0,6,10,6,12.666666666666666,0,10.8,1.4,1.74,Graduate,0,0.09803480154894631,Low
1,1,1,9500,1,1,139.0,1,19,37,9,9,131.5,1,0,0,1,0,0,18,0,0,8,8,7,14.13714285714286,0,0,8,8,7,14.13714285714286,0,10.8,1.4,1.74,Graduate,0,0.03770803450585899,Low
1,18,3,9070,1,1,134.0,1,1,1,3,4,121.4,0,0,0,1,0,0,18,0,0,6,6,2,12.0,0,0,6,6,1,11.0,0,9.4,-0.8,-3.12,Dropout,1,0.6501702040769933,High
2,1,1,9991,0,3,160.0,1,1,3,4,9,137.3,0,0,0,1,0,0,23,0,0,5,5,5,10.8,0,0,5,9,4,11.5,0,9.4,-0.8,-3.12,Graduate,0,0.13393230912138385,Low
1,1,1,9070,1,1,124.0,1,19,19,9,9,138.4,1,0,1,1,0,1,19,0,1,6,8,6,13.285714285714286,1,0,6,8,6,12.5,0,13.9,-0.3,0.79,Dropout,1,0.5253113901780557,Medium
1,17,1,9147,1,1,137.0,1,1,3,7,3,131.1,1,0,1,1,0,1,19,0,0,5,7,5,13.6,0,0,5,5,5,12.6,0,8.9,1.4,3.51,Graduate,0,0.11638667869592545,Low
1,42,1,9500,1,1,157.0,1,3,3,3,3,100.0,0,0,0,1,0,0,18,0,0,7,8,7,13.55,0,0,8,8,8,14.1875,0,13.9,-0.3,0.79,Graduate,0,0.07814092437070987,Low
1,17,4,9500,1,1,138.0,1,4,1,2,1,133.0,1,0,0,1,0,0,18,0,0,8,8,0,0.0,5,0,8,8,0,0.0,5,9.4,-0.8,-3.12,Enrolled,0,0.32202189957425936,Medium
1,39,2,8014,0,1,100.0,1,35,37,90,90,100.0,0,0,0,1,0,0,41,0,0,6,10,4,13.5,0,1,6,7,6,11.166666666666666,0,7.6,2.6,0.32,Graduate,0,0.1496899061687171,Low
1,39,1,9670,1,1,130.0,1,19,3,4,2,159.0,0,0,0,1,0,1,51,0,0,6,8,5,11.6,0,0,6,9,5,14.2,0,12.4,0.5,1.79,Graduate,0,0.2579559540867191,Low
1,43,2,9238,1,1,133.1,1,19,19,4,5,120.6,1,0,0,1,0,0,24,0,6,10,16,10,12.5,0,2,7,9,4,12.6,0,16.2,0.3,-0.92,Graduate,0,0.27128220431635447,Low
1,39,1,9991,0,3,120.0,1,19,1,9,5,134.0,0,0,0,1,0,0,25,0,0,5,14,1,11.0,0,0,5,11,2,12.666666666666666,4,16.2,0.3,-0.92,Dropout,1,0.8850971921072265,High
1,5,1,9085,1,1,150.0,1,1,1,4,4,139.4,0,0,0,1,0,0,18,0,0,5,9,3,12.0,1,0,5,6,4,13.0,0,7.6,2.6,0.32,Enrolled,0,0.1511286185566084,Low
1,16,6,9147,1,1,128.0,1,37,37,9,9,116.5,1,0,0,1,0,0,20,0,0,5,8,4,11.6,0,0,5,10,3,12.333333333333334,0,7.6,2.6,0.32,Graduate,0,0.23734018093479975,Low
1,1,1,171,1,1,124.0,1,1,19,123,103,113.9,1,1,0,1,0,0,19,0,0,0,0,0,0.0,0,0,0,0,0,0.0,0,13.9,-0.3,0.79,Dropout,1,0.8285034390762072,High
5,43,1,9991,0,3,130.0,1,3,3,1,1,130.0,0,0,0,1,0,0,41,0,5,10,14,10,14.636363636363637,0,5,10,13,10,14.6,0,16.2,0.3,-0.92,Graduate,0,0.10934503889457148,Low
1,1,2,9254,1,1,132.0,1,1,19,9,9,129.9,1,0,0,1,0,1,19,0,0,6,8,6,13.0,0,0,6,6,6,12.166666666666666,0,8.9,1.4,3.51,Graduate,0,0.04129181813098182,Low
1,42,1,9853,1,12,133.1,1,1,3,3,2,133.7,0,0,0,1,0,0,28,0,14,18,23,14,12.785714285714286,2,16,17,18,16,13.875,0,16.2,0.3,-0.92,Dropout,1,0.6981817983544256,High
1,1,3,9070,1,1,129.0,1,5,3,5,7,124.8,1,0,0,1,0,0,21,0,0,6,6,6,14.5,0,0,6,7,5,12.0,0,12.4,0.5,1.79,Graduate,0,0.09400678880028117,Low
1,1,1,9085,1,1,135.0,1,3,2,1,1,133.6,1,0,0,0,0,0,22,0,0,5,12,4,14.6,3,0,5,5,4,12.75,1,9.4,-0.8,-3.12,Dropout,1,0.6231200976767163,High
1,17,4,9773,1,1,138.0,1,37,19,5,7,133.5,1,0,0,0,0,0,18,0,0,6,7,6,12.5,0,0,6,6,6,12.166666666666666,0,10.8,1.4,1.74,Graduate,0,0.21525312264481328,Low
1,1,1,9070,1,1,135.0,1,19,37,9,9,128.0,1,0,0,1,0,1,19,0,0,6,6,6,14.0,0,0,6,8,6,13.125,0,10.8,1.4,1.74,Graduate,0,0.02720555597649512,Low
1,17,6,9500,1,1,131.0,1,3,19,5,5,127.2,1,0,0,1,0,1,19,0,0,7,7,7,13.801428571428572,0,0,8,8,8,14.575,0,11.1,0.6,2.02,Graduate,0,0.055480021174373666,Low
1,7,1,9853,1,3,150.0,1,19,19,4,5,150.0,0,0,1,0,0,0,25,0,1,6,7,6,14.428571428571429,0,0,6,7,6,13.666666666666666,0,10.8,1.4,1.74,Graduate,0,0.13793068842303535,Low
1,42,4,9500,1,6,133.0,1,1,19,2,9,127.8,1,0,0,1,0,1,18,0,0,7,7,6,14.35,0,0,7,7,6,14.35,0,7.6,2.6,0.32,Graduate,0,0.04961261476116943,Low
1,17,1,9070,1,1,135.0,1,37,19,9,9,125.2,1,0,0,1,0,0,19,0,0,6,6,6,14.333333333333334,0,0,6,6,6,13.5,0,12.7,3.7,-1.7,Graduate,0,0.027840885461845002,Low
1,43,2,9853,1,1,118.0,1,19,1,5,4,110.0,1,0,0,1,0,0,20,0,0,6,10,4,12.25,0,0,6,8,4,11.5,0,10.8,1.4,1.74,Enrolled,0,0.2929892566219304,Low
2,39,1,8014,0,19,100.0,1,34,34,0,0,100.0,0,0,0,1,0,0,46,0,0,6,9,6,13.333333333333334,0,0,6,6,6,11.833333333333334,0,7.6,2.6,0.32,Graduate,0,0.12765669101800525,Low
1,17,1,171,1,1,158.0,1,3,3,3,3,151.4,1,0,0,0,0,0,19,0,6,12,12,12,13.0,0,4,11,14,11,13.25,0,8.9,1.4,3.51,Graduate,0,0.2951632885258162,Low
1,1,2,9254,1,1,137.0,1,38,19,9,7,125.1,1,0,0,1,0,0,18,0,0,6,10,4,11.75,0,0,6,9,5,11.2,0,7.6,2.6,0.32,Enrolled,0,0.12484161757561182,Low
1,1,1,9130,1,1,172.0,1,19,19,9,9,163.3,1,0,0,1,0,1,18,0,0,6,8,6,14.5,0,0,6,11,4,13.0,0,13.9,-0.3,0.79,Graduate,0,0.13442557519462955,Low
1,18,1,9500,1,1,123.0,1,37,37,3,3,118.0,1,0,0,1,0,1,19,0,0,8,8,7,11.82,0,0,8,8,7,11.82,0,10.8,1.4,1.74,Graduate,0,0.04508581891826156,Low
1,1,2,9773,1,1,144.0,1,3,3,3,2,140.2,1,0,0,1,0,0,20,0,0,6,0,0,0.0,0,0,6,0,0,0.0,0,16.2,0.3,-0.92,Dropout,1,0.9808697116963011,High
2,39,1,8014,0,1,140.0,1,37,37,5,6,128.5,0,0,0,1,0,1,38,0,0,6,6,5,12.4,0,0,6,7,6,12.666666666666666,0,9.4,-0.8,-3.12,Graduate,0,0.02333331320196029,Low
1,17,1,9773,1,1,136.0,1,1,38,9,8,131.5,1,0,0,1,0,0,18,0,0,6,7,6,12.571428571428571,0,0,6,8,6,11.857142857142858,0,13.9,-0.3,0.79,Graduate,0,0.09453491694140018,Low
1,17,5,9500,1,1,137.0,1,1,1,5,5,132.6,1,0,0,1,0,1,18,0,0,7,7,7,13.857142857142858,0,0,8,8,8,14.9,0,13.9,-0.3,0.79,Graduate,0,0.08563501387194371,Low
1,17,1,9238,1,1,128.0,1,19,1,0,5,122.1,1,0,0,1,0,0,18,0,0,6,9,5,11.833333333333334,0,0,6,7,5,13.8,0,13.9,-0.3,0.79,Graduate,0,0.11319073483877029,Low
1,17,1,9147,1,1,120.0,1,3,3,2,2,112.0,0,0,0,1,0,0,20,0,0,5,10,4,11.0,0,0,5,7,4,11.5,0,15.5,2.8,-4.06,Enrolled,0,0.21882830227716984,Low
1,1,1,9130,1,1,130.0,1,3,19,4,8,133.0,1,0,0,1,0,0,19,0,0,6,6,6,14.666666666666666,0,0,6,8,6,13.666666666666666,0,12.4,0.5,1.79,Graduate,0,0.056550821477371484,Low
4,39,1,8014,0,1,138.0,1,19,19,90,90,127.0,0,0,0,0,0,0,37,0,0,4,4,0,0.0,0,0,5,10,0,0.0,0,10.8,1.4,1.74,Dropout,1,0.9958575641320803,High
1,39,1,9500,1,1,148.0,1,3,19,2,5,130.0,0,0,0,1,0,0,24,0,0,8,12,7,12.714285714285714,0,0,8,12,7,12.714285714285714,0,12.7,3.7,-1.7,Enrolled,0,0.06332532327033999,Low
1,1,2,9500,1,1,139.0,1,4,1,2,10,136.4,1,0,0,1,0,0,19,0,0,7,9,7,13.422222222222224,0,0,8,11,7,12.18888888888889,0,15.5,2.8,-4.06,Graduate,0,0.050447004585098744,Low
1,1,3,9773,1,1,136.0,1,3,1,5,3,129.0,1,0,0,1,0,1,19,0,0,6,7,6,14.0,0,0,6,8,5,12.2,0,13.9,-0.3,0.79,Dropout,1,0.450757979810615,Medium
1,17,3,9556,1,1,126.0,1,19,19,9,4,119.0,1,0,0,1,0,1,19,0,0,7,8,7,12.142857142857142,0,0,8,8,8,13.375,0,16.2,0.3,-0.92,Dropout,1,0.048400485873954575,Low
1,17,1,9147,1,1,135.0,1,37,38,9,9,128.0,1,0,1,1,0,1,18,0,0,5,5,5,12.8,0,0,5,5,5,13.0,0,11.1,0.6,2.02,Graduate,0,0.14411405283454967,Low
1,1,4,9500,1,1,122.0,1,19,38,7,7,117.1,1,0,0,1,0,1,18,0,0,7,7,7,14.572857142857142,0,0,8,9,8,14.955555555555556,0,12.4,0.5,1.79,Graduate,0,0.02851508009501726,Low
1,1,4,9147,1,1,137.0,1,1,19,4,5,136.3,0,0,0,1,0,0,18,0,0,5,9,4,11.25,0,0,5,6,4,11.0,0,8.9,1.4,3.51,Graduate,0,0.1536191119924208,Low
1,17,5,9147,1,1,127.0,1,1,38,4,5,124.6,1,0,0,1,0,1,19,0,0,5,12,2,10.0,0,0,5,11,4,11.75,0,11.1,0.6,2.02,Enrolled,0,0.1307719253777572,Low
1,1,1,9130,1,1,137.0,1,40,19,2,9,130.7,1,0,0,1,0,0,18,0,0,6,8,5,14.4,0,0,6,11,4,14.6,0,8.9,1.4,3.51,Dropout,1,0.7288419702475663,High
1,1,4,9500,1,1,125.0,1,1,12,3,6,115.2,1,0,0,1,0,0,20,0,0,7,7,7,12.982857142857142,0,0,8,8,8,14.4625,0,12.4,0.5,1.79,Graduate,0,0.03500889972321199,Low
1,17,1,9085,1,1,141.0,1,3,2,2,3,130.2,1,0,0,1,0,0,20,0,0,6,14,6,15.75,0,0,6,8,6,13.0,0,15.5,2.8,-4.06,Graduate,0,0.07343189232571197,Low
1,1,1,9085,1,1,132.0,1,2,2,6,6,128.5,0,0,0,1,0,0,18,0,0,6,11,5,12.285714285714286,0,0,6,19,3,14.0,1,12.4,0.5,1.79,Dropout,1,0.5395544276128245,Medium
1,16,1,9500,1,1,133.1,1,37,37,9,9,95.0,1,0,0,1,0,0,20,0,0,7,7,6,13.755,0,0,8,9,7,13.571428571428571,0,12.4,0.5,1.79,Graduate,0,0.05371276327706781,Low
1,17,1,9670,1,1,132.0,1,1,1,3,3,119.4,1,0,0,1,0,1,18,0,0,6,7,6,13.833333333333334,0,0,6,11,6,13.5,0,8.9,1.4,3.51,Graduate,0,0.06498598618783277,Low
1,1,6,9500,1,1,142.0,1,1,37,7,7,123.5,1,0,0,1,0,0,19,0,0,7,0,0,0.0,0,0,8,0,0,0.0,0,12.7,3.7,-1.7,Dropout,1,0.9878368242773543,High
1,1,4,9500,1,1,136.0,1,38,1,5,6,133.9,1,0,0,1,0,0,18,0,0,7,9,7,14.711111111111112,0,0,8,9,8,14.627777777777778,0,15.5,2.8,-4.06,Graduate,0,0.06971449074891507,Low
1,53,1,9085,1,42,150.0,1,1,19,4,8,145.2,1,0,0,1,0,0,20,0,7,11,13,11,14.615384615384617,0,4,9,11,9,13.7,0,8.9,1.4,3.51,Graduate,0,0.03871429711785808,Low
1,1,1,9500,1,1,130.0,1,3,3,1,5,118.8,0,0,0,1,0,0,18,0,0,7,7,7,13.677142857142858,0,0,8,9,8,14.533333333333331,0,11.1,0.6,2.02,Graduate,0,0.0517088694258656,Low
1,16,2,9085,1,1,136.0,1,37,37,9,9,123.4,1,0,0,1,0,1,19,0,0,5,8,5,13.166666666666666,2,0,5,5,5,12.8,0,9.4,-0.8,-3.12,Graduate,0,0.07494247784414658,Low
1,17,6,9238,1,1,138.0,1,3,3,1,2,123.0,1,0,0,1,0,0,19,0,0,6,11,5,10.8,0,0,6,12,5,11.333333333333334,0,15.5,2.8,-4.06,Graduate,0,0.11528862000474482,Low
1,17,1,9130,1,1,131.0,1,19,9,5,3,118.4,0,0,0,1,0,0,19,0,0,5,8,3,12.0,0,0,5,7,5,12.833333333333334,0,7.6,2.6,0.32,Graduate,0,0.07281794186073064,Low
1,1,1,9500,1,1,147.0,1,3,1,2,3,131.6,0,0,0,1,0,0,18,0,0,7,8,6,13.958333333333334,0,0,8,8,8,14.71875,0,11.1,0.6,2.02,Graduate,0,0.0784752849206484,Low
1,17,1,9853,1,1,140.0,1,38,19,4,10,122.3,1,0,0,1,0,0,19,0,0,6,9,4,13.0,0,0,6,9,4,12.25,0,12.7,3.7,-1.7,Dropout,1,0.41179207295227926,Medium
1,1,2,171,1,1,152.0,1,38,19,9,9,151.7,1,0,0,1,0,1,24,0,0,0,0,0,0.0,0,0,0,0,0,0.0,0,11.1,0.6,2.02,Graduate,0,0.17858034937771777,Low
1,1,1,171,1,1,169.0,1,19,37,9,7,176.0,1,0,0,1,0,1,18,0,0,0,0,0,0.0,0,0,0,0,0,0.0,0,12.4,0.5,1.79,Graduate,0,0.10867052387329947,Low
1,1,6,9500,1,1,149.0,1,1,1,4,9,133.0,1,0,0,1,0,1,18,0,0,8,8,7,14.0,0,0,8,8,7,14.0,0,12.7,3.7,-1.7,Graduate,0,0.033405540585445925,Low
1,1,4,9773,1,1,137.0,1,3,19,2,3,139.8,1,1,0,1,0,0,18,0,0,6,10,6,12.571428571428571,0,0,6,11,6,12.571428571428571,0,10.8,1.4,1.74,Enrolled,0,0.1725736370584134,Low
1,1,4,9773,1,1,122.0,1,41,1,4,3,119.6,1,0,0,1,0,0,19,0,0,6,6,4,12.0,0,0,6,11,3,11.333333333333334,0,11.1,0.6,2.02,Dropout,1,0.7184455779007447,High
1,39,1,8014,0,1,130.0,1,37,37,9,6,134.0,0,0,0,1,0,1,35,0,2,8,8,8,13.625,0,1,7,7,7,14.0,0,8.9,1.4,3.51,Graduate,0,0.027841449597165446,Low
1,17,6,9147,1,1,145.0,1,37,37,9,9,132.0,1,0,0,1,0,0,19,0,0,5,7,4,12.5,0,0,5,8,4,10.0,1,7.6,2.6,0.32,Graduate,0,0.1535775692707736,Low
1,7,1,9853,1,3,130.0,1,37,37,9,9,130.0,0,0,0,1,0,0,28,0,14,15,25,14,12.428571428571429,1,8,14,22,11,11.909090909090908,0,7.6,2.6,0.32,Dropout,1,0.4046075166360937,Medium
1,43,1,9500,1,1,157.0,1,38,3,5,2,141.4,0,0,0,1,0,0,21,0,3,7,8,7,13.3875,0,2,8,8,8,15.9,0,13.9,-0.3,0.79,Graduate,0,0.07050073996065041,Low
1,18,2,9500,1,1,135.0,1,19,1,5,5,128.9,1,0,0,1,0,1,19,0,0,7,8,6,12.648333333333332,0,0,8,9,8,12.205555555555556,0,11.1,0.6,2.02,Graduate,0,0.06477428678413749,Low
1,5,2,9238,1,1,123.0,1,40,38,2,9,118.1,1,0,0,1,0,0,19,0,0,6,6,6,14.0,0,0,6,6,6,13.333333333333334,0,8.9,1.4,3.51,Graduate,0,0.0832301413553125,Low
1,1,1,9085,1,1,139.0,1,3,4,2,2,130.6,0,0,0,1,0,0,18,0,0,5,12,5,12.8,2,0,5,10,5,11.857142857142858,1,9.4,-0.8,-3.12,Graduate,0,0.1140165743245017,Low
1,1,1,9254,1,1,136.0,1,12,1,4,4,122.0,1,0,0,1,0,0,18,0,0,6,8,6,11.333333333333334,0,0,6,11,6,10.833333333333334,0,7.6,2.6,0.32,Graduate,0,0.10012977852159284,Low
1,1,2,9500,1,1,135.0,1,3,3,2,2,123.0,1,0,0,0,0,0,19,0,0,7,0,0,0.0,0,0,8,0,0,0.0,0,12.7,3.7,-1.7,Dropout,1,0.9864553499243882,High
1,1,1,9670,1,1,126.0,1,1,1,9,10,126.7,1,0,0,1,0,1,20,0,0,6,6,6,14.166666666666666,0,0,6,9,6,13.0,0,8.9,1.4,3.51,Graduate,0,0.06514215012069795,Low
1,1,1,9773,1,1,122.0,1,38,19,9,9,126.6,1,0,0,1,0,0,18,0,0,6,6,6,12.833333333333334,0,0,6,6,6,13.833333333333334,0,8.9,1.4,3.51,Graduate,0,0.052347438364784074,Low
1,1,1,9853,1,1,125.0,1,38,38,9,9,125.4,0,0,1,0,0,0,19,0,0,7,11,4,12.0,0,0,7,9,6,11.833333333333334,0,16.2,0.3,-0.92,Dropout,1,0.8881068357201138,High
1,1,3,9773,1,1,134.0,1,1,19,9,9,136.1,1,0,0,1,0,1,20,0,0,6,6,6,13.0,0,0,6,7,6,13.142857142857142,0,12.4,0.5,1.79,Dropout,1,0.3268192684477256,Medium
1,17,5,9500,1,1,130.0,1,19,1,9,4,128.8,1,0,0,1,0,0,18,0,0,7,8,6,13.39,0,0,8,10,7,12.757142857142856,0,11.1,0.6,2.02,Enrolled,0,0.11896067455808522,Low
1,17,4,9670,1,1,110.0,1,1,37,7,7,111.1,1,0,0,0,0,0,18,0,0,6,6,6,12.333333333333334,0,0,6,8,5,13.6,0,8.9,1.4,3.51,Graduate,0,0.1893969218755098,Low
1,1,1,9070,1,1,131.0,1,3,3,3,3,135.9,0,0,0,1,0,1,21,0,1,6,8,6,12.571428571428571,1,0,6,8,6,11.625,0,13.9,-0.3,0.79,Graduate,0,0.07150991591443824,Low
1,5,5,9254,1,1,122.0,1,1,37,9,7,119.6,1,0,0,1,0,1,19,0,0,6,6,6,12.333333333333334,0,0,6,6,6,12.833333333333334,0,12.4,0.5,1.79,Graduate,0,0.05856862472135513,Low
1,17,2,9853,1,1,123.0,1,1,1,3,9,116.7,1,0,0,1,0,0,19,0,0,6,8,5,13.0,0,0,6,8,4,10.75,0,9.4,-0.8,-3.12,Graduate,0,0.1480409955995102,Low
1,1,1,9085,1,1,146.0,1,1,1,9,7,126.0,0,0,0,1,0,0,19,0,0,5,7,3,12.333333333333334,0,0,5,7,4,10.25,0,7.6,2.6,0.32,Enrolled,0,0.10941816416700467,Low
1,1,4,9773,1,1,137.0,1,37,37,0,90,134.2,1,0,0,1,0,0,18,0,0,6,6,6,13.166666666666666,0,0,6,8,5,14.2,0,10.8,1.4,1.74,Dropout,1,0.5120261131301909,Medium
1,1,1,9147,1,1,130.0,1,1,19,3,3,123.0,0,0,0,1,0,1,18,0,0,5,7,5,13.333333333333334,0,0,5,6,5,13.6,0,12.7,3.7,-1.7,Graduate,0,0.03929427979664347,Low
1,1,2,9085,1,1,127.0,1,38,37,5,7,123.9,1,0,0,1,0,0,18,0,0,5,9,4,13.0,0,0,5,8,5,13.142857142857142,0,10.8,1.4,1.74,Graduate,0,0.04156318711468668,Low
2,39,1,9556,1,1,160.0,1,37,37,9,6,120.0,0,0,0,1,0,0,31,0,0,7,21,5,10.9,3,0,8,21,3,11.7,1,12.7,3.7,-1.7,Dropout,1,0.7877015841491758,High
1,42,1,9147,1,1,139.0,1,3,38,2,5,112.3,1,0,0,1,0,0,19,0,0,5,8,2,11.5,0,0,5,10,3,10.857142857142858,0,10.8,1.4,1.74,Enrolled,0,0.2673125449963724,Low
1,16,1,9085,1,1,138.0,1,37,37,9,9,123.0,1,0,0,1,0,1,20,0,0,6,7,6,15.857142857142858,0,0,6,6,6,16.0,0,13.9,-0.3,0.79,Graduate,0,0.027083366107864406,Low
1,17,1,9085,1,1,137.0,1,38,19,0,90,122.3,0,0,0,1,0,1,19,0,0,5,5,5,12.6,0,0,5,9,3,13.0,0,7.6,2.6,0.32,Dropout,1,0.6217324215908877,High
1,17,1,9238,1,1,127.0,1,38,38,9,6,122.8,0,0,0,1,0,1,19,0,0,6,8,6,14.0,0,0,6,7,6,14.571428571428571,0,16.2,0.3,-0.92,Graduate,0,0.015055443367145092,Low
5,7,1,9130,1,3,160.0,1,19,38,9,6,160.0,0,0,0,0,0,0,27,0,1,5,8,3,14.666666666666666,2,0,5,7,2,13.0,2,10.8,1.4,1.74,Dropout,1,0.6888487571852954,High
1,17,2,9773,1,1,132.0,1,19,19,9,6,120.1,1,0,0,1,0,1,18,0,0,6,6,6,13.666666666666666,0,0,6,6,6,14.0,0,8.9,1.4,3.51,Graduate,0,0.029720235592758736,Low
1,1,1,8014,0,1,126.0,1,34,34,0,0,142.4,0,0,0,1,0,0,32,0,0,6,0,0,0.0,0,0,6,0,0,0.0,0,7.6,2.6,0.32,Dropout,1,0.9821902183419248,High
1,1,4,9500,1,1,133.0,1,38,19,8,7,127.3,1,0,0,1,0,0,18,0,0,8,8,7,12.628571428571428,0,0,8,8,7,12.628571428571428,0,12.7,3.7,-1.7,Graduate,0,0.04992863974309807,Low
1,1,3,9500,1,1,140.0,1,19,37,9,9,125.5,1,0,0,1,0,1,19,0,0,8,8,7,14.232857142857142,0,0,8,8,7,14.232857142857142,0,10.8,1.4,1.74,Graduate,0,0.015227163405513569,Low
1,1,2,9773,1,1,130.0,1,19,19,5,6,137.4,0,0,0,1,0,0,19,0,0,6,6,6,15.0,0,0,6,7,6,14.0,0,15.5,2.8,-4.06,Enrolled,0,0.054847714526085604,Low
1,17,2,9254,1,1,129.0,1,12,37,9,9,122.0,1,0,0,1,0,0,18,0,0,6,15,2,10.0,0,0,6,12,0,0.0,0,10.8,1.4,1.74,Dropout,1,0.9276587752341156,High
1,17,3,9670,1,1,110.0,1,19,1,4,4,107.5,1,0,0,1,0,1,18,0,0,6,11,4,12.25,0,0,6,10,4,11.0,0,12.7,3.7,-1.7,Dropout,1,0.670901746141264,High
1,39,1,9773,1,19,133.1,1,19,19,171,163,104.0,0,0,1,0,0,1,24,0,0,6,6,6,13.5,0,0,6,6,6,13.0,0,11.1,0.6,2.02,Graduate,0,0.11203139397233755,Low
1,17,2,9238,1,1,132.0,1,38,1,7,7,133.1,1,0,0,1,0,1,19,0,0,6,8,5,12.2,0,0,6,7,6,11.5,0,9.4,-0.8,-3.12,Graduate,0,0.06694462048067237,Low
1,17,2,9254,1,1,115.0,1,19,19,9,7,113.3,1,0,1,1,0,0,21,0,0,6,0,0,0.0,0,0,6,0,0,0.0,0,11.1,0.6,2.02,Dropout,1,0.9901392371479764,High
1,44,1,9070,1,39,130.0,1,1,1,4,10,130.0,1,0,0,1,0,0,19,0,2,7,11,6,12.0,0,5,9,9,8,12.75,0,16.2,0.3,-0.92,Graduate,0,0.08417586379585501,Low
1,1,3,9500,1,1,140.0,6,2,3,5,2,124.3,1,0,0,1,0,0,19,1,0,7,9,5,12.32,0,0,7,9,5,11.9,0,12.4,0.5,1.79,Enrolled,0,0.13450879524630846,Low
1,39,1,9556,1,1,140.0,1,37,37,9,8,105.0,1,0,0,1,0,1,36,0,0,7,11,6,12.35,0,0,7,12,5,12.5,0,8.9,1.4,3.51,Graduate,0,0.12574132834790863,Low
1,39,1,9085,1,12,133.1,1,37,37,10,9,144.0,0,0,0,1,1,0,51,0,0,6,0,0,0.0,0,0,6,0,0,0.0,0,12.4,0.5,1.79,Dropout,1,0.9969739737700839,High
1,1,3,9670,1,1,121.0,1,1,19,5,5,111.9,1,0,0,1,1,1,20,0,0,6,7,6,11.333333333333334,0,0,6,10,4,10.571428571428571,0,10.8,1.4,1.74,Enrolled,0,0.15005765738107765,Low
1,39,1,8014,0,38,133.1,1,1,1,4,4,107.5,0,0,1,0,1,0,29,0,0,6,6,0,0.0,0,0,5,5,0,0.0,0,8.9,1.4,3.51,Dropout,1,0.9795771259302918,High
1,44,1,9238,1,39,130.0,1,1,19,4,5,127.4,0,0,1,0,1,0,27,0,3,6,8,5,11.6,0,2,6,9,5,12.0,0,13.9,-0.3,0.79,Dropout,1,0.8901672835119165,High
1,39,1,9119,1,1,130.0,1,19,37,9,4,149.0,1,0,0,1,1,0,33,0,0,5,10,4,12.0,0,0,5,8,3,13.666666666666666,1,7.6,2.6,0.32,Enrolled,0,0.37777526397925254,Medium
2,2,1,9147,1,2,120.0,1,37,37,9,9,120.0,0,0,0,0,1,0,57,0,12,15,17,12,11.75,0,9,14,16,9,12.22222222222222,0,9.4,-0.8,-3.12,Dropout,1,0.69312330235657,High
1,1,1,9670,1,1,132.0,1,4,2,123,112,143.6,1,0,0,1,1,0,20,0,0,6,8,5,12.8,0,0,6,10,5,11.6,0,13.9,-0.3,0.79,Enrolled,0,0.10424638805459414,Low
1,39,1,9670,1,1,100.0,1,1,1,4,4,120.0,0,0,0,1,1,0,26,0,0,5,7,3,11.333333333333334,0,0,5,7,3,13.666666666666666,0,9.4,-0.8,-3.12,Dropout,1,0.8153937520186026,High
1,43,1,9119,1,1,130.0,1,1,1,9,2,128.0,0,0,1,0,1,0,27,0,0,5,5,0,0.0,0,0,5,7,0,0.0,0,13.9,-0.3,0.79,Enrolled,0,0.6104269045987265,High
1,1,1,9670,1,1,129.0,1,1,37,4,9,118.2,0,0,0,1,1,0,19,0,0,5,5,5,10.8,0,0,5,5,4,12.25,0,9.4,-0.8,-3.12,Graduate,0,0.08979734531987123,Low
1,44,1,9085,1,39,160.0,1,12,38,4,8,160.0,1,0,0,1,1,0,23,0,1,6,10,5,12.5,0,1,6,8,2,13.5,0,12.4,0.5,1.79,Dropout,1,0.7288251439751597,High
1,39,1,9991,0,1,120.0,1,19,38,5,5,152.4,0,0,0,1,1,0,27,0,0,5,5,5,15.2,0,0,5,6,5,14.166666666666666,0,10.8,1.4,1.74,Graduate,0,0.05709342495707433,Low
1,1,6,9500,1,1,122.0,1,19,37,3,5,116.6,1,0,1,1,1,1,20,0,0,7,7,7,13.314285714285717,0,0,8,8,8,12.575,0,12.4,0.5,1.79,Graduate,0,0.03611929729099328,Low
1,18,1,9070,1,1,143.0,1,38,38,7,5,141.6,0,0,0,1,0,1,19,0,6,12,12,11,13.090909090909092,0,5,11,12,11,12.083333333333334,0,10.8,1.4,1.74,Graduate,0,0.03982772941690318,Low
1,1,1,9130,1,1,110.0,1,3,19,2,9,105.5,1,0,1,0,0,0,19,0,0,6,0,0,0.0,0,0,6,0,0,0.0,0,11.1,0.6,2.02,Dropout,1,0.9914148941357267,High
1,1,1,9070,1,1,124.0,1,37,19,9,3,116.3,1,0,0,1,0,0,20,0,0,6,8,5,12.2,0,0,6,6,6,11.5,0,16.2,0.3,-0.92,Graduate,0,0.04780652856893086,Low
2,7,1,9147,1,3,110.0,1,19,1,9,9,110.0,0,0,0,1,0,0,33,0,5,8,10,6,12.833333333333334,0,2,5,8,4,12.0,0,11.1,0.6,2.02,Enrolled,0,0.21718156620351337,Low
1,43,1,9991,0,1,130.0,1,37,37,9,9,119.5,1,0,0,1,0,0,22,0,9,15,17,15,11.2,0,9,14,15,14,12.428571428571429,0,7.6,2.6,0.32,Graduate,0,0.154775179298256,Low
1,1,6,9147,1,1,139.0,1,19,12,4,4,125.0,1,0,0,1,0,0,18,0,0,5,8,3,12.333333333333334,0,0,5,7,4,12.0,0,7.6,2.6,0.32,Graduate,0,0.09179346226358558,Low
5,39,1,9500,1,3,140.0,1,37,38,9,9,160.0,0,0,0,1,0,0,27,0,0,8,8,7,15.94285714285714,0,0,8,8,7,15.94285714285714,0,12.7,3.7,-1.7,Graduate,0,0.07379541213381538,Low
1,39,1,9991,0,1,150.0,1,37,37,9,7,150.0,0,0,0,1,0,0,27,0,0,5,0,0,0.0,0,0,5,0,0,0.0,0,15.5,2.8,-4.06,Dropout,1,0.9793101745847749,High
1,1,1,9238,1,1,123.0,1,37,37,9,9,115.0,1,0,0,1,0,0,19,0,0,6,10,4,10.25,0,0,6,8,6,10.714285714285714,0,11.1,0.6,2.02,Graduate,0,0.1757582291456597,Low
1,17,1,9853,1,1,128.0,1,38,38,9,7,128.4,1,0,0,1,0,1,20,0,0,6,10,5,13.2,0,0,6,12,5,12.833333333333334,0,9.4,-0.8,-3.12,Enrolled,0,0.1304253083359803,Low
1,1,1,8014,0,1,100.0,1,38,19,6,10,112.8,0,0,0,1,0,1,23,0,0,6,6,6,14.166666666666666,0,0,6,6,6,12.5,0,12.7,3.7,-1.7,Graduate,0,0.02784075388061742,Low
1,43,1,9500,1,1,148.0,1,29,38,90,3,131.0,1,0,0,1,0,1,22,0,18,23,23,20,14.575,3,18,23,23,20,14.575,3,7.6,2.6,0.32,Graduate,0,0.06892222697391649,Low
1,17,2,9254,1,1,130.0,1,19,19,7,7,121.6,1,0,0,1,0,1,18,0,0,6,9,1,10.0,1,0,6,6,0,0.0,0,12.7,3.7,-1.7,Dropout,1,0.967248632920899,High
1,1,4,9238,1,1,118.0,1,19,38,9,9,110.0,0,0,0,1,0,1,18,0,0,6,7,6,12.285714285714286,0,0,6,8,6,11.428571428571429,0,12.4,0.5,1.79,Graduate,0,0.03448212061315005,Low
1,39,1,8014,0,1,120.0,1,38,38,9,9,148.5,0,0,0,1,0,1,31,0,0,6,6,6,14.0,0,0,6,6,6,12.333333333333334,0,10.8,1.4,1.74,Graduate,0,0.025797493615351885,Low
1,17,4,9773,1,1,119.0,1,38,19,9,9,118.3,0,0,0,1,0,0,19,0,0,6,8,4,11.25,0,0,6,0,0,0.0,0,15.5,2.8,-4.06,Dropout,1,0.9297992944200834,High
1,1,1,9238,1,1,138.0,1,37,37,9,9,135.9,1,0,0,1,0,0,19,0,0,6,11,5,11.6,0,0,6,11,6,11.666666666666666,0,7.6,2.6,0.32,Enrolled,0,0.11360101429037354,Low
1,17,1,8014,0,1,127.0,1,19,37,4,7,115.8,0,0,0,1,0,0,24,0,0,6,12,1,12.0,0,0,6,12,0,0.0,0,10.8,1.4,1.74,Dropout,1,0.9740097985930815,High
1,1,1,9500,1,1,134.0,1,38,19,3,10,121.2,0,0,0,1,0,0,19,0,0,7,10,7,13.47,0,0,8,8,8,13.32625,0,15.5,2.8,-4.06,Graduate,0,0.029162242556157826,Low
1,17,4,9147,1,1,133.0,1,1,1,4,5,136.2,1,0,0,1,0,0,19,0,0,5,6,5,12.4,0,0,5,5,5,12.8,0,7.6,2.6,0.32,Graduate,0,0.07600872407666036,Low
1,39,1,9670,1,1,133.1,1,37,37,9,9,100.2,1,0,0,0,0,0,26,0,0,6,9,3,11.75,0,0,6,11,4,11.5,3,16.2,0.3,-0.92,Dropout,1,0.862794994254783,High
1,1,1,171,1,1,180.0,41,37,37,9,9,152.7,1,0,1,0,1,0,27,1,0,0,0,0,0.0,0,0,0,0,0,0.0,0,7.6,2.6,0.32,Dropout,1,0.874205872830873,High
1,17,4,9238,1,1,129.0,1,19,19,4,7,123.1,1,0,0,1,0,0,19,0,0,6,7,6,12.0,0,0,6,7,6,12.428571428571429,0,11.1,0.6,2.02,Graduate,0,0.07492206084258904,Low
2,39,1,9085,1,1,120.0,1,19,19,1,4,130.0,0,0,0,1,0,0,29,0,0,5,8,5,15.333333333333334,2,0,5,6,5,15.4,0,9.4,-0.8,-3.12,Dropout,1,0.5358778838087883,Medium
1,1,6,9500,1,1,141.0,1,1,38,4,5,125.0,1,0,0,1,0,1,18,0,0,8,8,8,12.32,0,0,8,8,8,12.32,0,9.4,-0.8,-3.12,Graduate,0,0.036922099009055076,Low
1,1,1,9500,1,1,118.0,1,1,19,9,10,113.1,1,0,0,1,0,0,19,0,0,7,7,7,13.79857142857143,0,0,8,8,8,14.75625,0,11.1,0.6,2.02,Graduate,0,0.024736189958708667,Low
1,1,5,9773,1,1,127.0,1,38,1,4,5,121.1,1,0,0,1,0,0,18,0,0,6,6,6,13.166666666666666,0,0,6,6,6,12.5,0,15.5,2.8,-4.06,Enrolled,0,0.10212706254389986,Low
1,1,1,9147,1,1,177.0,1,1,38,3,9,162.3,0,0,0,1,0,1,18,0,0,5,6,5,16.333333333333332,0,0,5,5,5,15.4,0,15.5,2.8,-4.06,Graduate,0,0.05176777018433926,Low
1,42,1,171,1,1,132.0,1,1,1,1,4,132.0,1,0,0,1,0,0,19,0,0,0,0,0,0.0,0,0,0,0,0,0.0,0,12.7,3.7,-1.7,Dropout,1,0.7590027288553325,High
1,17,4,9500,1,1,133.0,1,4,4,4,4,130.7,1,0,0,1,0,0,19,0,0,7,7,7,14.757142857142856,0,0,8,9,8,15.366666666666667,0,12.4,0.5,1.79,Graduate,0,0.1159726775541172,Low
1,17,4,9254,1,1,124.0,1,1,1,4,4,122.3,1,0,0,1,0,0,19,0,0,6,7,6,11.666666666666666,0,0,6,6,6,12.333333333333334,0,13.9,-0.3,0.79,Dropout,1,0.24888001064481657,Low
1,1,1,9670,1,1,143.0,1,3,38,2,9,144.1,1,0,0,1,0,0,19,0,0,6,7,5,12.6,0,0,6,10,5,12.375,0,10.8,1.4,1.74,Enrolled,0,0.12254912335086758,Low
1,1,1,9773,1,1,128.0,1,1,19,9,7,118.2,0,0,0,1,0,0,19,0,0,6,6,6,11.666666666666666,0,0,6,6,6,11.5,0,12.7,3.7,-1.7,Graduate,0,0.058790536002145795,Low
1,1,1,9238,1,1,138.0,1,19,38,5,8,133.5,0,0,0,1,0,1,19,0,0,6,6,6,15.0,0,0,6,6,6,13.333333333333334,0,8.9,1.4,3.51,Graduate,0,0.02453746532241932,Low
1,1,5,9500,1,1,144.0,1,37,37,7,9,126.8,1,0,1,0,0,0,18,0,0,7,0,0,0.0,0,0,8,0,0,0.0,0,9.4,-0.8,-3.12,Dropout,1,0.9549438435977669,High
1,1,4,9773,1,1,122.0,1,19,19,9,7,121.0,1,0,0,1,0,0,20,0,0,6,7,6,13.571428571428571,0,0,6,6,6,13.333333333333334,0,13.9,-0.3,0.79,Graduate,0,0.07032696274828427,Low
1,17,1,9254,1,1,111.0,1,19,19,3,10,117.7,0,0,0,1,0,0,20,0,0,6,8,5,10.8,0,0,6,9,4,11.5,0,9.4,-0.8,-3.12,Graduate,0,0.1508518332466884,Low
1,1,1,9085,1,1,133.1,1,38,37,1,1,115.0,1,0,0,1,0,0,21,0,0,5,8,3,11.333333333333334,1,0,5,8,3,13.333333333333334,0,12.7,3.7,-1.7,Enrolled,0,0.1328784011195293,Low
2,1,1,9991,0,2,120.0,1,37,37,6,3,129.2,0,0,0,1,0,0,31,0,4,10,16,5,11.4,0,4,10,10,6,12.833333333333334,0,9.4,-0.8,-3.12,Dropout,1,0.684481336263034,High
1,1,1,9556,1,1,135.0,1,37,38,7,9,125.8,0,0,0,1,0,1,20,0,0,7,14,7,10.642857142857142,0,0,8,8,8,11.55,0,12.7,3.7,-1.7,Graduate,0,0.050835070574399906,Low
1,17,5,9670,1,1,125.0,1,19,30,7,7,118.4,1,0,0,1,0,1,19,0,0,5,8,3,10.5,0,0,5,6,4,11.75,1,7.6,2.6,0.32,Enrolled,0,0.16368519746961682,Low
1,1,1,9500,1,1,147.0,1,38,38,9,9,142.0,1,0,0,1,0,0,18,0,0,7,7,6,14.65,0,0,7,7,6,14.65,0,7.6,2.6,0.32,Graduate,0,0.02863486571900229,Low
1,17,3,9500,1,1,137.0,1,19,37,7,7,126.7,1,0,0,1,0,1,19,0,0,7,7,7,13.714285714285714,0,0,8,11,8,14.863636363636363,0,16.2,0.3,-0.92,Graduate,0,0.04465171772865886,Low
1,43,1,9238,1,1,117.0,1,34,34,0,0,109.3,0,0,0,1,0,0,30,0,9,16,19,15,12.266666666666667,0,11,13,14,13,12.071428571428571,0,9.4,-0.8,-3.12,Graduate,0,0.25139347287243474,Low
1,17,1,9238,1,1,126.0,1,37,19,9,8,116.9,1,0,0,1,0,0,21,0,0,6,11,6,10.375,0,0,6,12,3,11.666666666666666,0,12.7,3.7,-1.7,Enrolled,0,0.2729017255164558,Low
1,18,1,9147,1,1,128.0,1,19,19,9,5,121.7,1,0,0,1,0,0,19,0,0,5,8,5,11.0,0,0,5,6,5,15.4,0,12.4,0.5,1.79,Graduate,0,0.06534916080796555,Low
1,1,6,9147,1,1,115.0,1,1,37,4,9,117.1,1,0,1,1,0,0,22,0,0,5,5,5,13.8,0,0,5,5,5,13.0,0,7.6,2.6,0.32,Graduate,0,0.10124036108208986,Low
1,1,1,9773,1,1,121.0,1,1,38,4,9,114.4,0,0,0,1,0,1,18,0,0,6,6,6,12.666666666666666,0,0,6,6,6,12.833333333333334,0,11.1,0.6,2.02,Graduate,0,0.06079629374001812,Low
1,17,1,9238,1,1,134.0,1,3,1,3,4,133.0,1,0,0,1,0,0,18,0,0,6,8,6,11.75,0,0,6,10,5,12.0,0,12.7,3.7,-1.7,Graduate,0,0.11030606753543412,Low
1,1,3,9500,1,1,126.0,1,38,38,9,8,118.8,1,0,0,1,0,1,19,0,0,8,8,7,12.785714285714286,0,0,8,8,7,12.785714285714286,0,12.7,3.7,-1.7,Graduate,0,0.009851764469551267,Low
1,1,1,9130,1,1,151.0,1,3,1,2,4,151.0,1,0,0,1,0,0,18,0,0,6,11,6,14.444444444444445,0,0,6,6,6,13.333333333333334,0,16.2,0.3,-0.92,Graduate,0,0.09046204581090202,Low
1,1,6,9500,1,1,122.0,1,1,1,4,4,119.6,1,0,0,1,0,0,21,0,0,7,8,6,13.25,0,0,8,8,8,13.8375,0,13.9,-0.3,0.79,Enrolled,0,0.06550167939084196,Low
1,17,1,9500,1,1,141.0,1,2,38,2,10,135.4,1,0,0,1,0,0,18,0,0,7,9,7,12.50625,0,0,8,15,5,13.2,0,13.9,-0.3,0.79,Enrolled,0,0.17085606928527583,Low
1,1,1,171,1,1,138.0,1,1,40,4,3,149.9,1,0,0,1,0,0,20,0,0,0,0,0,0.0,0,0,0,0,0,0.0,0,11.1,0.6,2.02,Graduate,0,0.1437976360519686,Low
1,1,1,9085,1,1,133.0,1,38,37,9,7,120.1,1,0,0,1,0,0,18,0,0,5,8,4,12.75,1,0,5,10,4,11.75,0,12.7,3.7,-1.7,Graduate,0,0.06956412830053005,Low
1,39,1,9085,1,3,150.0,1,2,3,4,7,173.3,1,0,0,1,0,0,25,0,1,6,7,6,16.857142857142858,0,1,6,6,6,16.5,0,13.9,-0.3,0.79,Graduate,0,0.10296160056491965,Low
1,1,1,9773,1,1,136.0,1,19,19,4,3,126.2,0,0,0,1,0,0,19,0,0,6,6,6,13.166666666666666,0,0,6,6,6,15.0,0,16.2,0.3,-0.92,Graduate,0,0.04715162981083827,Low
1,1,1,9853,1,1,129.0,1,19,38,2,7,126.9,1,0,0,1,0,1,19,0,0,6,9,5,12.2,0,0,6,10,4,11.5,0,7.6,2.6,0.32,Enrolled,0,0.23471073516380817,Low
1,39,1,9085,1,1,128.0,1,19,1,9,10,157.4,1,0,0,1,0,0,26,0,0,6,7,6,16.5,0,0,6,8,6,14.285714285714286,0,8.9,1.4,3.51,Graduate,0,0.06506819327819482,Low
1,17,2,9147,1,1,131.0,1,1,19,4,5,120.2,1,0,0,1,0,0,21,0,0,5,10,4,11.75,0,0,5,6,5,11.6,0,12.4,0.5,1.79,Graduate,0,0.052498424572573366,Low
1,1,1,9147,1,1,130.0,1,38,38,2,9,124.8,0,0,0,1,0,0,19,0,0,5,14,1,11.0,0,0,5,6,0,0.0,0,13.9,-0.3,0.79,Dropout,1,0.9044051068993884,High
1,17,1,9500,1,1,150.0,1,37,37,9,9,130.3,0,0,0,1,0,1,19,0,0,8,8,7,15.114285714285714,0,0,8,8,7,15.114285714285714,0,12.7,3.7,-1.7,Graduate,0,0.008977380475741476,Low
1,1,1,9238,1,1,165.0,1,37,38,9,8,152.4,1,0,0,1,0,1,18,0,0,6,8,6,15.5,0,0,6,7,6,14.285714285714286,0,16.2,0.3,-0.92,Graduate,0,0.029324524796569947,Low
2,43,1,9991,0,1,133.1,1,37,37,9,7,113.5,0,0,0,1,0,1,32,0,3,10,12,7,11.142857142857142,0,4,10,10,8,12.0,0,10.8,1.4,1.74,Graduate,0,0.08084987742912347,Low
1,1,1,9238,1,1,126.0,1,3,1,5,5,125.7,0,0,0,1,0,1,18,0,0,6,6,6,11.333333333333334,0,0,6,8,6,11.333333333333334,0,15.5,2.8,-4.06,Graduate,0,0.0427377453049109,Low
1,1,5,9500,1,1,101.0,1,1,1,3,4,102.4,0,0,0,1,0,0,20,0,0,7,9,5,12.04,0,0,7,9,6,11.77142857142857,0,12.4,0.5,1.79,Enrolled,0,0.0578348435502103,Low
1,17,3,9147,1,1,125.0,1,38,19,7,7,125.7,0,0,0,1,0,0,20,0,0,5,7,5,11.166666666666666,0,0,5,9,4,10.75,0,15.5,2.8,-4.06,Enrolled,0,0.20550415279846962,Low
4,39,1,9670,1,1,100.0,1,37,37,4,10,120.0,0,0,1,1,0,1,39,0,0,5,6,5,10.6,0,0,5,7,4,10.75,0,9.4,-0.8,-3.12,Graduate,0,0.16572505990442862,Low
1,1,1,9130,1,1,117.0,1,1,1,9,9,109.3,1,0,0,1,0,0,20,0,0,5,10,4,12.5,0,0,5,12,2,13.0,0,12.7,3.7,-1.7,Enrolled,0,0.21007855532119818,Low
1,1,1,171,1,1,159.0,1,3,1,4,4,162.2,1,0,1,0,0,0,18,0,0,0,0,0,0.0,0,0,0,0,0,0.0,0,12.4,0.5,1.79,Dropout,1,0.8063674383937728,High
1,17,1,9773,1,1,177.0,1,2,1,123,135,155.7,0,0,1,1,0,1,18,0,0,6,6,6,15.666666666666666,0,0,6,6,6,13.833333333333334,0,8.9,1.4,3.51,Graduate,0,0.07804477718776064,Low
1,1,1,171,1,1,156.0,1,3,3,2,2,147.7,1,0,0,1,0,0,21,0,6,12,12,12,15.333333333333334,0,4,11,15,11,15.0,0,8.9,1.4,3.51,Graduate,0,0.08771448571993486,Low
1,1,5,9500,1,1,125.0,1,1,1,3,8,115.6,1,0,0,1,0,0,18,0,0,7,9,6,12.183333333333332,0,0,7,9,6,11.783333333333331,0,16.2,0.3,-0.92,Enrolled,0,0.07902431456741038,Low
1,1,2,9147,1,1,130.0,1,37,37,9,9,117.8,0,0,0,1,0,0,18,0,0,5,8,2,10.0,0,0,5,9,3,11.333333333333334,0,7.6,2.6,0.32,Enrolled,0,0.17690578148703281,Low
1,43,1,9003,1,1,125.0,1,1,38,4,7,125.0,1,0,0,1,0,0,21,0,9,14,23,9,12.0,2,6,12,21,8,11.25,0,15.5,2.8,-4.06,Graduate,0,0.07727939619557898,Low
1,1,1,9147,1,1,127.0,1,19,19,5,5,129.8,1,0,0,1,0,0,22,0,0,5,8,3,10.333333333333334,0,0,5,11,2,10.0,0,7.6,2.6,0.32,Dropout,1,0.8550566867171335,High
1,17,1,9254,1,1,121.0,1,1,1,4,4,123.1,1,0,0,1,1,0,21,0,0,6,11,6,11.166666666666666,0,0,6,14,3,14.666666666666666,0,7.6,2.6,0.32,Enrolled,0,0.22380481734885393,Low
1,43,1,9070,1,1,135.0,1,19,19,9,9,122.8,1,0,0,1,1,1,20,0,0,6,8,3,11.0,0,0,6,8,2,11.333333333333334,0,10.8,1.4,1.74,Enrolled,0,0.5889103434619785,Medium
1,1,2,171,1,1,125.0,1,38,19,9,9,117.3,1,0,0,1,1,1,21,0,0,0,0,0,0.0,0,0,0,0,0,0.0,0,10.8,1.4,1.74,Graduate,0,0.13043148787304334,Low
1,1,1,9254,1,1,138.0,41,1,1,9,9,126.5,1,0,0,1,0,1,20,1,0,6,7,6,12.857142857142858,0,0,6,8,5,11.8,0,8.9,1.4,3.51,Graduate,0,0.06087754875056158,Low
1,1,4,9500,1,1,136.0,1,19,38,9,9,123.0,1,0,0,1,0,0,19,0,0,8,8,7,14.328571428571427,0,0,8,8,7,14.328571428571427,0,10.8,1.4,1.74,Graduate,0,0.02466075456110517,Low
1,1,1,9238,1,1,142.0,1,1,38,5,7,127.7,0,0,0,1,0,1,20,0,0,6,7,6,15.0,0,0,6,6,6,16.333333333333332,0,13.9,-0.3,0.79,Graduate,0,0.03399713124724213,Low
1,1,1,9085,1,1,129.0,1,19,37,9,9,117.5,1,0,0,1,0,0,19,0,0,5,9,5,13.6,1,0,5,5,5,12.4,0,12.7,3.7,-1.7,Graduate,0,0.0348106090257439,Low
1,1,1,9085,1,1,134.0,1,1,1,2,7,128.4,1,0,0,1,0,1,18,0,0,5,12,5,12.857142857142858,2,0,5,8,4,13.25,0,9.4,-0.8,-3.12,Graduate,0,0.1617342514268533,Low
1,17,2,9853,1,1,123.0,1,3,1,2,3,124.1,1,0,0,1,0,0,18,0,0,6,7,2,14.5,0,0,6,6,1,10.0,0,15.5,2.8,-4.06,Dropout,1,0.9615633970206644,High
1,39,1,9991,0,1,150.0,1,19,38,9,8,140.9,0,1,0,1,0,0,24,0,0,5,7,3,10.666666666666666,0,0,5,7,3,10.5,0,10.8,1.4,1.74,Dropout,1,0.7652221666597079,High
1,1,1,9254,1,1,129.0,1,1,1,4,2,126.2,0,0,1,0,0,1,21,0,0,6,7,6,13.428571428571429,0,0,6,8,6,11.333333333333334,0,8.9,1.4,3.51,Dropout,1,0.7324146855378603,High
1,1,3,9500,1,1,134.0,1,1,37,8,7,120.5,1,0,0,1,1,1,18,0,0,7,12,7,11.716666666666663,0,0,8,13,4,10.868,0,15.5,2.8,-4.06,Graduate,0,0.2891100386240686,Low
1,17,1,9147,1,1,127.0,1,1,37,4,8,121.1,1,0,0,1,1,1,20,0,0,5,11,4,12.0,0,0,5,5,5,12.8,0,11.1,0.6,2.02,Graduate,0,0.11200784733244942,Low
1,18,2,9853,1,1,123.0,1,1,3,9,2,123.7,1,0,1,0,0,0,20,0,0,6,11,5,13.2,0,0,6,8,4,10.75,0,10.8,1.4,1.74,Dropout,1,0.9120235770662176,High
1,17,3,9254,1,1,127.0,1,12,38,5,7,116.9,1,0,1,1,0,0,18,0,0,6,7,5,12.2,0,0,6,10,4,12.25,0,12.4,0.5,1.79,Dropout,1,0.7358097813554917,High
1,39,1,9556,1,1,133.1,1,38,19,9,6,100.0,1,0,0,1,0,1,25,0,0,7,11,5,12.58,0,0,7,9,6,12.157142857142857,0,8.9,1.4,3.51,Graduate,0,0.14992008157862727,Low
1,17,5,9238,1,1,131.0,1,19,37,5,7,120.2,1,0,0,1,0,1,19,0,0,6,9,5,11.333333333333334,0,0,6,6,6,10.833333333333334,0,13.9,-0.3,0.79,Enrolled,0,0.03863734624478812,Low
2,39,1,33,1,1,120.0,1,38,1,9,5,153.8,0,0,1,1,1,0,35,0,0,7,9,0,0.0,0,0,7,8,0,0.0,0,11.1,0.6,2.02,Dropout,1,0.9103026617648089,High
1,1,4,9500,1,1,133.0,1,19,19,9,5,120.1,1,0,0,1,0,1,19,0,0,7,9,6,12.428571428571429,0,0,8,8,8,14.0,0,13.9,-0.3,0.79,Graduate,0,0.04317981502598092,Low
1,1,1,9670,1,1,133.0,1,38,38,9,9,128.1,1,0,0,1,1,1,18,0,0,6,6,6,13.0,0,0,6,6,6,13.0,0,13.9,-0.3,0.79,Dropout,1,0.27516444287283087,Low
1,1,1,9500,1,1,143.0,1,3,19,3,10,126.8,0,0,0,1,1,0,19,0,0,8,8,7,14.535714285714286,0,0,8,8,7,14.535714285714286,0,10.8,1.4,1.74,Graduate,0,0.032001437449395126,Low
1,43,1,9500,1,1,140.0,1,19,38,9,7,125.7,1,0,0,1,1,1,19,0,0,7,8,5,11.2,0,0,7,8,5,11.2,0,7.6,2.6,0.32,Enrolled,0,0.10617786756165619,Low
1,17,1,9070,1,1,157.0,1,3,3,3,3,146.2,0,0,0,1,1,0,18,0,0,6,6,6,16.0,0,0,6,6,6,13.666666666666666,0,12.4,0.5,1.79,Graduate,0,0.1264088174485417,Low
1,39,1,9130,1,19,133.1,1,19,3,9,2,140.0,1,0,1,1,1,0,24,0,0,6,13,5,13.142857142857142,0,0,6,15,3,12.666666666666666,0,16.2,0.3,-0.92,Dropout,1,0.7460308281388189,High
1,43,1,8014,0,1,145.0,6,34,34,0,0,134.5,1,0,0,1,1,0,25,1,8,14,23,11,11.6875,0,6,10,20,8,11.142857142857142,0,9.4,-0.8,-3.12,Graduate,0,0.19013842215363222,Low
1,39,1,9119,1,1,130.0,1,37,3,9,3,137.0,1,0,0,1,1,0,28,0,0,5,11,4,10.5,0,0,5,12,4,11.0,4,7.6,2.6,0.32,Enrolled,0,0.4351990858032633,Medium
1,1,1,9085,1,1,111.0,1,1,38,5,9,107.5,0,0,0,1,1,1,19,0,0,6,9,6,13.833333333333334,0,0,6,12,5,13.666666666666666,0,11.1,0.6,2.02,Graduate,0,0.07864414160630515,Low
1,17,2,9119,1,1,116.0,1,19,1,9,7,112.2,0,0,0,1,1,0,19,0,0,5,0,0,0.0,0,0,5,0,0,0.0,0,16.2,0.3,-0.92,Dropout,1,0.9532269673816584,High
1,39,1,9130,1,10,133.1,1,12,36,90,90,128.2,0,0,0,0,1,1,30,0,0,5,13,0,0.0,3,0,5,5,0,0.0,5,9.4,-0.8,-3.12,Dropout,1,0.9646569826659779,High
1,1,1,9500,1,1,135.0,1,19,19,4,5,126.8,1,0,0,1,1,0,19,0,0,7,9,0,0.0,0,0,7,8,0,0.0,0,15.5,2.8,-4.06,Dropout,1,0.96848057438973,High
1,17,1,9147,1,1,145.0,1,19,38,4,4,132.1,1,0,0,1,1,0,21,0,0,5,10,1,10.0,0,0,5,5,0,0.0,0,11.1,0.6,2.02,Dropout,1,0.9055332139723258,High
1,1,1,171,1,1,118.0,1,37,37,3,5,110.0,0,0,0,1,1,0,19,0,0,0,0,0,0.0,0,0,0,0,0,0.0,0,13.9,-0.3,0.79,Dropout,1,0.9171059009483541,High
1,39,1,9003,1,1,130.0,1,19,19,9,5,100.0,0,0,0,0,1,0,29,0,0,6,9,0,0.0,0,0,6,6,0,0.0,0,13.9,-0.3,0.79,Dropout,1,0.9953978450956046,High
1,1,1,9670,1,1,115.0,1,19,37,9,9,114.3,0,0,0,1,1,0,18,0,0,6,7,4,12.6,0,0,6,6,4,13.0,0,12.4,0.5,1.79,Dropout,1,0.5613292873195943,Medium
1,1,2,9147,1,1,122.0,1,1,38,4,5,116.4,0,0,0,1,1,0,21,0,0,5,10,3,11.25,0,0,5,9,3,11.0,0,15.5,2.8,-4.06,Enrolled,0,0.22597340414702724,Low
1,42,1,9070,1,1,120.0,1,3,2,3,1,116.9,0,0,0,1,1,0,20,0,6,7,13,7,12.375,0,4,7,8,4,11.25,0,13.9,-0.3,0.79,Dropout,1,0.6826388784124217,High
1,51,1,9991,0,1,120.0,1,38,3,5,3,128.2,0,0,1,1,1,0,24,0,3,10,15,7,10.714285714285714,0,3,10,11,9,12.555555555555555,0,12.4,0.5,1.79,Enrolled,0,0.21218689410057526,Low
1,17,2,9773,1,1,120.0,1,1,1,2,5,127.0,1,0,0,0,1,0,18,0,0,6,6,0,0.0,0,0,6,0,0,0.0,0,8.9,1.4,3.51,Dropout,1,0.9851259043320301,High
1,42,1,9003,1,1,140.0,1,1,3,4,2,140.0,1,0,0,1,1,0,23,0,0,6,14,5,12.0,0,0,6,12,5,12.142857142857142,0,15.5,2.8,-4.06,Enrolled,0,0.15815838775332794,Low
1,1,6,9147,1,1,127.0,1,1,19,1,6,120.0,1,0,0,1,1,0,19,0,0,5,6,5,12.6,0,0,5,8,3,12.666666666666666,0,8.9,1.4,3.51,Graduate,0,0.18923484494770176,Low
1,7,1,9254,1,3,110.0,1,19,19,3,3,110.0,0,0,0,1,1,0,35,0,0,6,7,0,0.0,0,0,6,6,0,0.0,0,16.2,0.3,-0.92,Dropout,1,0.9918009049509874,High
1,1,1,9500,1,1,148.0,1,1,1,9,9,127.0,1,0,0,1,1,0,20,0,0,8,8,7,12.84142857142857,0,0,8,8,7,12.84142857142857,0,10.8,1.4,1.74,Graduate,0,0.03284430370436678,Low
2,39,1,9238,1,42,170.0,1,19,38,8,8,159.5,0,0,0,1,1,0,33,0,0,6,6,0,0.0,0,0,5,5,0,0.0,0,8.9,1.4,3.51,Dropout,1,0.9487404990880625,High
1,1,1,9773,1,1,146.0,1,1,3,4,1,135.2,1,0,0,1,1,0,18,0,0,6,7,6,14.166666666666666,0,0,6,6,6,12.833333333333334,0,9.4,-0.8,-3.12,Graduate,0,0.10800660342437468,Low
1,1,1,9773,1,1,127.0,1,5,3,4,4,122.8,1,0,0,1,1,0,20,0,0,6,7,6,12.166666666666666,0,0,6,9,3,12.0,0,12.4,0.5,1.79,Enrolled,0,0.17794583995080462,Low
1,17,1,9773,1,1,125.0,1,3,3,2,3,118.0,1,0,0,1,1,0,19,0,0,6,12,4,10.8,0,0,6,14,3,11.0,0,13.9,-0.3,0.79,Dropout,1,0.7074457822316522,High
1,17,5,9773,1,1,139.0,1,38,1,4,4,123.6,1,0,0,1,1,0,18,0,0,6,6,6,13.0,0,0,6,12,0,0.0,0,7.6,2.6,0.32,Dropout,1,0.8858307915584042,High
1,39,1,9991,0,1,133.1,1,37,37,7,9,111.0,0,0,0,0,1,0,28,0,0,5,0,0,0.0,0,0,5,0,0,0.0,0,8.9,1.4,3.51,Dropout,1,0.975594616621451,High
1,1,1,9147,1,1,146.0,1,5,1,1,5,144.6,0,0,0,1,1,0,18,0,0,5,5,5,13.0,0,0,5,6,5,13.333333333333334,0,16.2,0.3,-0.92,Graduate,0,0.06844552109289219,Low
1,1,1,9773,1,1,109.0,1,2,3,3,3,111.8,1,0,1,1,1,0,25,0,0,6,8,6,11.571428571428571,0,0,6,9,6,11.571428571428571,0,15.5,2.8,-4.06,Dropout,1,0.7169656427563912,High
1,1,1,9238,1,1,135.0,1,1,38,4,6,122.1,0,1,1,0,1,0,19,0,0,6,6,4,11.5,0,0,6,6,5,11.0,0,8.9,1.4,3.51,Dropout,1,0.8881037014508617,High
1,18,2,9070,1,1,122.0,1,38,19,5,5,119.9,0,0,0,1,1,0,18,0,0,6,8,5,11.0,0,0,6,6,4,10.75,0,9.4,-0.8,-3.12,Graduate,0,0.23768310571112758,Low
1,7,1,9003,1,3,130.0,1,3,3,6,2,130.0,1,0,0,1,1,0,29,0,1,6,10,6,17.11111111111111,0,2,6,9,6,15.571428571428571,0,13.9,-0.3,0.79,Graduate,0,0.17280243920102017,Low
1,1,1,171,1,1,124.0,1,2,2,3,2,118.4,1,0,0,1,1,0,18,0,0,0,0,0,0.0,0,0,0,0,0,0.0,0,7.6,2.6,0.32,Enrolled,0,0.17930875673598723,Low
1,1,1,9254,1,1,115.0,1,3,2,4,5,112.6,0,0,0,1,1,1,20,0,0,6,9,6,12.571428571428571,0,0,6,6,6,12.166666666666666,0,8.9,1.4,3.51,Graduate,0,0.03469285537895133,Low
1,44,1,9003,1,39,150.0,1,3,19,2,6,150.0,0,0,0,1,1,0,20,0,0,6,6,0,0.0,0,0,6,8,0,0.0,0,15.5,2.8,-4.06,Dropout,1,0.9384526921986842,High
1,1,4,9070,1,1,170.0,1,3,3,2,2,165.8,1,0,0,1,1,0,18,0,0,6,7,6,14.5,0,0,6,6,6,15.166666666666666,0,9.4,-0.8,-3.12,Graduate,0,0.10429688724384469,Low
1,1,6,9254,1,1,102.0,1,3,1,2,2,101.7,1,0,0,1,1,1,21,0,0,6,6,6,13.5,0,0,6,6,6,12.333333333333334,0,12.4,0.5,1.79,Graduate,0,0.051174168088504376,Low
1,17,2,9254,1,1,140.0,1,3,3,2,2,124.3,0,0,0,0,1,0,18,0,0,6,9,5,11.2,0,0,6,14,2,10.0,0,9.4,-0.8,-3.12,Dropout,1,0.7965489904367161,High
1,1,5,9119,1,1,135.0,1,37,37,90,90,122.1,1,0,0,1,1,0,20,0,0,5,10,3,10.666666666666666,0,0,5,5,4,12.25,0,7.6,2.6,0.32,Graduate,0,0.15870326632313955,Low
1,43,1,8014,0,1,148.0,1,37,37,9,9,134.7,0,0,0,1,0,0,23,0,9,13,15,9,11.0,0,4,11,12,7,11.571428571428571,0,15.5,2.8,-4.06,Enrolled,0,0.16764650401791728,Low
1,39,1,9991,0,1,140.0,1,1,37,9,8,154.5,0,0,0,1,0,0,26,0,0,1,2,0,0.0,0,0,5,8,0,0.0,0,16.2,0.3,-0.92,Dropout,1,0.9564842827858231,High
1,17,3,9670,1,1,147.0,1,37,37,8,8,128.8,0,0,1,1,0,0,19,0,0,5,5,1,10.0,0,0,5,5,0,0.0,0,9.4,-0.8,-3.12,Dropout,1,0.9305704330200206,High
1,39,1,9556,1,1,140.0,1,37,38,9,9,106.0,1,0,1,0,0,1,24,0,0,7,14,5,12.36,0,1,8,15,5,12.0,0,8.9,1.4,3.51,Dropout,1,0.8460932932866896,High
1,1,1,9670,1,1,157.0,1,19,38,9,7,146.2,1,0,0,1,0,1,20,0,0,6,8,6,15.25,0,0,6,7,6,14.714285714285714,0,11.1,0.6,2.02,Graduate,0,0.057377662197876614,Low
1,17,1,9991,0,1,120.0,1,38,3,9,3,116.9,1,0,1,0,0,0,26,0,0,5,5,0,0.0,0,0,5,6,0,0.0,0,10.8,1.4,1.74,Dropout,1,0.9567007523433392,High
1,39,1,9147,1,12,133.1,1,19,37,7,9,118.2,0,0,0,1,0,0,31,0,0,5,8,1,13.0,2,0,5,9,4,12.25,0,10.8,1.4,1.74,Dropout,1,0.6532260781490965,High
2,43,1,9500,1,1,140.0,1,37,37,9,10,105.7,1,0,0,1,0,0,27,0,0,8,8,8,13.81375,0,0,8,8,8,13.81375,0,9.4,-0.8,-3.12,Graduate,0,0.036136334860439705,Low
1,1,1,9085,1,1,130.0,1,19,38,9,9,126.9,0,0,1,1,0,0,24,0,0,6,8,6,13.285714285714286,0,0,6,13,6,12.875,0,11.1,0.6,2.02,Graduate,0,0.06654788218227953,Low
1,44,1,9085,1,39,150.0,1,19,38,194,193,150.0,1,0,0,1,0,0,23,0,0,6,11,4,11.5,0,0,6,12,4,12.2,0,8.9,1.4,3.51,Enrolled,0,0.13083070514240608,Low
1,1,2,9500,1,1,115.0,1,38,38,9,8,108.4,1,0,0,1,0,1,20,0,0,7,8,7,11.9625,0,0,8,9,8,13.044444444444444,0,13.9,-0.3,0.79,Graduate,0,0.03323084798734092,Low
1,1,6,9500,1,1,118.0,1,38,38,5,5,114.2,1,0,0,1,0,0,20,0,0,7,9,6,13.683333333333332,0,0,8,11,6,13.116666666666667,0,11.1,0.6,2.02,Graduate,0,0.08118851570705347,Low
1,39,1,9500,1,1,130.0,1,38,1,9,4,140.0,1,0,0,1,0,0,24,0,0,8,8,7,14.985714285714286,0,0,8,8,7,14.985714285714286,0,12.7,3.7,-1.7,Graduate,0,0.04527631647002825,Low
2,39,1,9147,1,1,130.0,1,37,37,9,9,142.5,0,0,0,1,0,0,39,0,0,5,8,4,11.25,0,0,5,8,4,11.5,0,11.1,0.6,2.02,Enrolled,0,0.1799591656665754,Low
1,1,2,9773,1,1,130.0,1,19,38,3,9,126.5,1,0,0,1,0,0,18,0,0,6,8,4,12.5,0,0,6,6,5,12.6,0,12.7,3.7,-1.7,Graduate,0,0.12201995267718083,Low
1,17,3,9085,1,1,120.0,1,37,38,9,9,111.3,0,0,0,1,0,0,20,0,0,6,0,0,0.0,0,0,6,0,0,0.0,0,11.1,0.6,2.02,Dropout,1,0.9962089957875222,High
1,1,2,9500,1,1,130.0,1,1,1,4,3,125.1,1,0,0,1,0,0,18,0,0,7,10,7,13.78,0,0,8,10,8,13.661,0,15.5,2.8,-4.06,Graduate,0,0.04930764582015668,Low
1,1,2,9500,1,1,141.0,1,37,37,9,7,126.3,1,0,0,1,0,0,19,0,0,7,10,7,13.805,0,0,8,8,8,14.2725,0,15.5,2.8,-4.06,Graduate,0,0.04171138340009488,Low
1,17,1,9085,1,1,138.0,1,1,19,4,9,142.2,1,0,0,1,0,0,18,0,0,5,7,5,13.8,0,0,5,5,5,12.6,0,10.8,1.4,1.74,Graduate,0,0.04755704879671357,Low
1,1,1,9670,1,1,113.0,1,37,19,9,9,110.2,1,0,0,1,0,0,22,0,0,5,7,3,12.666666666666666,0,0,5,6,4,12.0,0,7.6,2.6,0.32,Enrolled,0,0.3615288358946092,Medium
1,17,4,9500,1,1,135.0,1,1,1,4,4,127.0,1,0,0,1,0,0,18,0,0,7,7,7,14.424285714285714,0,0,8,8,8,13.9375,0,11.1,0.6,2.02,Graduate,0,0.10013970691309373,Low
1,1,1,9238,1,1,137.0,1,3,1,4,9,128.6,0,0,0,1,0,1,18,0,0,6,7,6,13.166666666666666,0,0,6,6,6,12.5,0,12.4,0.5,1.79,Graduate,0,0.06130863762133205,Low
4,39,1,9991,0,1,133.1,1,37,37,9,9,130.4,0,0,0,1,0,0,30,0,0,5,10,3,10.666666666666666,0,0,5,8,5,10.4,0,12.7,3.7,-1.7,Enrolled,0,0.18701635191661534,Low
2,43,1,9238,1,12,100.0,1,37,37,9,9,134.4,0,0,0,1,0,0,34,0,9,16,20,14,12.071428571428571,1,11,13,13,11,12.272727272727272,0,7.6,2.6,0.32,Graduate,0,0.07557623464662792,Low
1,39,1,8014,0,19,133.1,1,37,37,9,9,100.0,0,0,0,1,0,0,38,0,0,6,10,3,10.25,0,0,6,7,1,12.0,0,13.9,-0.3,0.79,Dropout,1,0.8546630241952455,High
1,1,1,9500,1,1,142.0,1,37,19,7,7,133.0,1,0,0,1,0,1,19,0,0,8,8,8,14.11,0,0,8,8,8,14.11,0,9.4,-0.8,-3.12,Graduate,0,0.01979040987791078,Low
1,17,3,9853,1,1,140.0,1,38,38,5,7,126.7,1,0,0,1,0,0,19,0,0,6,9,5,12.4,0,0,6,10,3,10.666666666666666,0,10.8,1.4,1.74,Dropout,1,0.7718547606332453,High
1,43,1,9773,1,1,129.0,1,1,1,4,8,129.0,0,0,0,0,0,0,21,0,0,6,7,6,12.0,0,0,6,6,6,12.0,0,10.8,1.4,1.74,Dropout,1,0.7303000597240902,High
1,17,1,9773,1,1,141.0,1,2,3,2,2,133.7,1,0,0,1,0,1,18,0,0,6,6,6,14.833333333333334,0,0,6,6,6,13.5,0,11.1,0.6,2.02,Graduate,0,0.12304201208811814,Low
1,17,5,9085,1,1,118.0,1,1,38,4,7,122.2,1,0,0,1,0,1,20,0,0,6,7,6,15.428571428571429,0,0,6,7,6,13.5,0,13.9,-0.3,0.79,Graduate,0,0.06493707508953364,Low
1,17,5,9147,1,1,131.0,1,37,38,5,5,128.9,0,0,0,1,0,1,18,0,0,5,7,5,11.6,0,0,5,11,5,11.4,4,16.2,0.3,-0.92,Graduate,0,0.062488429843605774,Low
1,1,3,9070,1,1,161.0,1,38,37,5,5,154.4,1,0,0,1,0,0,18,0,0,6,6,6,14.166666666666666,0,0,6,6,6,14.0,0,16.2,0.3,-0.92,Graduate,0,0.06473493532374866,Low
1,7,1,9556,1,2,130.0,1,37,37,9,9,130.0,1,0,0,1,0,1,36,0,0,7,9,1,9.8,0,0,7,7,0,0.0,0,12.7,3.7,-1.7,Dropout,1,0.9687353969221543,High
1,17,4,9147,1,1,121.0,1,38,37,6,7,113.0,1,0,0,1,0,1,18,0,0,5,12,4,10.714285714285714,0,0,5,9,4,11.0,0,13.9,-0.3,0.79,Graduate,0,0.12658215678879114,Low
1,43,1,9130,1,6,133.1,1,1,29,4,90,123.3,1,0,0,1,0,1,21,0,0,5,7,0,0.0,0,0,5,5,0,0.0,0,7.6,2.6,0.32,Dropout,1,0.887399138098245,High
1,44,1,9130,1,39,130.0,1,1,3,9,2,130.0,1,0,1,1,0,1,21,0,1,6,13,3,12.333333333333334,0,1,6,12,1,13.0,0,13.9,-0.3,0.79,Dropout,1,0.831341639730575,High
1,15,1,9085,1,1,133.1,41,3,3,4,2,101.3,0,0,0,1,0,0,18,1,0,6,13,6,13.0,0,0,6,15,6,12.25,0,11.1,0.6,2.02,Graduate,0,0.10501248805453992,Low
1,17,6,9670,1,1,120.0,1,1,14,4,5,113.7,1,0,0,1,0,0,18,0,0,5,7,4,11.4,0,0,5,5,4,11.25,0,9.4,-0.8,-3.12,Graduate,0,0.12999767268306514,Low
1,1,2,9500,1,1,140.0,1,38,38,9,7,138.8,1,0,0,1,0,0,19,0,0,7,7,6,12.766666666666666,0,0,7,7,6,12.766666666666666,0,7.6,2.6,0.32,Graduate,0,0.03449749247525623,Low
2,39,1,9003,1,19,133.1,1,37,19,9,4,140.0,0,0,1,1,0,0,29,0,0,6,11,5,12.6,0,0,6,6,6,12.666666666666666,0,11.1,0.6,2.02,Graduate,0,0.0804031452403826,Low
1,44,1,9147,1,39,130.0,1,19,1,9,3,130.0,0,0,0,1,0,1,20,0,4,7,8,7,13.0,0,2,5,5,5,13.4,0,11.1,0.6,2.02,Graduate,0,0.09679751746604105,Low
1,17,2,9500,1,1,140.0,1,37,37,9,9,132.5,1,0,0,1,0,0,18,0,0,7,7,6,14.316666666666668,0,0,7,7,6,14.316666666666668,0,7.6,2.6,0.32,Graduate,0,0.03723161918482945,Low
1,1,1,9085,1,1,124.0,1,2,1,4,10,117.4,1,0,0,1,0,0,19,0,0,5,7,4,12.75,0,0,5,5,5,12.0,0,10.8,1.4,1.74,Graduate,0,0.051282901054074875,Low
1,1,3,9147,1,1,115.0,1,1,38,3,8,109.8,1,0,0,1,0,1,19,0,0,5,5,5,13.4,0,0,5,5,5,12.6,0,8.9,1.4,3.51,Graduate,0,0.06466884625602128,Low
1,39,1,8014,0,1,100.0,1,12,5,9,4,116.5,0,0,1,0,0,0,37,0,0,6,6,0,0.0,0,0,5,5,0,0.0,0,8.9,1.4,3.51,Dropout,1,0.9439543210155182,High
1,1,2,9085,1,1,162.0,1,37,1,9,9,165.2,1,0,0,1,0,1,18,0,0,5,6,4,15.75,0,0,5,5,5,13.8,0,10.8,1.4,1.74,Graduate,0,0.056653974986560725,Low
1,1,1,9853,1,1,121.0,1,19,19,7,7,113.0,1,0,0,1,0,0,21,0,0,6,9,5,12.4,0,0,6,11,1,11.0,0,12.7,3.7,-1.7,Dropout,1,0.5537232713946281,Medium
1,17,1,9238,1,1,125.0,1,1,38,144,181,123.3,0,0,0,1,0,1,19,0,0,6,8,6,11.5,0,0,6,7,6,12.333333333333334,0,12.4,0.5,1.79,Graduate,0,0.027328027175981227,Low
1,17,2,9670,1,1,123.0,1,3,1,3,1,116.7,0,0,0,1,0,0,19,0,0,5,5,5,13.4,0,0,5,5,5,14.0,0,9.4,-0.8,-3.12,Graduate,0,0.08256935192317622,Low
2,39,1,9991,0,39,140.0,1,38,19,9,5,110.0,0,0,0,1,0,1,35,0,0,5,9,3,11.666666666666666,0,0,5,7,5,11.8,0,12.7,3.7,-1.7,Enrolled,0,0.10434861682715846,Low
2,39,1,9500,1,1,133.1,1,37,38,9,8,118.9,0,0,0,1,0,0,30,0,0,7,0,0,0.0,0,0,8,0,0,0.0,0,13.9,-0.3,0.79,Dropout,1,0.9939832007753399,High
1,43,2,9773,1,1,120.0,1,34,34,0,0,103.6,1,0,0,1,0,0,27,0,4,8,11,7,13.285714285714286,0,4,7,13,5,11.6,0,9.4,-0.8,-3.12,Dropout,1,0.755454259991785,High
2,1,1,9254,1,1,136.0,1,37,37,9,9,122.7,0,0,0,1,0,1,45,0,0,6,10,4,11.5,0,0,6,16,2,10.5,0,7.6,2.6,0.32,Dropout,1,0.8105189773564293,High
2,39,1,8014,0,1,133.1,1,38,38,9,9,113.5,0,0,0,1,0,1,50,0,3,9,11,8,13.25,0,2,7,8,7,11.714285714285714,0,12.7,3.7,-1.7,Graduate,0,0.040391092119342234,Low
4,42,1,9147,1,1,110.0,1,37,37,9,9,128.2,0,0,0,1,0,0,41,0,8,14,24,11,12.25,3,5,10,12,10,13.4,0,9.4,-0.8,-3.12,Graduate,0,0.05890751221928865,Low
1,43,1,9500,1,1,120.0,1,37,37,9,6,120.0,1,0,0,1,0,0,26,0,0,7,8,6,12.0,0,0,7,8,6,12.0,0,7.6,2.6,0.32,Enrolled,0,0.029085905750317043,Low
1,39,1,9003,1,19,133.1,1,37,37,9,9,130.0,0,0,0,1,0,0,44,0,0,6,10,1,12.0,0,0,6,6,0,0.0,0,11.1,0.6,2.02,Dropout,1,0.9740100222428727,High
5,7,1,9147,1,40,110.0,1,37,37,9,9,110.0,0,0,0,1,0,0,23,0,10,15,15,13,10.923076923076923,0,5,10,10,7,11.142857142857142,0,15.5,2.8,-4.06,Graduate,0,0.12599396967966503,Low
1,51,1,33,1,1,130.0,1,19,19,9,9,117.7,0,0,0,1,0,0,34,0,10,12,12,10,12.0,0,5,10,11,5,11.0,0,11.1,0.6,2.02,Dropout,1,0.4167607630883542,Medium
1,1,1,9147,1,1,102.0,1,38,38,9,9,99.6,1,0,0,1,0,1,21,0,0,5,10,5,13.714285714285714,0,0,5,7,5,14.4,0,11.1,0.6,2.02,Graduate,0,0.08526052956894237,Low
1,43,3,9147,1,1,127.0,21,3,37,3,3,117.9,1,0,0,1,0,0,22,1,0,5,8,1,10.0,0,0,5,8,2,13.0,0,7.6,2.6,0.32,Dropout,1,0.848630120779971,High
4,39,1,8014,0,1,133.1,1,37,37,9,8,113.0,0,0,0,1,0,1,32,0,0,6,18,2,10.333333333333334,0,0,6,7,6,11.5,0,16.2,0.3,-0.92,Graduate,0,0.23401953812920204,Low
1,17,2,9556,1,1,137.0,41,1,1,7,7,124.4,1,0,0,1,0,0,20,1,0,7,8,7,12.728571428571428,0,0,8,8,8,14.625,0,15.5,2.8,-4.06,Graduate,0,0.07892859298366685,Low
2,7,1,8014,0,3,130.0,1,35,35,90,90,140.0,0,0,0,0,0,0,59,0,10,15,22,12,13.333333333333334,0,8,8,8,8,12.875,0,10.8,1.4,1.74,Dropout,1,0.8191346496736073,High
2,53,1,9147,1,42,130.0,1,19,19,175,152,132.4,0,0,0,1,0,0,30,0,6,11,20,9,12.22222222222222,0,3,9,16,9,11.6,0,8.9,1.4,3.51,Enrolled,0,0.17058126382491284,Low
1,1,4,9254,1,1,131.0,1,38,36,9,9,124.0,1,0,0,1,0,1,18,0,0,6,7,6,11.333333333333334,0,0,6,9,6,10.833333333333334,0,9.4,-0.8,-3.12,Graduate,0,0.08170204393248827,Low
2,39,1,9991,0,1,162.0,1,37,37,9,6,132.0,0,0,1,1,1,0,25,0,0,5,8,4,11.0,0,0,5,7,4,12.0,0,7.6,2.6,0.32,Enrolled,0,0.2930851176596855,Low
4,43,1,9991,0,1,140.0,1,37,37,5,5,149.8,0,0,0,1,1,0,36,0,0,5,5,5,13.8,0,0,5,6,5,13.8,0,12.7,3.7,-1.7,Graduate,0,0.0574900410316562,Low
1,7,1,9556,1,43,160.0,1,38,19,9,9,160.0,0,0,0,1,1,0,36,0,0,7,16,1,12.0,0,0,7,13,0,0.0,1,11.1,0.6,2.02,Dropout,1,0.9440441640781417,High
1,17,6,9670,1,1,117.0,1,38,19,0,1,114.6,0,0,0,0,1,0,19,0,0,6,9,4,11.25,0,0,6,11,3,10.166666666666666,0,10.8,1.4,1.74,Dropout,1,0.9567325193794434,High
1,39,1,9991,0,1,150.0,1,1,37,4,6,120.0,0,0,0,1,1,0,25,0,0,5,6,4,10.5,0,0,5,6,5,12.0,0,9.4,-0.8,-3.12,Graduate,0,0.12133451545337365,Low
1,39,1,9003,1,19,133.1,1,37,37,9,7,100.0,0,0,0,1,1,0,35,0,17,18,20,18,11.555555555555555,0,11,13,13,13,11.615384615384617,0,15.5,2.8,-4.06,Graduate,0,0.1125819029116506,Low
1,1,1,9238,1,1,125.0,1,1,1,5,5,128.5,0,0,0,1,1,0,20,0,0,6,13,1,14.0,0,0,6,7,0,0.0,0,16.2,0.3,-0.92,Dropout,1,0.9539270480872718,High
1,39,1,9003,1,1,130.0,1,37,37,9,7,113.0,1,0,0,0,1,0,35,0,0,6,17,1,13.0,0,0,6,8,0,0.0,0,15.5,2.8,-4.06,Dropout,1,0.9870507413472454,High
1,1,1,9238,1,1,170.0,1,37,37,0,0,150.8,1,0,0,1,0,0,27,0,0,6,13,2,11.0,0,0,6,14,1,11.0,0,7.6,2.6,0.32,Dropout,1,0.8982036696518609,High
1,17,3,9500,1,1,132.0,1,19,3,9,5,130.8,1,0,0,1,0,0,18,0,0,8,8,7,13.68142857142857,0,0,8,8,7,13.68142857142857,0,10.8,1.4,1.74,Enrolled,0,0.05075615866397726,Low
1,43,1,9500,1,1,133.1,1,38,19,9,10,114.5,0,0,0,1,0,0,23,0,0,7,11,6,12.1,0,0,7,7,6,12.616666666666667,0,16.2,0.3,-0.92,Enrolled,0,0.06621833750096788,Low
1,17,2,8014,0,1,120.0,1,19,1,5,10,114.8,1,0,0,1,0,0,19,0,0,6,8,4,10.5,0,0,6,8,4,11.25,0,10.8,1.4,1.74,Graduate,0,0.19028472622751202,Low
1,17,2,9500,1,1,126.0,1,37,37,7,7,126.2,1,0,0,1,0,1,18,0,0,7,10,5,11.94,0,0,7,8,6,12.8,0,11.1,0.6,2.02,Enrolled,0,0.09751662989917338,Low
1,39,1,9500,1,1,130.0,1,19,19,3,7,129.0,0,0,1,0,0,0,26,0,0,7,11,4,12.86,0,0,7,10,5,11.566666666666668,0,12.4,0.5,1.79,Dropout,1,0.918523269651487,High
1,17,1,9238,1,1,133.1,1,1,38,9,7,110.5,0,0,0,1,0,0,19,0,0,6,10,6,14.25,0,0,6,7,6,14.0,0,16.2,0.3,-0.92,Graduate,0,0.03421628074934678,Low
1,1,5,9500,1,1,141.0,1,38,19,7,7,132.5,1,0,0,0,0,0,19,0,0,7,0,0,0.0,0,0,8,0,0,0.0,0,12.7,3.7,-1.7,Dropout,1,0.9895308815156791,High
1,1,1,171,1,1,138.0,1,19,19,5,1,130.7,1,0,0,1,0,0,18,0,0,0,0,0,0.0,0,0,0,0,0,0.0,0,13.9,-0.3,0.79,Dropout,1,0.6524786780706017,High
1,17,1,9500,1,1,130.0,1,19,1,9,7,130.4,1,0,0,1,0,1,19,0,0,7,7,7,13.894285714285711,0,0,8,8,8,14.3625,0,11.1,0.6,2.02,Graduate,0,0.0458395554753101,Low
1,17,1,9500,1,1,128.0,1,37,37,9,8,124.3,1,0,0,1,0,1,19,0,0,7,8,7,13.46875,0,0,8,8,8,13.31375,0,15.5,2.8,-4.06,Graduate,0,0.016017145045325126,Low
1,1,4,9085,1,1,135.0,1,38,37,9,9,132.6,1,0,0,1,0,1,19,0,0,5,5,5,13.6,0,0,5,5,5,14.6,0,10.8,1.4,1.74,Graduate,0,0.04355270722433188,Low
1,44,1,8014,0,39,150.0,1,1,37,9,7,146.7,0,0,0,1,0,1,21,0,3,6,6,6,14.666666666666666,0,2,6,6,6,13.833333333333334,0,12.4,0.5,1.79,Graduate,0,0.036303816457200606,Low
1,1,3,9773,1,1,135.0,1,1,1,3,5,130.1,1,0,0,1,0,0,18,0,0,6,6,6,13.666666666666666,0,0,6,7,6,13.0,0,15.5,2.8,-4.06,Graduate,0,0.10124217990360579,Low
2,43,1,9254,1,3,120.0,1,38,37,9,3,120.0,1,0,0,1,0,0,33,0,9,12,22,10,13.3,0,9,11,11,11,13.727272727272728,0,9.4,-0.8,-3.12,Graduate,0,0.045596953998830084,Low
1,7,1,8014,0,3,120.0,1,19,37,5,3,121.3,0,0,0,1,0,0,32,0,7,11,13,11,13.454545454545457,0,5,11,13,7,12.428571428571429,0,12.7,3.7,-1.7,Graduate,0,0.09315926581699605,Low
1,1,6,9500,1,1,140.0,1,19,19,1,4,133.3,1,0,0,1,0,1,17,0,0,8,8,8,13.41625,0,0,8,8,8,13.41625,0,9.4,-0.8,-3.12,Graduate,0,0.043426910351767864,Low
2,39,1,9500,1,1,140.0,1,19,19,9,7,110.5,0,0,0,1,0,0,31,0,0,7,0,0,0.0,0,0,8,0,0,0.0,0,12.7,3.7,-1.7,Dropout,1,0.9905985210500794,High
2,39,1,8014,0,1,140.0,1,19,19,9,7,102.5,0,0,0,1,0,1,32,0,0,6,6,6,11.333333333333334,0,0,6,8,5,13.0,0,15.5,2.8,-4.06,Graduate,0,0.06781964482798974,Low
1,1,2,9085,1,1,156.0,1,40,40,3,7,150.9,1,0,0,1,0,0,18,0,0,6,8,6,16.0,0,0,6,10,6,14.625,0,11.1,0.6,2.02,Dropout,1,0.7695647780366389,High
1,51,1,9070,1,12,133.1,1,37,19,3,7,106.6,0,0,1,1,0,0,31,0,2,6,8,5,11.0,0,4,6,12,6,10.166666666666666,0,8.9,1.4,3.51,Enrolled,0,0.2115217283257985,Low
1,1,1,9254,1,1,120.0,1,1,1,9,10,118.3,0,0,0,1,1,0,20,0,0,6,8,6,12.857142857142858,0,0,6,9,5,12.4,0,8.9,1.4,3.51,Enrolled,0,0.05326329797216427,Low
1,43,1,9991,0,1,100.0,1,3,19,1,1,117.9,0,0,0,0,1,0,40,0,0,5,5,0,0.0,0,0,5,6,0,0.0,0,10.8,1.4,1.74,Dropout,1,0.9743033449379681,High
2,1,1,9991,0,1,120.0,1,37,19,9,9,135.0,1,0,0,1,1,0,32,0,0,5,5,5,14.8,0,0,5,5,5,14.2,0,7.6,2.6,0.32,Graduate,0,0.030393248085978073,Low
1,7,1,9119,1,3,120.0,1,19,19,1,1,120.0,0,0,0,0,1,0,40,0,1,5,7,1,13.0,0,2,5,5,2,14.0,0,12.7,3.7,-1.7,Dropout,1,0.9530191359613963,High
1,1,1,171,1,1,172.0,1,1,1,4,9,167.1,0,0,0,1,1,1,18,0,0,0,0,0,0.0,0,0,0,0,0,0.0,0,16.2,0.3,-0.92,Graduate,0,0.24260680298363843,Low
1,43,1,9991,0,1,120.0,1,37,37,9,9,115.8,0,0,1,0,1,0,28,0,4,9,14,4,10.0,0,1,6,6,1,10.0,0,12.7,3.7,-1.7,Dropout,1,0.9832161145359269,High
1,16,2,9070,1,1,137.0,1,1,1,3,1,141.2,1,0,1,1,1,0,19,0,0,6,11,5,11.2,0,0,6,7,6,12.0,0,9.4,-0.8,-3.12,Graduate,0,0.14714931690006117,Low
1,1,1,9773,1,1,117.0,1,1,37,5,9,118.4,0,0,0,1,1,1,19,0,0,6,8,6,11.833333333333334,0,0,6,11,3,13.0,0,15.5,2.8,-4.06,Graduate,0,0.1402048833757337,Low
1,1,6,9147,1,1,142.0,1,38,37,7,7,134.3,0,1,0,1,1,0,21,0,0,5,0,0,0.0,0,0,5,0,0,0.0,0,10.8,1.4,1.74,Dropout,1,0.9728942693934108,High
1,17,4,9147,1,1,135.0,1,19,1,0,4,128.7,1,0,0,1,1,0,22,0,0,5,8,2,10.5,0,0,5,10,0,0.0,0,7.6,2.6,0.32,Dropout,1,0.9276835998554266,High
1,17,3,9119,1,1,115.0,1,3,1,3,3,116.1,1,0,0,0,1,0,18,0,0,5,8,5,12.5,0,0,5,7,5,13.571428571428571,0,12.4,0.5,1.79,Dropout,1,0.7133634766089425,High
1,39,1,171,1,1,110.0,1,12,3,5,2,100.0,1,0,0,1,1,0,27,0,0,0,0,0,0.0,0,0,0,0,0,0.0,0,9.4,-0.8,-3.12,Dropout,1,0.4942557707860299,Medium
1,1,1,171,1,1,123.0,1,1,3,2,2,118.8,0,0,0,1,1,0,19,0,4,10,10,5,11.0,0,2,7,8,2,10.0,0,8.9,1.4,3.51,Enrolled,0,0.19041886108793965,Low
2,43,1,9991,0,1,140.0,1,37,37,9,9,130.0,1,0,0,1,1,0,30,0,6,10,14,9,12.333333333333334,0,7,10,12,8,12.0,0,9.4,-0.8,-3.12,Graduate,0,0.1932422001688175,Low
1,39,1,9130,1,39,150.0,1,1,3,4,1,150.0,0,0,0,1,1,0,28,0,0,6,9,0,0.0,0,0,6,8,1,10.0,1,16.2,0.3,-0.92,Dropout,1,0.9538794014528715,High
5,39,1,9119,1,1,120.0,1,37,37,9,9,116.0,0,0,1,1,1,1,34,0,0,5,14,1,17.0,0,0,5,10,2,11.0,0,9.4,-0.8,-3.12,Enrolled,0,0.29263720749355593,Low
1,17,1,9147,1,1,110.0,1,1,1,4,4,99.0,0,0,0,1,1,0,21,0,0,5,5,5,11.0,0,0,5,11,3,11.428571428571429,0,10.8,1.4,1.74,Enrolled,0,0.1414364232762562,Low
1,1,1,9238,1,1,133.0,1,1,19,9,9,132.0,0,0,0,1,1,1,20,0,0,6,11,5,11.142857142857142,0,0,6,9,6,11.571428571428571,0,16.2,0.3,-0.92,Graduate,0,0.047640918778571614,Low
1,43,1,9254,1,1,110.0,1,12,19,9,9,125.0,0,0,0,0,1,0,31,0,3,8,19,5,12.166666666666666,0,3,7,12,5,12.0,0,7.6,2.6,0.32,Dropout,1,0.9083880037973981,High
1,17,1,9119,1,1,126.0,1,1,1,9,9,116.2,0,0,1,0,1,0,21,0,0,5,9,2,11.0,0,0,5,8,2,11.5,2,7.6,2.6,0.32,Dropout,1,0.9068410508509415,High
1,39,2,9670,1,19,133.1,1,34,34,0,0,100.0,1,0,0,0,1,0,27,0,0,5,8,1,11.0,0,0,5,6,3,10.666666666666666,1,7.6,2.6,0.32,Dropout,1,0.9285704167242173,High
1,1,6,9773,1,1,136.0,1,38,38,9,9,132.9,1,0,0,1,1,0,19,0,0,6,10,4,13.25,0,0,6,13,5,11.8,0,7.6,2.6,0.32,Graduate,0,0.13202528289061644,Low
1,17,4,9773,1,1,129.0,1,3,1,2,7,132.5,1,0,0,1,1,0,21,0,0,6,7,0,0.0,0,0,6,11,1,10.0,0,10.8,1.4,1.74,Enrolled,0,0.621974280515208,High
1,44,1,9003,1,39,140.0,1,19,19,4,4,140.0,1,0,0,0,1,0,21,0,0,6,17,2,12.5,0,0,6,10,0,0.0,0,16.2,0.3,-0.92,Dropout,1,0.9397207220990629,High
1,43,1,9670,1,1,160.0,1,34,34,99,99,100.1,0,0,0,0,1,0,35,0,6,10,10,7,12.142857142857142,0,4,9,9,4,12.25,0,7.6,2.6,0.32,Dropout,1,0.8980814099267127,High
1,39,1,9085,1,1,133.1,1,37,36,90,7,128.2,0,0,0,1,1,0,28,0,0,5,8,3,12.0,0,0,5,10,3,11.333333333333334,0,7.6,2.6,0.32,Dropout,1,0.7395209450691113,High
1,17,1,9670,1,1,140.0,1,1,1,4,3,133.4,0,0,0,1,1,0,24,0,0,6,6,4,11.25,0,0,6,9,4,10.428571428571429,0,10.8,1.4,1.74,Enrolled,0,0.5172609967583307,Medium
1,1,3,9773,1,1,142.0,1,34,1,5,10,136.1,1,0,0,0,1,0,19,0,0,4,8,0,0.0,1,0,6,0,0,0.0,0,9.4,-0.8,-3.12,Dropout,1,0.9287696208827316,High
1,17,1,9670,1,1,138.0,1,1,1,4,8,123.0,0,0,1,0,1,0,20,0,0,6,7,5,12.4,0,0,6,8,4,13.0,0,13.9,-0.3,0.79,Enrolled,0,0.8134383643031701,High
1,1,1,9070,1,1,131.0,1,3,19,4,4,130.3,1,0,0,1,1,1,20,0,0,6,6,6,12.833333333333334,0,0,6,8,6,12.666666666666666,2,16.2,0.3,-0.92,Graduate,0,0.038916330344662076,Low
1,1,1,9119,1,1,160.0,1,37,37,9,6,153.7,0,0,0,1,1,0,19,0,0,5,7,1,13.0,0,0,5,7,2,10.0,0,9.4,-0.8,-3.12,Enrolled,0,0.29572302960407193,Low
1,39,1,9085,1,1,110.0,1,40,1,5,6,142.5,0,0,1,0,1,0,37,0,5,7,7,5,12.0,0,3,7,7,3,11.666666666666666,0,8.9,1.4,3.51,Dropout,1,0.9052438794411312,High
1,1,1,9254,1,1,124.0,1,37,38,9,8,114.6,1,0,0,1,1,0,19,0,0,6,13,2,12.0,0,0,6,12,1,13.0,0,7.6,2.6,0.32,Dropout,1,0.8692967616479957,High
1,39,1,9500,1,1,120.0,1,37,37,9,8,108.5,0,0,0,1,1,0,36,0,0,7,18,0,0.0,0,0,7,7,0,0.0,0,13.9,-0.3,0.79,Dropout,1,0.9883285495762493,High
1,39,1,9147,1,12,133.1,1,37,37,9,9,140.0,0,0,0,1,1,0,29,0,0,5,0,0,0.0,0,0,5,0,0,0.0,0,9.4,-0.8,-3.12,Dropout,1,0.9780193622573224,High
1,39,1,9003,1,1,133.1,1,38,37,9,4,120.0,0,0,0,1,1,0,30,0,0,6,10,6,11.375,0,0,6,10,5,11.6,0,13.9,-0.3,0.79,Graduate,0,0.11841551293400798,Low
1,51,1,9670,1,19,133.1,1,2,1,3,10,120.0,0,0,1,1,1,0,32,0,1,6,15,2,12.0,0,0,6,7,0,0.0,0,11.1,0.6,2.02,Dropout,1,0.957091048167973,High
1,1,1,8014,0,1,123.0,1,3,1,2,9,127.6,1,0,0,1,1,0,26,0,0,6,6,6,11.833333333333334,0,0,6,6,6,11.666666666666666,0,10.8,1.4,1.74,Enrolled,0,0.12112242489096052,Low
2,44,1,9003,1,39,140.0,1,37,37,4,7,140.0,0,0,0,1,1,0,37,0,0,6,17,1,12.0,0,0,6,23,2,10.5,1,16.2,0.3,-0.92,Dropout,1,0.892736150733788,High
1,39,1,9119,1,1,138.7,1,1,12,4,3,111.3,0,0,0,1,1,0,27,0,1,6,7,3,12.0,0,2,6,7,2,11.0,0,13.9,-0.3,0.79,Dropout,1,0.9224045784796034,High
1,1,1,9773,1,1,131.0,1,38,1,5,7,131.0,1,0,0,1,1,1,18,0,0,6,7,6,12.714285714285714,0,0,6,8,5,11.833333333333334,0,13.9,-0.3,0.79,Graduate,0,0.1527690408450258,Low
1,1,1,9500,1,1,149.0,1,38,37,9,9,139.5,0,0,0,1,1,1,18,0,0,8,8,8,15.3,0,0,8,8,8,15.3,0,9.4,-0.8,-3.12,Graduate,0,0.019959580487687378,Low
2,39,2,9003,1,19,133.1,1,38,19,4,1,110.0,0,0,0,0,1,0,32,0,2,8,12,2,11.5,2,0,7,9,0,0.0,0,15.5,2.8,-4.06,Dropout,1,0.9774455331932166,High
1,44,1,9119,1,39,130.0,1,3,19,3,4,130.0,0,0,0,1,1,0,20,0,0,5,12,1,13.0,0,0,5,8,3,12.6,0,12.4,0.5,1.79,Enrolled,0,0.25387429890990076,Low
1,43,1,9003,1,1,120.0,1,3,3,1,2,115.0,0,0,0,1,1,0,22,0,0,6,12,0,0.0,0,0,6,10,0,0.0,0,16.2,0.3,-0.92,Dropout,1,0.9682561861761289,High
4,39,1,9500,1,1,133.1,1,1,19,3,3,154.3,0,0,0,1,0,0,32,0,0,7,0,0,0.0,0,0,8,0,0,0.0,0,12.4,0.5,1.79,Dropout,1,0.9890210752906436,High
1,1,1,9147,1,1,143.0,1,1,37,9,9,135.0,1,0,0,1,0,0,21,0,0,5,8,4,11.0,0,0,5,8,5,12.0,0,7.6,2.6,0.32,Enrolled,0,0.04977564106910137,Low
1,17,4,9670,1,1,126.0,1,1,1,4,7,115.2,0,0,0,0,0,0,19,0,0,6,7,3,12.666666666666666,0,0,6,10,5,13.125,0,10.8,1.4,1.74,Dropout,1,0.8099185658216544,High
1,1,1,9773,1,1,125.0,1,19,1,9,9,130.6,1,0,0,1,0,1,18,0,0,6,6,6,13.5,0,0,6,6,6,14.0,0,8.9,1.4,3.51,Graduate,0,0.060282502630004564,Low
1,1,4,9147,1,1,123.0,1,1,1,9,7,117.4,1,0,0,1,0,1,18,0,0,5,7,5,12.0,0,0,5,10,5,11.4,0,8.9,1.4,3.51,Graduate,0,0.10412436049563922,Low
1,7,1,9147,1,2,150.0,1,3,37,2,5,150.0,1,0,1,0,0,0,38,0,0,5,6,0,0.0,0,0,5,5,0,0.0,0,15.5,2.8,-4.06,Dropout,1,0.9898982788770356,High
1,17,3,9853,1,1,132.0,1,34,34,0,0,131.3,1,0,0,1,0,0,21,0,0,6,8,5,11.8,0,0,6,8,4,10.5,0,7.6,2.6,0.32,Dropout,1,0.6769982213020258,High
1,1,1,9238,1,1,133.0,1,34,37,5,5,120.4,0,0,0,0,0,0,21,0,0,6,12,2,11.5,0,0,6,13,1,13.0,0,9.4,-0.8,-3.12,Dropout,1,0.8597682017099547,High
1,1,1,9991,0,1,122.0,1,37,37,9,3,113.6,0,0,0,1,1,0,26,0,0,5,11,2,11.5,0,0,5,10,3,12.0,0,7.6,2.6,0.32,Enrolled,0,0.39025902668212004,Medium
1,1,4,9500,1,1,137.0,1,19,38,9,3,125.0,1,0,0,1,0,0,19,0,0,7,7,6,14.616666666666667,0,0,7,7,6,14.616666666666667,0,7.6,2.6,0.32,Graduate,0,0.0301872349652898,Low
1,1,6,9500,1,1,145.0,1,19,37,9,9,132.3,1,0,0,1,0,1,19,0,0,8,8,7,14.06,0,0,8,8,7,14.06,0,10.8,1.4,1.74,Enrolled,0,0.027804179441471007,Low
1,17,1,9254,1,1,150.0,1,1,1,9,10,142.7,0,0,1,1,0,0,18,0,0,6,9,4,11.0,0,0,6,12,3,11.333333333333334,0,7.6,2.6,0.32,Dropout,1,0.5170079264218854,Medium
1,7,1,9147,1,3,130.0,1,37,37,9,9,130.0,0,0,0,1,0,0,25,0,0,5,0,0,0.0,0,0,5,0,0,0.0,0,12.7,3.7,-1.7,Dropout,1,0.9907258142155113,High
1,1,6,9500,1,1,136.0,1,37,1,5,4,120.8,1,0,0,1,0,0,19,0,6,14,22,7,12.192307692307692,5,6,14,22,7,12.192307692307692,5,7.6,2.6,0.32,Graduate,0,0.14857815257867368,Low
1,17,2,9254,1,1,131.0,1,1,19,9,9,130.3,1,0,0,1,0,1,18,0,0,6,6,6,12.833333333333334,0,0,6,7,6,12.333333333333334,0,13.9,-0.3,0.79,Graduate,0,0.07442360059577247,Low
1,17,1,9147,1,1,130.0,1,37,37,9,7,119.9,0,0,0,1,0,1,19,0,0,5,8,5,12.875,0,0,5,6,5,11.833333333333334,0,13.9,-0.3,0.79,Graduate,0,0.030827217228124575,Low
1,1,1,9238,1,1,108.0,1,19,38,9,7,110.5,1,0,0,1,0,1,22,0,0,6,6,6,12.166666666666666,0,0,6,6,6,12.5,0,12.4,0.5,1.79,Graduate,0,0.026224219054016274,Low
1,44,1,9003,1,39,160.0,1,38,38,6,6,160.0,1,0,0,1,0,0,21,0,0,6,11,6,13.428571428571429,0,0,6,12,6,12.857142857142858,0,15.5,2.8,-4.06,Graduate,0,0.042283773616410385,Low
1,17,1,9085,1,1,113.0,1,19,37,9,9,118.6,1,0,0,1,0,1,21,0,0,6,6,6,14.5,0,0,6,8,6,14.666666666666666,0,8.9,1.4,3.51,Graduate,0,0.024699118760617825,Low
1,1,1,9853,1,1,113.0,1,38,38,3,7,112.3,0,0,0,1,0,1,20,0,0,7,7,7,12.142857142857142,0,0,7,7,7,12.857142857142858,0,11.1,0.6,2.02,Graduate,0,0.049037548392086454,Low
2,1,1,9147,1,1,137.0,1,19,37,9,9,124.4,0,0,0,1,0,0,19,0,0,5,6,4,11.25,0,0,5,10,3,11.714285714285714,0,10.8,1.4,1.74,Enrolled,0,0.13707786546036724,Low
1,1,4,9500,1,1,148.0,1,19,19,9,3,125.0,1,0,0,1,0,0,18,0,0,7,7,6,13.9,0,0,7,7,6,13.9,0,7.6,2.6,0.32,Graduate,0,0.03978976644782211,Low
1,39,1,9500,1,1,130.0,1,19,19,9,8,105.8,0,0,0,1,0,0,26,0,0,7,12,3,13.766666666666666,0,0,7,11,3,12.066666666666668,0,13.9,-0.3,0.79,Dropout,1,0.8458565203118208,High
1,26,1,9147,1,2,133.1,1,34,34,0,0,121.5,1,0,0,1,0,0,31,0,13,15,17,13,11.615384615384617,0,11,14,14,11,12.545454545454543,0,7.6,2.6,0.32,Dropout,1,0.8352402573945756,High
1,17,1,9238,1,1,138.0,1,37,38,9,8,134.2,1,0,0,1,0,1,18,0,0,6,6,6,15.166666666666666,0,0,6,7,6,14.142857142857142,0,11.1,0.6,2.02,Graduate,0,0.044071033458866406,Low
4,7,1,9147,1,3,130.0,1,19,1,5,5,130.0,0,0,0,1,0,0,35,0,0,5,5,0,0.0,0,0,5,5,0,0.0,0,11.1,0.6,2.02,Dropout,1,0.9833982299897042,High
1,1,1,9085,1,1,127.0,1,37,37,9,9,122.8,1,0,0,1,0,0,19,0,0,5,10,2,14.5,1,0,5,9,3,11.333333333333334,0,12.7,3.7,-1.7,Enrolled,0,0.1075387559751317,Low
1,1,1,9238,1,1,115.0,1,19,38,7,7,108.7,0,0,0,1,0,1,19,0,0,6,9,5,10.8,0,0,6,8,6,10.714285714285714,0,15.5,2.8,-4.06,Graduate,0,0.058311878758780925,Low
1,1,2,9500,1,1,147.0,1,3,1,4,3,136.7,0,0,0,1,0,0,18,0,0,7,7,7,13.995714285714287,0,0,8,9,8,14.955555555555556,0,11.1,0.6,2.02,Graduate,0,0.08395731566067065,Low
1,17,1,9085,1,1,132.0,1,38,38,4,9,119.1,0,0,0,1,0,0,20,0,0,6,8,6,13.285714285714286,0,0,6,16,6,11.8,0,12.4,0.5,1.79,Graduate,0,0.05353083467584961,Low
1,1,4,171,1,1,146.0,1,1,1,9,5,151.3,1,0,0,1,0,1,19,0,6,12,12,12,12.75,0,4,11,16,11,13.25,0,8.9,1.4,3.51,Graduate,0,0.027733188999049516,Low
1,43,1,9238,1,1,109.0,1,19,37,5,5,108.3,0,0,0,1,0,1,21,0,0,6,15,2,10.5,0,0,6,8,5,12.4,0,10.8,1.4,1.74,Enrolled,0,0.08062530351508569,Low
1,17,1,9853,1,1,133.0,1,38,38,9,9,127.4,0,0,1,1,0,1,18,0,0,7,7,7,12.714285714285714,0,0,7,7,7,12.285714285714286,0,16.2,0.3,-0.92,Graduate,0,0.10925168581082428,Low
1,42,1,9500,1,1,124.0,1,19,19,4,9,124.0,0,0,0,1,0,0,23,0,0,8,8,8,12.88625,0,0,8,8,8,12.88625,0,9.4,-0.8,-3.12,Graduate,0,0.0525282347834926,Low
1,1,1,9070,1,1,133.1,1,1,1,9,9,155.0,0,0,0,1,0,1,21,0,0,6,7,5,13.0,0,0,6,6,6,12.666666666666666,0,16.2,0.3,-0.92,Graduate,0,0.05456359240473065,Low
1,1,1,9147,1,1,121.0,1,37,38,9,9,114.0,0,0,0,1,0,1,19,0,0,5,7,5,12.2,0,0,5,6,5,11.2,0,11.1,0.6,2.02,Graduate,0,0.041609692613209556,Low
1,1,2,9147,1,1,129.0,1,38,19,3,7,118.9,1,0,0,1,0,0,19,0,0,5,8,4,12.8,0,0,5,10,3,14.5,0,10.8,1.4,1.74,Enrolled,0,0.17984224251840836,Low
1,53,1,9085,1,42,160.0,1,19,37,4,9,160.0,1,0,0,1,0,0,20,0,7,11,15,11,13.785714285714286,0,4,9,9,9,13.88888888888889,0,8.9,1.4,3.51,Graduate,0,0.06908083465770372,Low
1,43,1,9147,1,1,131.0,1,3,19,2,9,126.1,0,0,0,1,0,0,18,0,0,5,5,0,0.0,0,0,5,9,4,13.25,2,16.2,0.3,-0.92,Enrolled,0,0.16058961227045826,Low
1,1,1,9500,1,1,150.0,1,37,37,9,7,136.5,1,0,0,1,0,1,18,0,0,8,8,8,14.50125,0,0,8,8,8,14.50125,0,9.4,-0.8,-3.12,Graduate,0,0.015999710649368514,Low
2,1,5,9500,1,1,130.0,1,1,19,4,4,122.3,0,0,0,1,0,0,19,0,0,7,7,6,14.35,0,0,7,7,6,14.35,0,7.6,2.6,0.32,Graduate,0,0.0336627492777184,Low
1,17,1,9070,1,1,133.1,1,38,19,5,5,128.0,0,0,0,1,0,1,21,0,0,6,6,6,11.5,0,0,6,6,6,12.333333333333334,0,9.4,-0.8,-3.12,Graduate,0,0.03326442627560513,Low
1,1,1,9238,1,1,154.0,1,38,38,9,9,156.5,1,1,0,1,0,1,18,0,0,6,8,6,11.714285714285714,0,0,6,6,6,14.666666666666666,0,12.7,3.7,-1.7,Graduate,0,0.047470978070066124,Low
1,1,1,9670,1,1,126.0,1,37,19,7,7,125.7,0,0,0,1,0,0,20,0,0,6,9,6,13.571428571428571,0,0,6,10,5,13.6,0,15.5,2.8,-4.06,Enrolled,0,0.07984078551163858,Low
1,1,1,9773,1,1,150.0,1,19,38,9,5,143.0,0,0,0,1,0,0,18,0,0,6,6,5,13.0,0,0,6,6,6,13.666666666666666,0,12.7,3.7,-1.7,Graduate,0,0.07002762732223622,Low
1,17,5,9500,1,1,141.0,1,19,19,9,7,131.9,1,0,0,1,0,1,18,0,0,7,8,7,13.56875,0,0,8,8,8,14.02625,0,15.5,2.8,-4.06,Graduate,0,0.032793591451300286,Low
2,43,1,9991,0,1,134.0,1,37,37,9,9,113.7,0,0,0,1,0,0,32,0,1,5,5,5,10.2,0,0,5,9,4,11.25,0,9.4,-0.8,-3.12,Enrolled,0,0.1612862556042752,Low
1,17,2,171,1,1,146.0,1,3,3,3,3,155.1,1,0,0,1,0,0,18,0,0,0,0,0,0.0,0,0,0,0,0,0.0,0,13.9,-0.3,0.79,Graduate,0,0.08286031433274992,Low
1,16,3,9853,1,1,134.0,1,19,37,9,9,121.1,1,0,0,1,0,0,19,0,0,6,8,5,12.2,0,0,6,8,5,11.8,0,10.8,1.4,1.74,Enrolled,0,0.1386375560812067,Low
1,1,3,9500,1,1,139.0,1,1,19,9,3,130.3,1,0,0,1,0,1,18,0,0,8,8,8,14.15375,0,0,8,8,8,14.15375,0,9.4,-0.8,-3.12,Graduate,0,0.028212084350994045,Low
1,1,6,9500,1,1,136.0,1,1,1,4,5,123.3,0,0,0,0,0,0,18,0,0,8,8,0,0.0,8,0,8,8,0,0.0,8,9.4,-0.8,-3.12,Dropout,1,0.8631784877643088,High
1,1,5,9773,1,1,110.0,1,19,38,3,5,117.4,1,0,0,1,0,0,20,0,0,6,7,6,13.833333333333334,0,0,6,6,6,12.833333333333334,0,11.1,0.6,2.02,Graduate,0,0.07879132211330123,Low
1,5,1,9670,1,1,135.0,1,1,12,4,4,140.3,1,0,0,1,0,0,19,0,0,6,7,6,13.428571428571429,0,0,6,6,4,14.0,0,12.4,0.5,1.79,Enrolled,0,0.15633231860173727,Low
1,17,4,9500,1,1,129.0,1,38,37,9,5,120.0,1,0,0,1,0,0,19,0,0,8,8,7,12.454285714285716,0,0,8,8,7,12.454285714285716,0,10.8,1.4,1.74,Graduate,0,0.02436146070144179,Low
1,17,1,9147,1,1,139.0,1,38,38,7,5,133.4,0,0,0,1,0,0,18,0,0,5,9,1,11.0,1,0,5,10,0,0.0,0,9.4,-0.8,-3.12,Enrolled,0,0.6774309610011283,High
1,1,4,9500,1,1,137.0,1,1,19,4,7,126.7,1,0,0,1,0,0,18,0,0,7,0,0,0.0,0,0,8,0,0,0.0,0,15.5,2.8,-4.06,Dropout,1,0.9947814560913304,High
1,17,3,9500,1,1,138.0,1,1,19,7,8,129.3,1,0,0,1,0,1,18,0,0,7,8,6,13.271666666666668,0,0,8,11,7,12.94375,0,12.4,0.5,1.79,Graduate,0,0.07542848249086362,Low
1,17,6,9500,1,1,136.0,1,3,38,2,9,125.7,1,0,0,1,0,0,20,0,0,7,8,6,13.548333333333334,0,0,8,11,6,14.775,0,11.1,0.6,2.02,Enrolled,0,0.12471849903281315,Low
1,1,1,9773,1,1,143.0,1,3,3,2,5,144.8,0,0,0,1,0,0,19,0,0,6,6,6,12.166666666666666,0,0,6,6,6,12.5,0,16.2,0.3,-0.92,Enrolled,0,0.07446103827181938,Low
1,1,1,9254,1,1,133.1,1,38,19,3,3,98.6,0,0,0,1,0,0,21,0,0,6,16,2,11.0,0,0,6,12,0,0.0,0,12.7,3.7,-1.7,Dropout,1,0.9040486627973057,High
1,1,1,9853,1,1,136.0,1,38,37,9,9,126.9,1,0,0,1,0,1,19,0,0,7,7,7,13.285714285714286,0,0,7,7,7,14.428571428571429,0,11.1,0.6,2.02,Graduate,0,0.04541164517979251,Low
1,17,1,9238,1,1,139.0,1,19,38,4,9,146.7,1,0,0,1,0,1,20,0,0,6,6,6,13.333333333333334,0,0,6,7,6,14.0,0,15.5,2.8,-4.06,Graduate,0,0.028537850282909356,Low
1,1,1,9500,1,1,125.0,1,1,1,9,4,117.0,0,0,0,1,0,1,21,0,0,8,8,8,13.2575,0,0,8,8,8,13.2575,0,9.4,-0.8,-3.12,Graduate,0,0.014172919299526479,Low
1,44,1,9085,1,39,130.0,1,37,38,9,6,130.0,1,0,0,1,0,0,23,0,0,6,7,0,0.0,0,0,6,7,0,0.0,0,11.1,0.6,2.02,Dropout,1,0.9703809545375238,High
1,17,1,9238,1,1,137.0,1,1,38,5,8,125.8,0,0,0,0,0,1,18,0,0,6,10,6,12.666666666666666,0,0,6,6,2,11.5,0,12.7,3.7,-1.7,Dropout,1,0.8250961517035591,High
2,39,1,9991,0,3,130.0,1,3,1,1,10,160.0,0,0,0,1,0,0,30,0,0,5,5,5,14.6,0,0,5,5,5,15.4,0,12.7,3.7,-1.7,Dropout,1,0.1523462518370806,Low
1,1,1,9085,1,1,130.0,1,9,19,4,1,134.2,1,0,0,1,0,0,20,0,0,5,13,0,0.0,5,0,5,5,0,0.0,5,9.4,-0.8,-3.12,Dropout,1,0.9329757331402326,High
2,43,2,9147,1,1,160.0,1,37,37,9,9,96.0,0,0,0,0,0,0,29,0,3,5,7,3,12.333333333333334,0,0,5,8,0,0.0,0,10.8,1.4,1.74,Dropout,1,0.9720352139826764,High
1,18,1,9147,1,1,100.0,1,38,38,5,5,101.8,1,0,0,1,0,0,24,0,0,5,5,5,10.8,0,0,5,11,2,11.0,0,10.8,1.4,1.74,Enrolled,0,0.239402568361514,Low
1,1,1,9238,1,1,136.0,1,19,1,4,3,125.2,1,0,0,1,0,0,20,0,0,6,7,6,11.666666666666666,0,0,6,10,6,11.333333333333334,0,7.6,2.6,0.32,Graduate,0,0.06679392896144572,Low
1,43,1,8014,0,1,117.0,1,37,37,9,9,100.0,0,0,0,1,0,0,27,0,0,6,6,4,12.5,0,0,6,6,6,14.333333333333334,0,13.9,-0.3,0.79,Dropout,1,0.49410672210448003,Medium
2,7,1,9147,1,3,140.0,1,37,37,9,9,140.0,0,0,0,1,0,0,23,0,0,5,0,0,0.0,0,0,5,0,0,0.0,0,7.6,2.6,0.32,Dropout,1,0.9861189580071874,High
1,51,1,9070,1,1,132.0,1,19,19,153,153,120.0,0,0,0,1,0,1,23,0,0,6,6,6,15.333333333333334,0,0,6,6,6,14.166666666666666,0,11.1,0.6,2.02,Graduate,0,0.05515712579908159,Low
1,1,3,9500,1,1,147.0,1,1,1,4,4,134.3,1,0,0,1,0,0,18,0,0,8,8,7,14.2,0,0,8,8,7,14.2,0,12.7,3.7,-1.7,Graduate,0,0.04816844221187736,Low
1,1,1,9773,1,1,158.0,1,38,38,9,7,144.7,1,0,0,1,0,1,19,0,0,6,6,6,14.833333333333334,0,0,6,6,6,14.666666666666666,0,12.7,3.7,-1.7,Graduate,0,0.041746588092724156,Low
1,17,6,9500,1,1,142.0,1,19,37,4,9,131.9,1,0,0,1,0,0,19,0,0,7,7,7,13.642857142857142,0,0,8,8,8,14.3875,0,13.9,-0.3,0.79,Dropout,1,0.18721994455516602,Low
1,1,1,9773,1,1,143.0,1,1,38,8,8,136.7,1,0,0,1,0,1,18,0,0,6,6,6,13.833333333333334,0,0,6,6,6,14.0,0,11.1,0.6,2.02,Dropout,1,0.24909771319313231,Low
1,1,2,9070,1,1,135.0,1,1,1,4,7,129.8,1,0,0,1,0,0,19,0,0,6,6,6,11.833333333333334,0,0,6,7,6,13.0,0,9.4,-0.8,-3.12,Graduate,0,0.052146558501152025,Low
1,1,1,9773,1,1,160.0,1,1,38,4,7,146.5,0,0,0,1,0,1,18,0,0,6,7,6,13.428571428571429,0,0,6,10,6,13.5,0,13.9,-0.3,0.79,Graduate,0,0.09199105353969765,Low
1,43,1,9991,0,1,120.0,1,37,37,9,8,122.5,1,0,0,1,0,0,29,0,8,13,16,8,10.5,0,8,12,19,9,10.333333333333334,0,9.4,-0.8,-3.12,Enrolled,0,0.19560473092215755,Low
1,39,2,9556,1,19,133.1,1,37,37,3,7,117.8,0,0,0,1,0,0,24,0,0,7,10,6,11.416666666666666,0,0,8,9,8,11.9625,0,13.9,-0.3,0.79,Graduate,0,0.11606849994061195,Low
1,17,2,9556,1,1,133.1,1,37,38,9,8,106.0,1,0,0,1,0,0,19,0,0,7,16,2,12.75,0,0,7,12,2,11.0,0,8.9,1.4,3.51,Dropout,1,0.84645280215464,High
1,17,1,9556,1,1,133.0,1,1,38,4,9,119.0,0,0,0,1,0,0,19,0,0,7,10,6,11.15,0,0,7,7,7,12.814285714285717,0,12.7,3.7,-1.7,Enrolled,0,0.08724262978335359,Low
1,1,1,9670,1,1,120.0,1,38,19,4,8,115.1,0,0,0,1,0,0,19,0,0,6,8,3,11.666666666666666,0,0,6,11,5,13.625,0,10.8,1.4,1.74,Enrolled,0,0.13280011112890833,Low
1,17,4,9254,1,1,106.0,1,37,19,9,7,116.9,1,0,0,1,0,0,20,0,0,6,7,6,11.5,0,0,6,8,5,12.4,0,11.1,0.6,2.02,Graduate,0,0.06123748243721594,Low
1,1,2,9773,1,1,148.0,1,1,19,9,9,141.7,0,0,0,1,0,0,18,0,0,6,6,6,13.833333333333334,0,0,6,6,6,12.666666666666666,0,10.8,1.4,1.74,Graduate,0,0.07934258245815543,Low
1,1,2,9070,1,1,134.0,1,1,19,3,3,127.7,1,0,0,0,0,0,18,0,1,6,8,6,11.714285714285714,1,0,6,11,4,11.333333333333334,0,13.9,-0.3,0.79,Dropout,1,0.7378431605165076,High
1,1,5,9500,1,1,130.0,1,19,1,9,5,122.1,1,0,0,1,0,1,19,0,0,7,8,7,11.678571428571429,0,0,8,10,7,13.0375,0,12.4,0.5,1.79,Graduate,0,0.03675292967327626,Low
1,16,1,9085,1,1,150.0,1,3,3,2,1,153.5,1,0,0,1,0,0,19,0,0,6,7,6,15.714285714285714,0,0,6,6,6,14.666666666666666,0,13.9,-0.3,0.79,Dropout,1,0.2791300266948523,Low
1,1,1,171,1,1,141.0,1,1,19,5,8,141.4,1,0,0,1,0,1,18,0,0,0,0,0,0.0,0,0,0,0,0,0.0,0,13.9,-0.3,0.79,Graduate,0,0.11443282578418452,Low
1,1,1,9773,1,1,140.0,1,19,37,9,6,135.8,1,0,0,1,0,1,19,0,0,6,6,6,13.0,0,0,6,7,6,13.0,0,10.8,1.4,1.74,Graduate,0,0.10580877293417311,Low
1,1,2,9500,1,1,138.0,1,3,3,2,2,127.5,1,0,0,1,0,1,18,0,0,7,7,7,14.485714285714286,0,0,8,9,8,14.58888888888889,0,16.2,0.3,-0.92,Graduate,0,0.06536038334071446,Low
1,39,1,9991,0,1,130.0,1,37,37,9,9,151.6,0,0,0,1,0,0,24,0,0,5,9,5,12.285714285714286,0,0,5,8,5,12.125,0,16.2,0.3,-0.92,Enrolled,0,0.09196302609088024,Low
1,39,1,9500,1,1,133.1,1,19,19,5,6,121.4,0,0,1,1,0,0,28,0,0,7,12,4,13.375,0,0,7,7,5,13.5,0,13.9,-0.3,0.79,Enrolled,0,0.1903464983551053,Low
1,42,1,9500,1,1,133.0,1,1,1,4,4,100.0,0,0,0,1,0,0,20,0,1,8,8,7,11.571428571428571,0,1,8,8,7,11.571428571428571,0,12.7,3.7,-1.7,Graduate,0,0.08953092214117901,Low
1,1,6,9500,1,1,150.0,1,37,38,9,9,131.5,1,0,0,1,0,1,19,0,0,8,8,7,12.657142857142857,0,0,8,8,7,12.657142857142857,0,12.7,3.7,-1.7,Graduate,0,0.020958948950401003,Low
1,17,1,9147,1,1,117.0,1,37,37,9,9,109.3,0,0,0,0,0,0,22,0,0,5,9,2,10.0,1,0,5,11,1,10.0,0,9.4,-0.8,-3.12,Dropout,1,0.9433748805106459,High
1,1,1,9238,1,1,145.0,1,19,1,6,5,127.9,1,0,0,1,0,0,19,0,0,6,7,6,13.714285714285714,0,0,6,6,6,13.166666666666666,0,12.7,3.7,-1.7,Graduate,0,0.04776403117451995,Low
1,7,1,9238,1,3,140.0,1,37,37,9,9,140.0,1,0,0,1,0,0,36,0,10,14,21,13,13.071428571428571,0,4,11,16,11,13.0,0,16.2,0.3,-0.92,Graduate,0,0.05059536005297229,Low
1,44,1,9003,1,39,160.0,1,37,38,9,7,160.0,0,0,0,1,0,1,19,0,0,6,7,6,15.333333333333334,0,0,6,9,6,14.0,0,15.5,2.8,-4.06,Graduate,0,0.020637002327275094,Low
1,17,1,9238,1,1,125.0,1,4,3,1,1,119.8,0,0,0,1,0,0,18,0,0,6,9,5,11.571428571428571,0,0,6,8,6,12.142857142857142,0,16.2,0.3,-0.92,Graduate,0,0.06890787319930161,Low
4,43,4,9991,0,12,133.1,1,37,37,9,9,153.0,0,0,0,0,0,0,40,0,0,5,10,0,0.0,0,0,5,5,0,0.0,0,7.6,2.6,0.32,Dropout,1,0.9621830671590333,High
1,1,2,9500,1,1,139.0,1,38,37,9,7,125.0,1,0,0,1,0,1,19,0,0,7,7,6,12.9,0,0,7,7,6,12.9,0,7.6,2.6,0.32,Graduate,0,0.017208861402918732,Low
4,43,1,9500,1,1,130.0,1,37,37,9,9,103.7,0,0,0,1,0,0,38,0,1,8,12,5,13.126,1,1,8,12,5,13.126,1,10.8,1.4,1.74,Enrolled,0,0.38171684420408075,Medium
1,7,1,9085,1,3,120.0,1,37,37,7,7,120.0,0,0,0,1,0,0,32,0,4,10,20,4,11.5,2,3,9,13,3,11.666666666666666,2,15.5,2.8,-4.06,Dropout,1,0.8872859732662786,High
1,1,1,9853,1,1,160.0,1,1,37,9,9,146.0,1,0,0,1,0,0,19,0,0,6,11,3,10.333333333333334,0,0,6,10,5,11.8,0,9.4,-0.8,-3.12,Enrolled,0,0.27902893822305347,Low
1,17,3,9070,1,1,120.0,1,3,1,4,4,116.9,1,0,0,1,0,0,19,0,0,6,6,6,13.5,0,0,6,7,6,13.428571428571429,0,8.9,1.4,3.51,Graduate,0,0.05139601283326223,Low
2,39,1,9147,1,1,130.0,1,37,37,9,9,117.9,0,0,0,1,0,0,35,0,0,1,1,0,0.0,1,0,5,0,0,0.0,0,10.8,1.4,1.74,Dropout,1,0.9797598664947583,High
1,1,1,9147,1,1,124.0,1,38,19,3,10,128.6,1,0,0,1,0,0,20,0,0,5,5,4,12.0,0,0,4,4,2,11.5,0,7.6,2.6,0.32,Enrolled,0,0.4935649830463178,Medium
1,17,1,9853,1,1,150.0,1,19,19,3,4,135.0,0,0,0,1,0,0,29,0,2,8,10,7,11.142857142857142,0,2,8,11,8,11.375,0,12.7,3.7,-1.7,Graduate,0,0.16565631176240847,Low
1,1,1,9991,0,1,140.0,1,37,37,9,9,124.6,0,0,0,1,0,0,29,0,0,5,11,5,11.4,0,0,5,10,4,10.25,0,15.5,2.8,-4.06,Enrolled,0,0.23197499844628539,Low
1,1,5,9500,1,1,135.0,1,37,37,7,7,124.0,1,0,0,1,0,1,19,0,0,8,8,7,12.771428571428572,1,0,8,8,7,12.771428571428572,1,9.4,-0.8,-3.12,Enrolled,0,0.21941149151264555,Low
1,1,6,9500,1,1,143.0,1,38,19,7,9,129.5,1,0,0,1,0,1,18,0,0,8,8,7,13.79857142857143,0,0,8,8,7,13.79857142857143,0,10.8,1.4,1.74,Graduate,0,0.02970255952217625,Low
2,39,1,8014,0,19,100.0,1,38,19,0,10,111.3,0,0,1,0,0,0,25,0,0,6,7,6,13.333333333333334,0,0,6,6,6,13.5,0,7.6,2.6,0.32,Graduate,0,0.44771650197372653,Medium
4,39,1,8014,0,19,133.1,1,37,37,9,9,95.0,0,0,1,0,0,0,50,0,0,6,11,0,0.0,0,0,5,6,0,0.0,0,8.9,1.4,3.51,Dropout,1,0.9257022707710911,High
2,1,1,9147,1,1,133.1,1,34,34,0,0,131.8,0,0,0,1,0,0,24,0,14,15,17,14,11.357142857142858,0,13,14,15,13,12.846153846153848,0,7.6,2.6,0.32,Dropout,1,0.8191069712396992,High
1,1,5,9119,1,1,132.0,1,38,19,5,3,119.1,0,0,0,1,0,0,18,0,0,5,11,0,0.0,0,0,5,8,0,0.0,0,9.4,-0.8,-3.12,Dropout,1,0.8715938460896328,High
1,17,1,9085,1,1,131.0,1,38,38,191,174,125.4,1,0,0,1,0,0,20,0,0,6,13,6,15.692307692307692,0,0,6,13,5,14.428571428571429,0,15.5,2.8,-4.06,Graduate,0,0.09147662494418116,Low
1,16,1,9003,1,1,147.0,1,1,37,4,9,140.7,1,0,1,1,0,1,20,0,13,18,19,18,15.052631578947368,0,11,13,13,13,14.538461538461538,0,15.5,2.8,-4.06,Graduate,0,0.08711871438035558,Low
1,43,1,9991,0,1,141.0,1,37,37,9,9,131.9,0,0,0,1,0,0,21,0,6,10,20,6,11.5,0,5,10,17,5,12.4,0,9.4,-0.8,-3.12,Dropout,1,0.6334644611816685,High
1,39,1,9238,1,1,160.0,1,38,1,9,3,124.0,0,0,1,1,1,0,28,0,2,8,15,7,11.0,0,0,6,17,1,10.0,0,10.8,1.4,1.74,Enrolled,0,0.2790581582090592,Low
1,1,1,9254,1,1,135.0,1,38,37,9,7,139.2,0,0,0,1,1,1,19,0,0,6,6,6,13.0,0,0,6,6,6,13.166666666666666,0,12.4,0.5,1.79,Graduate,0,0.04724734218460773,Low
1,1,1,9500,1,1,133.0,1,37,37,9,7,121.8,0,0,0,1,1,1,18,0,0,8,8,8,12.93875,0,0,8,8,8,12.93875,0,9.4,-0.8,-3.12,Graduate,0,0.013157063867990842,Low
1,17,1,171,1,1,142.0,1,37,37,9,9,132.9,0,0,0,1,1,0,22,0,0,0,0,0,0.0,0,0,0,0,0,0.0,0,12.7,3.7,-1.7,Graduate,0,0.4325962904636635,Medium
1,44,1,9003,1,39,130.0,1,37,37,9,10,130.0,0,0,0,1,1,0,25,0,0,6,6,0,0.0,0,0,6,8,0,0.0,0,15.5,2.8,-4.06,Dropout,1,0.9441441916638811,High
2,39,1,9500,1,1,133.1,1,37,37,9,9,130.1,0,0,0,0,1,0,37,0,0,7,10,5,13.0,0,0,7,9,5,12.88,0,11.1,0.6,2.02,Dropout,1,0.8673518701662357,High
1,39,1,9500,1,1,133.1,1,37,37,7,7,124.5,0,0,0,0,1,0,38,0,0,7,11,5,12.18,0,0,7,11,4,11.8125,0,11.1,0.6,2.02,Dropout,1,0.9588795114621973,High
2,39,1,9670,1,1,130.0,1,19,38,9,9,162.3,0,0,0,1,1,0,36,0,0,6,13,3,11.333333333333334,0,0,6,12,5,11.4,0,13.9,-0.3,0.79,Dropout,1,0.454574606353129,Medium
1,1,2,9500,1,1,149.0,1,19,1,9,9,137.8,1,0,0,1,1,0,18,0,0,8,8,7,13.0,0,0,8,8,7,13.0,0,12.7,3.7,-1.7,Graduate,0,0.041623137358680326,Low
1,1,1,9670,1,1,130.0,1,1,1,0,0,119.5,0,0,0,0,1,0,19,0,0,5,5,0,0.0,0,0,6,0,0,0.0,0,9.4,-0.8,-3.12,Dropout,1,0.9533382704789796,High
1,39,1,9130,1,1,150.0,1,1,1,4,10,110.0,0,0,1,1,1,0,24,0,0,5,13,2,12.5,2,0,5,8,3,12.333333333333334,0,9.4,-0.8,-3.12,Dropout,1,0.7680532462905285,High
1,1,1,9238,1,1,106.0,1,1,1,3,3,105.0,0,0,0,1,1,0,20,0,0,6,9,5,11.0,0,0,6,9,5,12.166666666666666,0,11.1,0.6,2.02,Graduate,0,0.0796119014746754,Low
1,1,1,171,1,1,162.0,1,37,37,9,9,142.8,1,0,0,1,1,0,21,0,0,0,0,0,0.0,0,0,0,0,0,0.0,0,12.7,3.7,-1.7,Dropout,1,0.40384329577879796,Medium
2,43,3,9991,0,1,120.0,1,37,37,9,9,128.2,1,0,0,1,1,0,32,0,0,5,5,0,0.0,0,0,5,5,0,0.0,0,7.6,2.6,0.32,Dropout,1,0.9725092432528857,High
2,39,1,9991,0,19,133.1,1,38,38,7,8,120.0,0,0,0,1,1,0,39,0,0,5,9,0,0.0,0,0,5,5,1,10.0,0,12.7,3.7,-1.7,Dropout,1,0.9581364469415693,High
1,7,1,9119,1,3,130.0,1,37,37,9,9,130.0,0,0,0,0,1,0,33,0,0,5,6,0,0.0,0,0,5,5,0,0.0,0,12.7,3.7,-1.7,Dropout,1,0.9945295153046525,High
1,17,2,9670,1,1,128.0,1,37,38,5,8,121.7,0,0,0,1,1,1,20,0,0,5,5,5,12.4,0,0,5,5,4,10.75,0,9.4,-0.8,-3.12,Graduate,0,0.09122275060812433,Low
1,1,1,9003,1,1,124.0,1,38,19,9,7,116.0,0,0,0,1,1,0,19,0,0,6,8,6,15.5,0,0,6,10,6,14.1,0,16.2,0.3,-0.92,Graduate,0,0.0625654327075456,Low
2,39,1,9991,0,1,133.1,1,37,37,5,8,133.2,0,0,0,0,1,0,43,0,0,5,13,2,11.5,0,0,5,12,3,10.8,0,13.9,-0.3,0.79,Dropout,1,0.9258693198075383,High
2,43,1,9991,0,1,114.0,1,37,37,7,8,116.7,0,0,0,1,1,0,49,0,0,5,7,4,13.333333333333334,0,0,5,9,4,11.6,1,16.2,0.3,-0.92,Dropout,1,0.7712433210787822,High
1,1,2,9773,1,1,140.0,1,38,38,5,7,126.4,1,0,0,1,1,1,18,0,0,6,8,6,12.666666666666666,0,0,6,6,6,13.5,0,12.7,3.7,-1.7,Graduate,0,0.07783567157774988,Low
1,39,1,9003,1,1,160.0,1,1,37,191,193,140.0,0,0,0,1,1,0,27,0,0,6,6,0,0.0,0,0,6,6,0,0.0,0,11.1,0.6,2.02,Enrolled,0,0.20926421683911514,Low
1,1,1,9147,1,1,122.0,1,1,19,9,9,120.3,1,0,0,1,1,1,19,0,0,5,8,5,12.6,0,0,5,9,5,13.6,0,8.9,1.4,3.51,Dropout,1,0.2997340687898885,Low
1,39,1,9070,1,1,140.0,1,37,37,9,10,118.0,0,0,1,1,1,1,45,0,0,6,6,6,13.5,0,0,6,6,0,0.0,0,16.2,0.3,-0.92,Dropout,1,0.8710268434804559,High
1,15,1,9670,1,1,160.0,1,37,12,9,9,149.5,1,0,0,0,1,0,19,0,0,6,6,6,13.0,0,0,6,8,6,13.0,0,13.9,-0.3,0.79,Graduate,0,0.10603721994923719,Low
1,44,1,9003,1,39,130.0,1,1,3,9,6,130.0,0,0,0,1,1,1,21,0,0,6,15,6,11.714285714285714,0,0,6,8,4,11.75,0,13.9,-0.3,0.79,Graduate,0,0.08151113308854151,Low
1,1,1,9670,1,1,141.0,1,1,1,5,9,126.3,0,0,0,1,1,1,18,0,0,6,8,6,12.166666666666666,0,0,6,7,5,13.0,0,13.9,-0.3,0.79,Graduate,0,0.11343999900323032,Low
1,17,3,9147,1,1,127.0,1,37,37,5,7,116.2,0,0,0,1,1,0,18,0,0,5,10,0,0.0,1,0,5,13,0,0.0,0,9.4,-0.8,-3.12,Dropout,1,0.7770308443040489,High
1,17,1,9254,1,1,126.0,1,37,37,5,1,126.0,0,0,0,0,1,0,29,0,0,6,12,0,0.0,0,0,6,6,0,0.0,6,9.4,-0.8,-3.12,Dropout,1,0.9818309947222679,High
1,1,1,9670,1,1,131.0,1,1,1,4,9,122.3,0,0,0,1,1,0,19,0,0,5,6,5,11.5,0,0,5,5,5,11.6,0,9.4,-0.8,-3.12,Graduate,0,0.08279868338608629,Low
1,1,1,9147,1,1,130.0,1,19,19,9,7,119.5,1,0,0,1,1,1,18,0,0,5,7,4,11.25,0,0,5,6,4,12.25,0,12.4,0.5,1.79,Enrolled,0,0.0622199152427898,Low
1,44,1,9070,1,39,130.0,1,1,1,9,9,131.8,0,0,0,1,1,1,22,0,2,7,7,7,12.285714285714286,0,5,9,10,8,12.375,0,12.4,0.5,1.79,Graduate,0,0.07853928650783307,Low
1,17,6,9500,1,1,140.0,1,1,1,4,3,130.7,1,0,0,1,1,1,18,0,0,7,7,7,12.718571428571428,0,0,8,11,8,12.805555555555555,0,11.1,0.6,2.02,Dropout,1,0.11453537333130763,Low
1,44,1,9130,1,39,140.0,1,1,19,4,7,140.0,0,0,0,1,1,0,20,0,2,6,12,5,12.4,0,1,6,11,2,15.0,0,13.9,-0.3,0.79,Enrolled,0,0.26068902789952986,Low
1,1,1,171,1,1,140.0,1,19,19,1,1,129.5,1,0,0,1,1,0,20,0,0,0,0,0,0.0,0,0,0,0,0,0.0,0,10.8,1.4,1.74,Dropout,1,0.7905386635836719,High
4,39,1,9670,1,19,133.1,1,37,37,9,7,130.0,0,0,1,1,1,1,29,0,0,6,16,1,14.0,0,0,6,7,0,0.0,0,11.1,0.6,2.02,Dropout,1,0.9245528125272392,High
1,39,1,9670,1,1,120.0,1,11,11,90,4,114.0,1,0,0,1,1,0,29,0,0,5,10,3,11.666666666666666,0,0,5,8,4,11.25,0,7.6,2.6,0.32,Dropout,1,0.7171649290758577,High
1,43,1,9773,1,1,121.0,1,1,1,4,5,121.0,1,0,0,1,1,0,23,0,0,6,15,1,13.0,0,0,6,8,4,11.25,0,9.4,-0.8,-3.12,Enrolled,0,0.3140809402918804,Medium
1,17,1,171,1,1,123.0,1,3,12,2,9,116.4,1,0,1,1,1,0,19,0,0,0,0,0,0.0,0,0,0,0,0,0.0,0,10.8,1.4,1.74,Dropout,1,0.8709323838302745,High
1,1,1,9119,1,1,136.0,1,38,38,9,9,121.7,1,0,0,1,1,0,18,0,0,5,10,0,0.0,0,0,5,11,1,12.0,3,7.6,2.6,0.32,Dropout,1,0.831751489559867,High
2,42,1,9254,1,1,136.0,1,2,2,134,112,130.0,1,0,0,1,1,0,22,0,2,6,13,4,11.5,0,2,6,12,2,12.5,0,7.6,2.6,0.32,Dropout,1,0.4135170829856782,Medium
1,43,1,9991,0,1,120.0,1,37,37,9,9,120.0,1,0,1,1,1,0,34,0,6,10,10,7,11.714285714285714,0,4,10,10,6,11.5,0,10.8,1.4,1.74,Dropout,1,0.6966368964565286,High
1,43,1,9991,0,4,160.0,1,3,3,2,1,125.0,0,0,0,1,1,0,26,0,0,5,7,5,12.6,0,0,5,7,5,13.714285714285714,0,13.9,-0.3,0.79,Graduate,0,0.09684358478577092,Low
1,17,1,171,1,1,125.0,1,37,37,7,9,134.1,1,0,0,1,1,0,24,0,12,17,19,13,11.642857142857142,0,12,17,25,12,11.25,0,11.1,0.6,2.02,Dropout,1,0.7214994413265269,High
1,1,1,9670,1,1,146.0,1,1,1,9,8,149.5,1,0,0,1,1,1,17,0,0,6,8,6,14.875,0,0,6,8,6,13.428571428571429,0,11.1,0.6,2.02,Graduate,0,0.08185821233871757,Low
1,43,4,9670,1,1,117.0,1,3,3,4,4,113.2,0,0,0,1,1,0,21,0,0,5,11,2,10.0,0,0,5,10,3,10.333333333333334,0,9.4,-0.8,-3.12,Enrolled,0,0.4069759011136913,Medium
2,39,1,9991,0,1,150.0,1,1,4,4,2,146.0,0,0,0,1,1,0,34,0,0,5,5,5,14.2,0,0,5,5,5,14.6,0,12.7,3.7,-1.7,Enrolled,0,0.06777981336605941,Low
1,44,1,9003,1,39,140.0,1,19,38,6,7,140.0,1,0,0,1,1,0,19,0,0,6,8,6,12.714285714285714,0,0,6,9,6,13.5,0,12.4,0.5,1.79,Graduate,0,0.055201403020662135,Low
2,39,1,9003,1,1,111.0,1,1,3,4,2,162.4,0,0,1,0,1,0,49,0,4,12,16,5,11.6,0,2,7,7,5,11.2,0,8.9,1.4,3.51,Dropout,1,0.7620550531766952,High
1,43,1,9500,1,1,120.0,1,2,4,4,5,136.6,0,0,0,1,1,0,23,0,0,7,14,5,11.94,0,0,7,14,6,12.2,0,13.9,-0.3,0.79,Dropout,1,0.5343566369323799,Medium
1,18,3,9119,1,1,111.0,1,1,19,9,8,111.0,1,0,0,1,1,0,18,0,0,5,10,4,11.6,0,0,5,9,3,14.2,0,12.4,0.5,1.79,Dropout,1,0.7335833006974573,High
1,1,1,9500,1,1,118.0,1,12,1,4,10,115.7,0,0,0,1,1,0,20,0,0,7,9,5,12.7,0,0,8,9,7,13.475,0,13.9,-0.3,0.79,Enrolled,0,0.06352062329723324,Low
1,1,3,9670,1,1,106.0,1,3,1,2,3,105.7,1,0,0,1,1,0,19,0,0,6,6,6,13.333333333333334,0,0,6,9,5,13.8,0,8.9,1.4,3.51,Graduate,0,0.07226337358943513,Low
1,42,1,9003,1,39,120.0,1,3,1,2,6,128.2,1,0,0,1,1,0,24,0,4,9,13,8,13.333333333333334,0,5,10,12,9,13.11111111111111,0,16.2,0.3,-0.92,Enrolled,0,0.156493268644813,Low
1,1,1,9147,1,1,151.0,1,1,38,4,7,137.0,1,0,0,1,1,0,18,0,0,5,5,5,13.4,0,0,5,5,5,15.0,0,8.9,1.4,3.51,Graduate,0,0.06461010310680987,Low
2,39,1,9254,1,19,133.1,1,34,34,0,0,120.0,0,0,1,0,1,0,45,0,0,6,12,0,0.0,0,0,6,12,0,0.0,0,9.4,-0.8,-3.12,Dropout,1,0.9449865369196717,High
1,39,1,9991,0,1,120.0,1,34,34,0,0,120.5,1,0,0,1,1,0,30,0,0,5,5,2,11.0,0,0,5,5,0,0.0,0,7.6,2.6,0.32,Dropout,1,0.988946420732272,High
1,51,1,9991,0,39,120.0,1,1,4,4,10,118.1,0,0,0,1,1,0,28,0,13,15,17,13,12.0,0,9,13,13,9,11.333333333333334,0,8.9,1.4,3.51,Dropout,1,0.828082428403761,High
1,39,1,9991,0,1,110.0,1,37,37,9,9,139.0,0,0,0,1,1,0,40,0,0,5,0,0,0.0,0,0,5,0,0,0.0,0,12.7,3.7,-1.7,Dropout,1,0.9809777290429683,High
1,39,2,9147,1,19,133.1,1,38,19,4,10,116.3,0,0,0,0,1,0,32,0,0,5,5,0,0.0,0,0,5,9,0,0.0,0,10.8,1.4,1.74,Dropout,1,0.9813406183848842,High
1,17,5,9254,1,1,118.0,1,19,37,5,5,120.5,1,0,0,1,1,0,19,0,0,6,12,4,12.5,0,0,6,12,4,10.25,0,7.6,2.6,0.32,Dropout,1,0.7980031504439117,High
1,1,1,9070,1,1,139.0,1,1,19,3,9,134.9,1,0,0,1,1,0,20,0,0,6,7,6,13.666666666666666,0,0,6,7,6,12.166666666666666,1,16.2,0.3,-0.92,Graduate,0,0.05103229274388302,Low
1,17,1,9119,1,1,130.0,1,1,3,4,2,123.0,0,0,0,1,1,0,18,0,0,5,10,1,10.0,0,0,5,7,0,0.0,0,9.4,-0.8,-3.12,Dropout,1,0.9051878264482819,High
1,17,1,9670,1,1,132.0,1,38,37,9,9,122.9,0,0,0,0,1,0,20,0,0,6,6,6,11.5,0,0,6,9,2,13.0,0,10.8,1.4,1.74,Dropout,1,0.8104256987650462,High
1,39,1,9991,0,1,100.0,1,37,38,9,4,140.0,0,0,0,1,1,0,39,0,0,5,7,4,12.25,0,0,5,7,4,12.75,0,15.5,2.8,-4.06,Enrolled,0,0.25005286706185065,Low
1,17,1,9085,1,1,120.0,1,19,38,4,8,122.5,0,0,0,0,1,0,19,0,0,6,11,5,13.6,0,0,6,11,5,13.666666666666666,0,11.1,0.6,2.02,Enrolled,0,0.17443444232455513,Low
1,39,1,9991,0,12,133.1,1,37,37,9,9,121.5,0,0,0,1,1,0,38,0,0,5,11,2,10.5,0,0,5,9,3,11.333333333333334,1,7.6,2.6,0.32,Enrolled,0,0.5269431707432513,Medium
1,17,3,9500,1,1,156.0,1,19,37,4,9,132.3,1,0,0,1,1,1,18,0,0,7,7,6,13.266666666666666,0,0,7,7,6,13.266666666666666,0,7.6,2.6,0.32,Graduate,0,0.05425785892111603,Low
1,17,4,9500,1,1,143.0,1,19,38,9,6,131.5,1,0,0,1,1,1,18,0,0,7,8,7,12.5125,0,0,8,8,8,14.1875,0,13.9,-0.3,0.79,Graduate,0,0.054433779522145107,Low
2,43,1,9130,1,9,133.1,1,34,34,0,0,128.2,0,0,0,1,1,0,28,0,0,5,9,0,0.0,0,0,5,5,0,0.0,0,7.6,2.6,0.32,Dropout,1,0.9920606085668967,High
1,39,1,9670,1,1,140.0,1,37,37,9,9,148.0,1,0,0,0,1,0,31,0,0,6,14,0,0.0,0,0,6,6,0,0.0,0,12.7,3.7,-1.7,Dropout,1,0.9852412837984129,High
1,1,1,9500,1,1,127.0,1,2,19,3,9,121.5,0,0,0,1,1,0,23,0,0,7,7,6,13.483333333333334,0,0,7,7,6,13.483333333333334,0,7.6,2.6,0.32,Graduate,0,0.03318062506279755,Low
1,1,1,9500,1,1,135.0,1,38,19,194,193,135.4,1,0,0,1,1,0,21,0,0,7,9,6,12.565,0,0,8,12,5,12.16,0,11.1,0.6,2.02,Enrolled,0,0.13963192932258606,Low
1,39,1,9238,1,19,133.1,1,37,37,9,9,139.0,0,0,1,0,1,0,33,0,0,6,8,0,0.0,0,0,5,6,0,0.0,0,16.2,0.3,-0.92,Dropout,1,0.9962810039020376,High
1,43,1,9147,1,1,120.0,1,37,37,5,3,113.4,0,0,0,1,1,0,22,0,0,5,9,3,13.0,0,0,5,9,3,11.666666666666666,0,12.7,3.7,-1.7,Dropout,1,0.7168214253235412,High
1,44,1,9119,1,39,150.0,1,19,37,9,9,150.0,1,0,1,1,1,0,20,0,0,5,6,5,16.5,0,0,5,7,5,17.714285714285715,0,12.4,0.5,1.79,Dropout,1,0.6075673060426517,High
1,17,1,9670,1,1,123.0,1,37,38,3,3,122.0,0,0,1,1,1,0,19,0,0,6,7,6,13.166666666666666,0,0,6,9,5,13.2,0,8.9,1.4,3.51,Enrolled,0,0.1491515593450193,Low
1,44,1,9085,1,39,150.0,1,38,38,4,1,150.0,1,0,0,1,1,0,20,0,1,6,11,6,13.8,0,1,6,7,6,13.142857142857142,0,16.2,0.3,-0.92,Graduate,0,0.10314554988166554,Low
1,39,1,9254,1,12,133.1,1,37,37,5,7,119.3,1,0,0,1,1,0,25,0,0,6,7,6,11.166666666666666,0,0,6,11,4,11.8,0,9.4,-0.8,-3.12,Enrolled,0,0.36417505265827516,Medium
1,39,1,9003,1,1,130.0,1,1,1,9,4,140.0,0,0,0,0,1,0,25,0,0,6,0,0,0.0,0,0,6,0,0,0.0,0,13.9,-0.3,0.79,Dropout,1,0.9791825279344787,High
1,1,4,9070,1,1,140.0,1,4,19,2,10,125.0,1,0,0,1,1,0,19,0,0,6,7,6,12.666666666666666,0,0,6,8,6,12.142857142857142,0,9.4,-0.8,-3.12,Enrolled,0,0.057395526756165674,Low
1,1,1,9670,1,1,141.0,1,2,1,2,4,140.7,1,0,0,1,1,0,20,0,0,5,5,5,12.6,0,0,5,6,4,14.5,1,7.6,2.6,0.32,Graduate,0,0.2214642841188837,Low
2,39,1,9500,1,19,133.1,1,19,19,4,4,100.0,0,0,0,1,1,0,33,0,0,7,7,5,13.06,0,0,7,9,0,0.0,0,16.2,0.3,-0.92,Enrolled,0,0.39543420685457076,Medium
1,17,5,9773,1,1,146.0,1,1,37,5,5,146.7,1,0,0,1,1,0,19,0,0,6,7,6,13.833333333333334,0,0,6,8,6,13.625,0,7.6,2.6,0.32,Graduate,0,0.05987653047268439,Low
1,39,1,9130,1,19,133.1,1,34,34,99,99,96.0,0,0,0,1,1,0,31,0,0,5,5,0,0.0,0,0,5,5,0,0.0,0,7.6,2.6,0.32,Dropout,1,0.9693071339246656,High
1,44,1,9119,1,39,160.0,1,3,38,2,3,160.0,0,0,1,0,1,0,24,0,2,6,6,2,16.0,0,2,7,7,2,16.0,0,8.9,1.4,3.51,Dropout,1,0.8997097676745212,High
1,44,1,9119,1,39,130.0,1,19,3,3,4,130.0,0,0,1,0,1,0,23,0,0,5,5,0,0.0,0,0,5,5,0,0.0,0,15.5,2.8,-4.06,Dropout,1,0.9776973259488697,High
2,39,1,9991,0,1,160.0,1,1,3,1,2,130.0,0,0,0,0,1,1,26,0,0,5,12,3,10.666666666666666,0,0,5,11,3,10.666666666666666,0,9.4,-0.8,-3.12,Dropout,1,0.8789984290026965,High
2,43,1,9070,1,2,140.0,1,37,37,6,6,140.0,1,0,0,1,1,0,38,0,14,18,18,18,14.5,0,13,18,18,18,14.5,0,16.2,0.3,-0.92,Graduate,0,0.06816867331656411,Low
1,1,6,9119,1,1,126.0,1,19,19,7,3,116.6,1,0,0,1,1,1,20,0,0,5,6,5,14.0,0,0,5,7,5,13.8,0,8.9,1.4,3.51,Graduate,0,0.05397712784749761,Low
1,17,5,9119,1,1,118.0,1,1,19,9,9,120.5,1,0,0,1,1,0,20,0,0,5,10,3,13.333333333333334,0,0,5,11,5,13.571428571428571,0,12.4,0.5,1.79,Graduate,0,0.15775161640498822,Low
1,39,1,9085,1,19,133.1,1,3,1,2,5,103.0,0,0,0,1,1,0,25,0,0,6,0,0,0.0,0,0,6,0,0,0.0,0,10.8,1.4,1.74,Dropout,1,0.9936534822453562,High
1,17,2,9070,1,1,121.0,1,1,19,144,144,111.9,1,0,0,1,1,0,19,0,0,6,9,5,12.0,0,0,6,10,4,11.2,0,8.9,1.4,3.51,Graduate,0,0.15953064861982397,Low
1,17,1,9119,1,1,148.0,1,1,38,4,5,148.7,0,0,0,1,1,0,18,0,0,5,6,5,16.2,0,0,5,8,5,16.0,0,8.9,1.4,3.51,Graduate,0,0.13280901348228777,Low
1,43,1,9991,0,12,133.1,1,12,12,9,9,120.0,0,0,0,1,1,0,28,0,7,13,13,7,10.285714285714286,0,5,11,13,5,10.6,0,10.8,1.4,1.74,Dropout,1,0.8309064746934717,High
1,1,2,9119,1,1,140.0,1,19,19,9,9,125.7,1,0,0,1,1,0,18,0,0,5,5,0,0.0,0,0,5,5,0,0.0,0,9.4,-0.8,-3.12,Enrolled,0,0.45635197732647126,Medium
1,1,1,9254,1,1,132.0,1,1,38,9,9,120.1,1,0,0,1,1,1,20,0,0,6,7,6,13.571428571428571,0,0,6,8,6,13.166666666666666,0,8.9,1.4,3.51,Graduate,0,0.02381804255060791,Low
1,1,1,9130,1,1,140.0,1,4,3,3,3,127.8,0,0,0,1,1,0,18,0,0,6,7,6,14.285714285714286,0,0,6,9,6,14.857142857142858,0,11.1,0.6,2.02,Graduate,0,0.10336905507812247,Low
1,17,3,9147,1,1,112.0,1,1,1,3,3,106.4,1,0,0,1,1,0,19,0,0,5,7,5,10.2,0,0,5,6,4,10.5,0,12.4,0.5,1.79,Graduate,0,0.09787417002329303,Low
1,42,1,9500,1,1,100.0,1,19,19,9,9,100.0,0,0,1,1,1,0,24,0,0,8,16,2,10.25,1,0,8,16,2,10.25,1,12.7,3.7,-1.7,Dropout,1,0.7667722525972458,High
1,17,4,9085,1,1,126.0,1,1,3,5,5,123.9,1,0,0,1,1,0,21,0,0,6,0,0,0.0,0,0,6,0,0,0.0,0,10.8,1.4,1.74,Dropout,1,0.9822468066379688,High
1,1,1,9670,1,1,150.0,1,3,37,4,7,139.5,0,0,0,1,1,1,20,0,0,6,7,6,14.833333333333334,0,0,6,6,6,14.833333333333334,0,12.7,3.7,-1.7,Graduate,0,0.02597522268521119,Low
1,44,1,9003,1,39,150.0,1,19,1,9,8,150.0,1,0,0,1,1,0,21,0,0,6,12,5,13.625,0,0,6,6,5,12.6,0,13.9,-0.3,0.79,Graduate,0,0.0773228054925243,Low
2,1,1,9556,1,1,144.0,1,19,19,193,144,139.8,0,0,1,1,1,0,24,0,0,7,7,7,12.271428571428572,0,0,8,10,7,13.657142857142857,0,10.8,1.4,1.74,Graduate,0,0.15896630709624876,Low
1,39,1,9991,0,1,133.1,1,38,37,9,9,154.4,0,0,0,1,1,0,27,0,0,5,0,0,0.0,0,0,5,0,0,0.0,0,10.8,1.4,1.74,Dropout,1,0.9768748722385211,High
1,17,6,9147,1,1,120.0,1,37,38,9,9,115.5,1,0,1,0,1,0,19,0,0,5,8,4,12.5,0,0,5,9,5,10.5,0,8.9,1.4,3.51,Enrolled,0,0.6419939570087818,High
1,39,1,8014,0,1,133.1,1,3,19,4,7,119.0,0,0,0,1,1,0,39,0,3,9,10,9,13.22222222222222,0,2,7,8,7,13.142857142857142,0,8.9,1.4,3.51,Graduate,0,0.12023217102163906,Low
1,39,1,33,1,1,133.1,1,19,37,9,9,96.1,0,0,0,1,1,0,25,0,0,7,13,2,15.0,0,0,7,12,2,11.5,0,12.4,0.5,1.79,Dropout,1,0.8720814044379792,High
1,7,1,171,1,3,130.0,1,1,2,9,2,130.0,0,0,0,0,1,0,18,0,0,0,0,0,0.0,0,0,0,0,0,0.0,0,9.4,-0.8,-3.12,Dropout,1,0.8886482262762113,High
1,43,1,9070,1,1,133.0,1,1,2,9,2,128.8,0,0,0,1,1,0,19,0,6,12,12,12,13.166666666666666,0,6,12,12,12,13.0,0,10.8,1.4,1.74,Graduate,0,0.0616769337444936,Low
1,18,1,9773,1,1,124.0,1,38,37,9,8,126.8,0,0,0,1,1,1,21,0,0,6,8,5,13.833333333333334,0,0,6,6,4,14.0,0,13.9,-0.3,0.79,Graduate,0,0.134567177670769,Low
1,7,1,9991,0,40,130.0,1,1,3,4,2,130.0,0,0,0,1,1,0,27,0,0,5,0,0,0.0,0,0,5,0,0,0.0,0,8.9,1.4,3.51,Dropout,1,0.9825481050137821,High
1,1,3,9147,1,1,124.0,1,1,1,5,3,116.7,1,0,0,1,1,0,19,0,0,5,6,0,0.0,0,0,5,6,0,0.0,0,7.6,2.6,0.32,Enrolled,0,0.8971545087716593,High
1,17,3,9500,1,1,132.0,1,3,1,2,7,125.5,1,0,0,1,1,0,18,0,0,8,8,7,13.154285714285717,0,0,8,8,7,13.154285714285717,0,10.8,1.4,1.74,Enrolled,0,0.08742894499240608,Low
1,7,1,9670,1,3,110.0,1,27,37,3,3,110.0,1,0,0,1,1,0,27,0,7,12,12,9,12.333333333333334,0,6,11,11,6,13.166666666666666,0,9.4,-0.8,-3.12,Dropout,1,0.3386416109931924,Medium
1,1,3,9773,1,1,127.0,1,19,38,8,3,133.7,1,0,1,1,1,0,18,0,0,6,6,6,13.0,0,0,6,7,5,11.8,0,12.7,3.7,-1.7,Dropout,1,0.5973851929320503,Medium
1,1,1,9130,1,1,130.0,1,2,3,9,1,117.6,0,0,0,1,1,0,19,0,0,5,14,2,11.5,2,0,5,8,5,11.4,3,9.4,-0.8,-3.12,Enrolled,0,0.12537807552972255,Low
1,44,1,9003,1,39,140.0,1,19,38,9,10,140.0,0,0,0,1,1,0,19,0,0,6,15,3,13.25,0,0,6,9,1,12.0,0,13.9,-0.3,0.79,Dropout,1,0.8182254120233597,High
1,44,1,9003,1,39,150.0,1,19,1,1,1,150.0,0,0,0,1,1,0,22,0,0,6,12,3,13.333333333333334,0,0,6,12,3,12.75,0,15.5,2.8,-4.06,Enrolled,0,0.2958132797339502,Low
1,16,2,9238,1,1,133.0,1,19,38,4,5,133.7,1,0,0,1,0,0,18,0,0,6,6,6,13.5,0,0,6,6,6,12.166666666666666,0,10.8,1.4,1.74,Graduate,0,0.054020288474079525,Low
1,16,4,9773,1,1,109.0,1,37,37,9,3,137.0,1,0,0,1,0,1,18,0,0,6,7,6,12.666666666666666,0,0,6,8,5,12.8,0,10.8,1.4,1.74,Graduate,0,0.15505511134031574,Low
1,43,1,9147,1,1,133.1,1,4,19,2,1,128.2,0,0,0,1,0,0,23,0,7,11,18,11,15.090909090909092,1,2,6,7,6,14.5,0,9.4,-0.8,-3.12,Dropout,1,0.5970016913152779,Medium
1,18,4,171,1,1,133.0,1,1,4,9,5,129.2,1,0,1,0,1,0,20,0,0,0,0,0,0.0,0,0,0,0,0,0.0,0,9.4,-0.8,-3.12,Dropout,1,0.9433534949388439,High
1,17,3,9773,1,1,134.0,1,2,1,3,3,129.5,1,0,0,1,1,0,18,0,0,6,7,6,13.166666666666666,0,0,6,7,6,12.666666666666666,0,16.2,0.3,-0.92,Graduate,0,0.1479211040647553,Low
1,1,4,9773,1,1,125.0,1,19,19,9,7,129.6,1,0,0,1,1,0,18,0,0,6,6,6,12.833333333333334,0,0,6,8,6,12.833333333333334,0,12.4,0.5,1.79,Graduate,0,0.11231630463091678,Low
1,17,3,9119,1,1,135.0,1,1,19,141,193,121.7,1,0,0,1,1,0,18,0,0,5,7,5,11.8,0,0,5,9,3,12.0,0,8.9,1.4,3.51,Enrolled,0,0.17451725776030252,Low
1,17,2,9773,1,1,132.0,1,19,1,9,9,141.8,1,0,0,1,1,0,20,0,0,6,6,6,11.833333333333334,0,0,6,6,6,12.166666666666666,0,12.7,3.7,-1.7,Graduate,0,0.08320569160540145,Low
1,1,3,9773,1,1,135.0,1,3,1,2,4,129.8,1,0,0,1,1,0,20,0,0,6,6,5,12.8,0,0,6,11,3,12.75,0,15.5,2.8,-4.06,Graduate,0,0.14054218249423092,Low
1,44,1,9070,1,39,100.0,1,1,1,4,4,106.0,0,0,0,1,1,0,21,0,2,7,7,5,11.8,0,5,9,9,5,11.0,0,12.4,0.5,1.79,Dropout,1,0.5133376609351673,Medium
1,43,1,171,1,1,144.0,1,19,19,9,4,121.6,0,0,0,1,1,0,22,0,0,0,0,0,0.0,0,0,0,0,0,0.0,0,13.9,-0.3,0.79,Enrolled,0,0.3143297756500521,Medium
1,17,1,9119,1,1,125.0,1,19,1,5,4,121.5,1,0,0,1,1,0,20,0,0,5,7,5,15.8,0,0,5,7,5,14.571428571428571,0,11.1,0.6,2.02,Dropout,1,0.3447147931272379,Medium
1,1,1,171,1,1,133.1,1,1,37,9,9,117.0,0,0,1,1,1,0,19,0,0,0,0,0,0.0,0,0,0,0,0,0.0,0,15.5,2.8,-4.06,Enrolled,0,0.2933029727038614,Low
1,44,1,9119,1,39,130.0,1,38,19,9,5,130.0,1,0,0,1,1,0,19,0,0,5,9,2,12.5,0,0,5,10,3,11.6,0,12.4,0.5,1.79,Enrolled,0,0.35794228932867944,Medium
1,17,1,9670,1,1,117.0,1,1,1,4,4,117.7,1,0,0,1,1,0,20,0,0,6,9,6,14.666666666666666,0,0,6,7,6,13.857142857142858,0,8.9,1.4,3.51,Graduate,0,0.07001340131130668,Low
1,44,1,9085,1,39,140.0,1,19,37,5,7,140.0,1,0,0,1,1,0,19,0,2,6,10,4,12.5,0,1,6,16,2,12.0,0,12.4,0.5,1.79,Dropout,1,0.5667933872229702,Medium
1,1,1,9119,1,1,132.0,1,1,12,3,3,133.1,1,0,0,1,1,0,19,0,0,5,7,3,12.0,0,0,6,10,2,10.5,0,11.1,0.6,2.02,Dropout,1,0.8124105798065494,High
1,15,1,9119,1,1,133.1,41,2,2,2,2,100.0,0,0,1,1,1,0,24,1,2,8,8,7,13.142857142857142,0,1,6,8,6,11.833333333333334,0,8.9,1.4,3.51,Enrolled,0,0.16344010958620706,Low
1,17,1,9670,1,1,132.0,1,19,1,5,4,119.1,0,0,1,1,1,0,18,0,0,6,6,3,12.666666666666666,0,0,6,11,4,11.142857142857142,0,10.8,1.4,1.74,Dropout,1,0.8544054097249126,High
1,1,1,9119,1,1,148.0,1,19,19,9,8,129.8,0,0,0,0,1,1,18,0,0,5,6,5,15.0,0,0,5,6,5,14.2,0,8.9,1.4,3.51,Enrolled,0,0.08205816396967217,Low
1,1,1,9238,1,1,133.0,1,19,38,9,7,131.3,1,0,1,1,0,0,18,0,0,6,7,5,13.6,0,0,6,7,5,11.8,0,8.9,1.4,3.51,Dropout,1,0.4747830820180558,Medium
1,17,5,9773,1,1,143.0,1,1,1,7,7,136.7,1,0,0,1,0,0,18,0,0,6,6,6,12.5,0,0,6,6,6,13.833333333333334,0,8.9,1.4,3.51,Graduate,0,0.1293392182153539,Low
1,17,1,9238,1,1,143.0,1,19,37,9,9,126.2,1,0,0,1,0,1,21,0,0,6,7,6,13.333333333333334,0,0,6,7,6,13.5,0,12.4,0.5,1.79,Graduate,0,0.028838522473717893,Low
1,15,1,9085,1,1,133.1,41,37,37,9,9,109.6,0,0,0,1,0,0,18,1,0,6,13,4,12.25,0,0,6,15,5,11.0,0,11.1,0.6,2.02,Dropout,1,0.585755368143268,Medium
1,1,1,9500,1,1,141.0,1,1,19,3,3,131.9,1,0,0,1,0,1,18,0,0,7,7,7,15.101428571428572,0,0,8,8,8,16.09375,0,11.1,0.6,2.02,Graduate,0,0.05424879792231145,Low
1,1,2,9238,1,1,140.0,1,19,37,9,9,140.7,1,0,0,1,0,1,18,0,0,6,6,6,13.166666666666666,0,0,6,6,6,16.0,0,10.8,1.4,1.74,Graduate,0,0.05399625700051953,Low
1,18,6,8014,0,1,134.0,1,3,19,2,4,120.7,1,0,0,1,0,0,23,0,0,6,8,4,11.0,0,0,6,6,0,0.0,0,13.9,-0.3,0.79,Dropout,1,0.9464067463394137,High
1,1,2,9147,1,1,118.0,1,3,19,2,4,113.8,1,0,0,1,0,0,21,0,0,5,9,3,11.666666666666666,0,0,5,9,4,11.75,0,8.9,1.4,3.51,Graduate,0,0.1463089001314014,Low
1,1,1,9238,1,1,135.0,1,19,38,7,5,121.0,0,0,0,1,0,0,20,0,0,6,13,1,10.0,0,0,6,13,1,13.0,0,9.4,-0.8,-3.12,Enrolled,0,0.6834207547614434,High
1,17,1,8014,0,1,119.0,1,34,34,0,0,112.4,1,0,0,1,0,0,26,0,4,7,15,7,11.571428571428571,0,2,6,14,2,11.0,0,7.6,2.6,0.32,Dropout,1,0.8638089298674282,High
1,1,6,9773,1,1,145.0,1,1,19,4,4,131.0,1,0,0,1,0,1,18,0,0,6,6,6,12.166666666666666,0,0,6,10,5,11.2,0,7.6,2.6,0.32,Enrolled,0,0.1487073463491703,Low
1,1,1,171,1,1,143.0,1,3,37,9,9,142.7,1,0,0,1,0,0,18,0,0,0,0,0,0.0,0,0,0,0,0,0.0,0,16.2,0.3,-0.92,Dropout,1,0.19059923941168186,Low
1,1,1,9670,1,1,123.0,1,19,19,9,8,125.5,0,0,0,0,0,1,19,0,0,6,6,6,13.833333333333334,0,0,6,7,6,14.285714285714286,0,8.9,1.4,3.51,Graduate,0,0.06241089558954138,Low
1,1,3,9500,1,1,108.0,1,19,1,9,3,107.8,1,0,0,1,0,1,20,0,0,7,10,6,12.357142857142858,0,0,8,9,7,13.0,0,13.9,-0.3,0.79,Graduate,0,0.08007192183394332,Low
1,1,3,9773,1,1,117.0,1,38,19,7,7,110.4,1,0,1,0,0,0,19,0,0,6,7,6,12.166666666666666,0,0,6,10,2,10.333333333333334,0,16.2,0.3,-0.92,Dropout,1,0.9521948013502656,High
1,44,1,9238,1,39,140.0,1,37,19,191,102,136.1,1,0,1,1,0,0,21,0,3,6,8,3,12.0,0,2,6,6,2,12.5,0,12.4,0.5,1.79,Enrolled,0,0.21347769710320477,Low
1,39,1,9254,1,1,170.0,1,37,37,4,6,138.3,0,0,0,1,0,0,33,0,5,10,14,9,12.416666666666666,0,5,9,14,7,13.0,0,10.8,1.4,1.74,Graduate,0,0.14059604461574016,Low
1,1,2,9085,1,1,157.0,1,3,38,4,6,142.3,0,0,0,1,0,0,18,0,0,5,7,4,12.75,0,0,5,6,4,12.75,0,7.6,2.6,0.32,Graduate,0,0.03941773743778414,Low
1,42,1,9500,1,6,141.0,1,37,1,9,4,145.0,0,0,0,1,0,0,21,0,12,21,33,18,14.933333333333334,12,12,21,33,18,14.933333333333334,12,7.6,2.6,0.32,Graduate,0,0.06552111565090032,Low
1,1,1,9773,1,1,125.0,1,3,19,2,3,125.7,1,0,0,1,0,0,19,0,0,6,6,6,13.0,0,0,6,7,6,11.666666666666666,0,8.9,1.4,3.51,Graduate,0,0.07716470622758444,Low
4,39,1,9853,1,19,133.1,1,38,19,9,9,108.0,0,0,1,0,0,0,33,0,0,7,7,7,12.857142857142858,0,0,7,8,6,12.666666666666666,0,8.9,1.4,3.51,Enrolled,0,0.5021950928844383,Medium
2,1,4,9500,1,1,143.0,1,38,38,5,5,128.7,1,0,0,1,0,0,18,0,0,7,10,7,14.455000000000002,0,0,8,8,8,13.91,0,15.5,2.8,-4.06,Graduate,0,0.05034555133047613,Low
1,1,1,9670,1,1,142.0,1,1,19,4,4,128.0,0,0,0,1,0,1,18,0,0,6,8,6,14.0,0,0,6,7,6,13.285714285714286,0,11.1,0.6,2.02,Graduate,0,0.08180946752259301,Low
1,1,3,9773,1,1,150.0,1,19,38,4,4,146.5,1,0,0,1,0,1,20,0,0,6,6,6,13.5,0,0,6,7,6,12.666666666666666,0,11.1,0.6,2.02,Graduate,0,0.16518850052865497,Low
1,1,2,9254,1,1,112.0,1,37,37,6,6,106.1,1,0,0,0,0,0,20,0,0,6,0,0,0.0,0,0,6,0,0,0.0,0,11.1,0.6,2.02,Dropout,1,0.9991550594269626,High
1,17,2,8014,0,1,133.1,1,19,1,1,1,118.0,0,0,0,1,0,1,20,0,0,6,6,6,11.666666666666666,0,0,6,12,5,14.0,0,10.8,1.4,1.74,Graduate,0,0.18527226719573314,Low
1,17,1,9085,1,1,125.0,1,1,37,4,9,117.0,1,0,0,1,0,1,19,0,0,5,6,4,12.0,0,0,5,8,5,13.333333333333334,1,10.8,1.4,1.74,Graduate,0,0.024915434192253817,Low
1,1,3,9238,1,1,121.0,1,38,37,8,8,115.4,1,0,0,1,0,1,19,0,0,6,7,6,11.714285714285714,0,0,6,6,6,11.833333333333334,0,13.9,-0.3,0.79,Graduate,0,0.04776404628136918,Low
1,17,3,9238,1,1,133.1,1,41,1,2,3,117.0,1,0,0,1,0,0,21,0,0,6,8,6,12.666666666666666,0,0,6,7,6,12.428571428571429,0,11.1,0.6,2.02,Graduate,0,0.09603905541322036,Low
1,39,1,9085,1,1,133.1,1,3,3,4,2,144.9,1,0,0,1,0,0,26,0,0,6,11,3,11.75,0,0,6,19,4,12.8,0,12.4,0.5,1.79,Enrolled,0,0.33434042186217855,Medium
1,17,1,9238,1,1,135.0,1,37,37,8,6,127.0,0,0,0,1,0,0,21,0,0,6,0,0,0.0,0,0,6,0,0,0.0,0,16.2,0.3,-0.92,Dropout,1,0.9976150617666227,High
1,1,4,9500,1,1,132.0,1,19,38,5,5,118.0,1,0,0,1,0,0,18,0,0,8,8,7,12.328571428571427,0,0,8,8,7,12.328571428571427,0,12.7,3.7,-1.7,Graduate,0,0.04122153986408955,Low
5,39,1,9853,1,19,133.1,1,37,37,9,8,118.0,0,0,0,1,0,0,27,0,0,7,14,6,11.666666666666666,0,0,7,10,1,10.0,0,12.4,0.5,1.79,Dropout,1,0.8955121249913812,High
1,43,1,9070,1,1,135.0,1,1,38,3,9,126.4,1,0,0,1,0,1,20,0,5,12,12,12,13.25,0,5,12,12,11,12.727272727272728,0,15.5,2.8,-4.06,Graduate,0,0.03386431055027002,Low
1,43,1,9670,1,39,110.0,1,19,3,7,10,110.0,0,0,0,1,0,0,21,0,0,6,8,5,11.833333333333334,0,0,6,8,4,13.25,2,16.2,0.3,-0.92,Enrolled,0,0.17842430117734498,Low
1,17,1,9556,1,1,133.0,1,38,37,9,9,124.4,1,0,0,1,0,1,18,0,0,7,7,7,13.3,0,0,8,8,8,15.125,0,15.5,2.8,-4.06,Graduate,0,0.019727512576654897,Low
1,44,1,9085,1,39,140.0,1,1,19,9,9,140.0,1,0,0,1,0,0,20,0,1,6,13,6,12.555555555555555,0,1,6,11,5,11.8,0,16.2,0.3,-0.92,Enrolled,0,0.07059214105455333,Low
1,1,1,9773,1,1,135.0,1,1,19,4,10,129.4,1,0,0,1,0,0,18,0,0,6,6,6,12.833333333333334,0,0,6,7,6,12.166666666666666,0,11.1,0.6,2.02,Graduate,0,0.11623587245619964,Low
1,44,1,9238,1,39,140.0,1,1,1,3,5,141.7,0,0,0,1,0,1,20,0,3,6,6,6,12.833333333333334,0,2,6,6,6,12.833333333333334,0,13.9,-0.3,0.79,Graduate,0,0.05844782609956777,Low
1,1,2,9085,1,1,144.0,1,1,19,4,10,132.1,1,0,0,1,0,1,19,0,0,5,10,3,12.666666666666666,1,0,5,7,3,13.0,0,12.7,3.7,-1.7,Graduate,0,0.09924803528430375,Low
1,1,5,9500,1,1,122.0,1,37,3,9,2,116.8,1,0,0,1,0,0,20,0,0,7,8,6,13.271428571428572,0,0,8,8,7,14.471428571428572,0,13.9,-0.3,0.79,Graduate,0,0.04765689517394875,Low
1,1,1,9991,0,1,143.0,1,19,37,5,8,135.0,0,0,0,1,0,1,20,0,0,5,5,5,12.4,0,0,5,6,5,12.833333333333334,0,10.8,1.4,1.74,Graduate,0,0.11098234524228077,Low
1,44,1,9085,1,39,150.0,1,38,1,5,5,150.0,0,0,0,1,0,0,20,0,0,5,10,2,14.5,1,0,5,7,4,11.25,0,12.7,3.7,-1.7,Enrolled,0,0.13158105091509917,Low
1,1,3,9238,1,1,124.0,1,19,1,7,10,116.0,1,0,1,1,0,0,19,0,0,6,7,0,0.0,0,0,5,5,0,0.0,0,13.9,-0.3,0.79,Dropout,1,0.949964516100938,High
1,1,1,9773,1,1,156.0,1,3,3,123,122,155.0,0,0,0,1,0,0,18,0,0,6,7,6,14.285714285714286,0,0,6,8,6,13.25,0,8.9,1.4,3.51,Graduate,0,0.08657803930874233,Low
1,1,1,9085,1,1,142.0,1,38,38,9,10,127.0,1,0,0,1,0,0,18,0,0,5,7,3,12.333333333333334,0,0,5,9,5,12.6,0,10.8,1.4,1.74,Graduate,0,0.030559078462223485,Low
1,17,1,9500,1,1,142.0,1,38,37,9,8,130.8,1,0,0,1,0,1,19,0,0,7,10,6,12.583333333333334,0,0,8,8,7,12.671428571428573,0,13.9,-0.3,0.79,Graduate,0,0.02870063995913394,Low
1,1,6,9500,1,1,126.0,1,12,37,5,9,121.8,1,0,0,1,0,0,19,0,0,7,8,6,13.731666666666667,0,0,8,10,7,13.771428571428572,0,12.4,0.5,1.79,Dropout,1,0.24377057820654338,Low
1,39,1,9003,1,19,133.1,1,37,37,9,4,140.0,0,0,0,1,1,0,43,0,0,6,8,6,12.875,0,0,6,14,5,12.142857142857142,0,16.2,0.3,-0.92,Enrolled,0,0.11420124607106845,Low
2,42,1,9070,1,1,170.0,1,37,25,0,4,148.5,0,0,0,1,1,0,47,0,8,10,14,8,14.625,0,5,7,7,5,13.4,0,9.4,-0.8,-3.12,Dropout,1,0.8531979124586871,High
1,42,1,9147,1,1,130.0,1,34,34,99,99,109.8,1,0,0,0,1,0,23,0,0,3,3,0,0.0,0,0,2,2,0,0.0,0,7.6,2.6,0.32,Dropout,1,0.989441771865965,High
1,1,1,9238,1,1,133.0,41,19,19,9,9,119.7,1,0,1,1,0,1,19,1,0,6,8,6,12.666666666666666,0,0,6,7,6,12.666666666666666,0,8.9,1.4,3.51,Graduate,0,0.038073576462282,Low
1,42,1,9500,1,1,122.0,1,3,3,2,2,122.0,1,0,0,1,0,0,20,0,0,8,11,6,12.491666666666667,0,0,8,11,6,12.491666666666667,0,12.7,3.7,-1.7,Graduate,0,0.06863648007393242,Low
1,1,1,171,1,1,138.0,1,1,3,4,4,147.5,1,0,0,1,0,1,19,0,6,12,12,12,13.666666666666666,0,4,11,12,11,14.166666666666666,0,8.9,1.4,3.51,Graduate,0,0.043981166001306235,Low
1,17,1,9085,1,1,163.0,14,37,37,9,9,150.8,1,0,0,1,0,0,19,1,0,6,13,6,16.0,0,0,6,8,6,14.5,0,15.5,2.8,-4.06,Graduate,0,0.03772498235618025,Low
1,44,1,9085,1,39,150.0,1,19,37,4,7,150.0,1,0,0,1,0,0,19,0,2,6,8,6,14.142857142857142,0,1,6,7,6,13.0,0,13.9,-0.3,0.79,Graduate,0,0.042771005788425034,Low
1,39,1,8014,0,19,133.1,1,19,19,144,141,131.5,0,0,1,1,0,1,39,0,0,6,9,6,11.833333333333334,0,0,6,9,4,13.75,0,11.1,0.6,2.02,Graduate,0,0.22109239918974397,Low
1,1,1,9070,1,1,144.0,1,1,1,3,5,127.2,1,0,0,1,0,1,20,0,0,6,6,6,12.666666666666666,0,0,6,8,6,13.0,0,10.8,1.4,1.74,Graduate,0,0.048731258701798834,Low
1,17,1,9070,1,1,118.0,1,38,19,9,3,111.0,1,0,0,1,0,0,21,0,0,6,6,6,12.5,0,0,6,6,6,12.666666666666666,0,7.6,2.6,0.32,Graduate,0,0.028066309187551212,Low
1,43,5,9238,1,1,101.0,24,37,19,9,7,119.9,1,0,1,0,0,0,22,1,5,11,16,9,10.88888888888889,0,2,10,20,4,11.25,1,9.4,-0.8,-3.12,Graduate,0,0.21437629417986556,Low
1,1,2,9773,1,1,133.0,1,19,38,5,0,133.7,1,0,0,1,0,0,19,0,0,6,11,1,13.0,0,0,5,10,0,0.0,0,7.6,2.6,0.32,Dropout,1,0.805708888407839,High
1,17,1,9670,1,1,133.1,1,1,19,141,114,140.0,1,0,0,1,0,0,22,0,0,6,6,6,15.166666666666666,0,0,6,6,6,16.0,0,13.9,-0.3,0.79,Graduate,0,0.09571887363391345,Low
1,5,2,9853,1,1,124.0,1,19,19,3,3,113.9,1,0,0,1,0,1,19,0,0,6,8,6,12.666666666666666,0,0,6,7,6,12.0,0,12.7,3.7,-1.7,Graduate,0,0.10789409108919965,Low
1,1,1,171,1,1,127.0,1,37,38,9,9,120.7,1,0,1,1,1,0,18,0,0,0,0,0,0.0,0,0,0,0,0,0.0,0,7.6,2.6,0.32,Dropout,1,0.6620911044494451,High
5,39,1,9147,1,1,133.1,1,19,19,9,9,119.8,0,0,0,1,1,0,26,0,0,5,9,5,12.0,0,0,5,5,5,10.2,0,11.1,0.6,2.02,Enrolled,0,0.2819343832888194,Low
1,39,1,9991,0,1,110.0,1,37,37,9,9,121.8,0,0,0,0,1,0,36,0,0,5,5,0,0.0,0,0,5,5,0,0.0,0,12.7,3.7,-1.7,Dropout,1,0.9948563063291734,High
1,18,1,171,1,1,110.0,1,19,2,5,5,117.7,1,0,1,1,1,1,20,0,0,0,0,0,0.0,0,0,0,0,0,0.0,0,12.4,0.5,1.79,Graduate,0,0.4652231318347443,Medium
2,39,1,9147,1,1,160.0,1,37,37,9,7,110.0,0,0,0,1,1,0,30,0,0,5,8,2,11.0,0,0,5,6,4,11.5,0,15.5,2.8,-4.06,Dropout,1,0.7317668511712666,High
1,43,1,9003,1,1,120.0,1,1,1,4,10,134.4,0,0,0,1,1,0,24,0,0,6,7,6,15.714285714285714,0,0,6,10,6,15.9,0,15.5,2.8,-4.06,Dropout,1,0.48799273595224396,Medium
1,1,1,9147,1,1,133.1,1,34,34,0,0,125.3,0,0,0,1,1,0,26,0,11,15,15,11,10.818181818181818,0,12,14,15,11,11.636363636363637,1,7.6,2.6,0.32,Dropout,1,0.8892974582158075,High
1,1,1,9147,1,1,132.0,1,19,38,9,7,119.1,0,0,0,0,1,0,19,0,0,5,16,1,12.0,0,0,5,6,0,0.0,0,13.9,-0.3,0.79,Dropout,1,0.9553551948278717,High
5,39,1,9238,1,1,130.0,1,19,38,9,10,146.0,0,0,0,1,1,0,34,0,0,6,8,5,12.6,0,0,6,11,4,11.25,0,12.4,0.5,1.79,Graduate,0,0.2640838268822448,Low
1,43,1,9130,1,1,130.0,1,1,1,1,1,130.0,1,0,0,1,1,0,33,0,0,5,12,1,13.0,2,0,5,7,3,14.0,0,9.4,-0.8,-3.12,Enrolled,0,0.3305548487656872,Medium
1,17,6,9147,1,1,129.0,1,19,1,9,4,122.0,1,0,0,1,1,0,19,0,0,5,8,5,11.6,1,0,5,10,4,10.75,0,9.4,-0.8,-3.12,Graduate,0,0.25659447587213846,Low
1,17,5,9119,1,1,130.0,1,19,1,4,5,118.1,1,0,1,0,1,0,26,0,0,5,11,1,10.0,0,0,5,14,1,11.0,0,8.9,1.4,3.51,Dropout,1,0.8862152729932423,High
1,39,1,9670,1,1,140.0,1,38,37,7,7,105.2,0,0,0,1,1,0,29,0,0,6,7,1,14.0,0,0,6,6,0,0.0,0,16.2,0.3,-0.92,Dropout,1,0.9892805790576867,High
1,17,5,9119,1,1,131.0,1,19,37,9,7,123.3,1,0,0,1,1,1,19,0,0,5,9,5,12.6,0,0,5,8,2,12.5,0,8.9,1.4,3.51,Dropout,1,0.38231199304138724,Medium
1,17,1,171,1,1,129.0,1,1,1,9,9,124.8,1,0,0,1,1,0,18,0,0,0,0,0,0.0,0,0,0,0,0,0.0,0,12.7,3.7,-1.7,Dropout,1,0.8278161067081246,High
1,39,1,9991,0,19,133.1,1,19,37,9,9,149.4,0,0,0,0,1,0,29,0,0,5,11,2,11.333333333333334,0,0,5,9,1,12.0,0,11.1,0.6,2.02,Dropout,1,0.9807010038868414,High
1,43,1,9254,1,1,112.0,1,37,37,9,9,108.5,0,0,0,1,1,0,21,0,0,6,6,6,12.666666666666666,0,0,6,7,5,11.4,0,9.4,-0.8,-3.12,Graduate,0,0.06551093992326598,Low
1,17,1,9254,1,1,119.0,1,1,1,4,10,125.0,0,0,0,1,1,0,19,0,0,6,7,5,10.8,0,0,6,10,2,10.5,0,10.8,1.4,1.74,Enrolled,0,0.2655272659659984,Low
1,1,1,9500,1,1,133.1,1,38,38,5,10,101.0,0,0,0,1,1,0,20,0,0,7,14,5,12.87857142857143,0,0,8,15,7,11.85625,0,15.5,2.8,-4.06,Graduate,0,0.06543348566410655,Low
1,1,1,9085,1,1,123.0,1,3,1,2,5,112.9,0,0,0,1,1,0,18,0,0,5,5,0,0.0,0,0,5,5,0,0.0,0,7.6,2.6,0.32,Dropout,1,0.8104052999240132,High
1,17,3,9070,1,1,131.0,1,38,37,5,5,120.2,1,0,0,1,1,0,18,0,0,6,6,6,12.833333333333334,0,0,6,8,5,11.4,0,15.5,2.8,-4.06,Enrolled,0,0.14517331307651396,Low
1,1,1,9147,1,1,120.0,1,34,34,99,99,111.6,0,0,1,1,1,1,21,0,0,5,5,5,12.6,0,0,5,9,3,12.833333333333334,0,10.8,1.4,1.74,Enrolled,0,0.1473972257922539,Low
1,1,1,9147,1,1,125.0,1,1,1,4,2,134.1,1,0,0,1,1,0,20,0,0,5,0,0,0.0,0,0,5,0,0,0.0,0,8.9,1.4,3.51,Dropout,1,0.9502573663433732,High
1,39,1,9119,1,1,133.1,1,37,37,9,9,101.6,0,0,0,1,1,1,30,0,0,5,11,0,0.0,0,0,5,5,0,0.0,0,12.7,3.7,-1.7,Dropout,1,0.9763759700185227,High
1,18,2,9670,1,1,121.0,1,37,38,4,1,111.9,1,0,0,1,1,0,19,0,0,6,6,6,14.166666666666666,0,0,6,6,6,14.0,0,13.9,-0.3,0.79,Graduate,0,0.06283438128014379,Low
1,51,1,9147,1,1,148.0,1,1,19,9,6,118.4,1,0,0,1,1,0,30,0,0,5,7,5,13.4,0,0,5,7,4,13.25,0,8.9,1.4,3.51,Dropout,1,0.568083965735817,Medium
1,1,1,9147,1,1,139.0,1,38,1,5,5,127.1,1,0,0,1,1,1,22,0,0,5,8,5,11.2,0,0,5,13,4,11.25,0,12.7,3.7,-1.7,Graduate,0,0.11571773002577736,Low
1,17,3,171,1,1,125.0,1,37,37,5,10,120.5,1,0,0,1,1,0,22,0,0,0,0,0,0.0,0,0,0,0,0,0.0,0,12.4,0.5,1.79,Graduate,0,0.7799439487951854,High
1,17,4,9070,1,1,128.0,1,1,1,9,10,136.1,1,0,1,0,1,0,19,0,0,6,6,6,12.666666666666666,0,0,6,8,5,11.8,0,11.1,0.6,2.02,Dropout,1,0.8067968983381058,High
1,17,2,9670,1,1,132.0,1,1,19,5,3,124.0,1,0,0,1,1,0,21,0,0,5,7,3,12.333333333333334,0,0,5,5,4,11.25,0,7.6,2.6,0.32,Dropout,1,0.34678253773358025,Medium
1,17,4,9085,1,1,137.0,1,38,38,151,151,141.6,0,0,0,1,1,0,21,0,0,5,7,4,12.25,0,0,5,7,5,12.0,0,7.6,2.6,0.32,Graduate,0,0.05533375387968395,Low
1,44,1,171,1,39,160.0,1,19,38,9,9,160.0,1,0,1,1,1,1,21,0,0,0,0,0,0.0,0,0,0,0,0,0.0,0,15.5,2.8,-4.06,Dropout,1,0.7463959819479801,High
1,39,1,9147,1,1,120.0,1,1,19,4,7,110.0,0,0,0,1,1,0,27,0,0,5,13,3,10.75,0,0,5,9,3,10.333333333333334,0,15.5,2.8,-4.06,Dropout,1,0.8482158928946282,High
1,43,1,33,1,1,134.0,1,37,37,1,1,100.0,1,0,0,1,1,0,32,0,0,7,7,0,0.0,0,0,7,8,0,0.0,0,13.9,-0.3,0.79,Dropout,1,0.9154890035073041,High
1,39,1,9670,1,12,133.1,1,37,1,9,3,120.0,0,0,1,0,1,0,40,0,0,6,13,0,0.0,0,0,6,6,0,0.0,0,15.5,2.8,-4.06,Dropout,1,0.9914189826058598,High
1,1,2,9147,1,1,116.0,1,37,1,5,3,124.8,1,0,0,1,1,0,20,0,0,5,9,2,14.333333333333334,0,0,5,10,2,12.5,0,7.6,2.6,0.32,Enrolled,0,0.30407161061799637,Medium
1,44,1,9130,1,39,140.0,1,4,4,2,10,140.0,1,0,0,1,1,0,20,0,1,5,8,2,11.5,0,1,5,13,2,11.5,0,12.7,3.7,-1.7,Dropout,1,0.7764917917763778,High
1,1,3,171,1,1,140.0,1,37,37,9,9,124.3,1,0,0,1,1,0,18,0,0,0,0,0,0.0,0,0,0,0,0,0.0,0,7.6,2.6,0.32,Graduate,0,0.14919128431944428,Low
1,43,1,9147,1,1,122.0,1,1,38,1,7,118.9,0,0,0,1,1,0,21,0,0,5,11,2,10.5,0,0,5,13,0,0.0,0,12.7,3.7,-1.7,Dropout,1,0.8751849224482917,High
1,17,1,9670,1,1,141.0,1,19,37,5,8,130.2,0,0,0,1,1,0,18,0,0,6,6,6,13.5,0,0,6,0,0,0.0,0,12.7,3.7,-1.7,Dropout,1,0.9163671154031916,High
1,44,1,9003,1,1,120.0,1,1,3,144,123,120.0,0,0,0,1,1,0,19,0,0,6,17,1,11.0,0,0,6,19,0,0.0,0,16.2,0.3,-0.92,Enrolled,0,0.23957339047824902,Low
5,7,1,9070,1,3,140.0,1,37,37,7,7,140.0,0,0,0,0,1,0,30,0,0,6,6,1,10.0,0,0,6,6,0,0.0,0,15.5,2.8,-4.06,Dropout,1,0.9848204867545857,High
1,39,1,9003,1,12,133.1,1,19,1,9,1,130.0,0,0,0,1,1,0,29,0,0,6,17,0,0.0,2,0,6,8,0,0.0,0,15.5,2.8,-4.06,Dropout,1,0.9370607414216184,High
1,17,2,9119,1,1,137.0,1,1,1,4,4,130.4,1,0,1,1,1,0,18,0,0,5,10,1,12.0,0,0,5,7,3,10.666666666666666,2,7.6,2.6,0.32,Dropout,1,0.708207221579917,High
1,1,2,9670,1,1,122.0,1,1,1,9,9,116.1,1,0,0,1,1,1,18,0,0,5,6,4,12.25,0,0,5,5,5,12.2,0,9.4,-0.8,-3.12,Dropout,1,0.47337467224587954,Medium
1,44,1,9003,1,39,130.0,1,1,1,3,10,130.0,0,0,0,1,1,0,22,0,4,10,21,5,11.4,1,2,7,13,6,11.666666666666666,0,15.5,2.8,-4.06,Dropout,1,0.7539166522636179,High
1,43,2,9991,0,1,140.0,1,37,37,5,5,124.3,1,0,0,0,1,0,27,0,0,5,5,0,0.0,0,0,5,5,0,0.0,0,12.7,3.7,-1.7,Dropout,1,0.9911709757289534,High
1,17,6,9670,1,1,125.0,1,38,1,9,7,125.0,1,0,0,1,1,0,20,0,0,6,8,4,14.25,0,0,6,10,5,14.0,0,10.8,1.4,1.74,Graduate,0,0.3307659877006548,Medium
1,51,1,8014,0,2,110.0,1,19,38,9,10,110.0,0,0,0,1,1,0,42,0,8,12,12,11,14.454545454545457,0,7,11,11,10,14.2,0,11.1,0.6,2.02,Graduate,0,0.07238643404772754,Low
1,1,1,9003,1,1,133.1,1,38,38,4,8,115.0,0,0,1,1,1,0,21,0,8,12,13,12,14.538461538461538,0,4,12,14,12,14.461538461538462,0,15.5,2.8,-4.06,Graduate,0,0.0718996817602315,Low
1,43,1,9500,1,1,132.0,1,1,38,7,7,129.6,0,1,0,1,1,0,23,0,0,7,10,6,12.733333333333334,0,0,8,10,7,11.95,0,16.2,0.3,-0.92,Graduate,0,0.1393141110297696,Low
1,51,1,9070,1,1,122.0,1,38,38,9,9,128.8,1,0,0,1,1,0,21,0,4,12,13,5,13.2,0,4,12,12,4,13.5,0,8.9,1.4,3.51,Dropout,1,0.4728327416122901,Medium
1,1,3,171,1,1,155.0,1,4,3,1,1,144.2,1,0,0,1,1,0,19,0,0,0,0,0,0.0,0,0,0,0,0,0.0,0,12.7,3.7,-1.7,Graduate,0,0.16500963787738857,Low
2,39,1,9238,1,1,120.0,1,37,37,7,7,134.0,0,0,0,1,1,1,40,0,0,6,7,6,12.333333333333334,0,0,6,10,4,12.75,0,8.9,1.4,3.51,Dropout,1,0.301172819915415,Medium
1,43,1,9147,1,1,129.0,1,19,1,9,5,112.0,0,0,0,1,1,0,22,0,5,9,9,5,11.2,0,5,9,14,7,11.25,2,12.7,3.7,-1.7,Dropout,1,0.7668550344614448,High
1,1,2,9500,1,1,144.0,1,38,37,9,9,128.8,1,0,0,1,1,0,19,0,0,7,7,6,13.2,0,0,7,7,6,13.2,0,7.6,2.6,0.32,Graduate,0,0.024277936297595,Low
1,39,1,9119,1,1,130.0,1,19,37,9,9,134.0,0,0,0,1,1,1,24,0,0,5,8,5,11.833333333333334,0,0,5,8,4,14.0,0,12.7,3.7,-1.7,Enrolled,0,0.09654837788125858,Low
1,1,1,9254,1,1,133.1,1,3,1,2,4,125.0,0,0,0,1,1,0,21,0,0,6,10,5,11.333333333333334,0,0,6,14,2,11.5,0,12.7,3.7,-1.7,Enrolled,0,0.3941805053155104,Medium
1,17,4,9119,1,1,133.0,1,3,1,9,3,123.2,1,0,0,1,1,0,18,0,0,5,5,5,13.6,0,0,5,6,5,14.6,0,8.9,1.4,3.51,Graduate,0,0.12579010593821602,Low
1,17,3,9119,1,1,131.0,1,37,37,9,7,118.4,0,0,0,1,1,0,18,0,0,5,10,0,0.0,0,0,5,10,2,11.5,4,7.6,2.6,0.32,Dropout,1,0.8546809941642288,High
1,51,1,9670,1,1,133.1,1,3,1,3,10,116.2,0,0,0,1,1,0,24,0,0,6,11,5,12.857142857142858,0,0,6,12,5,13.666666666666666,0,11.1,0.6,2.02,Dropout,1,0.5857493364125214,Medium
1,39,1,9119,1,1,133.1,1,37,19,9,3,123.0,0,0,0,1,1,1,28,0,0,5,16,3,14.333333333333334,0,0,5,9,5,12.428571428571429,0,9.4,-0.8,-3.12,Enrolled,0,0.08914635755650659,Low
1,17,1,9670,1,1,118.0,1,19,38,7,9,113.5,1,0,0,1,0,1,19,0,0,6,9,5,13.5,0,0,6,6,6,14.0,0,12.4,0.5,1.79,Graduate,0,0.06563176269451253,Low
1,51,1,9085,1,40,120.0,1,3,3,4,2,125.0,0,0,0,1,0,0,28,0,0,6,8,6,14.428571428571429,0,0,6,12,4,15.6,0,11.1,0.6,2.02,Enrolled,0,0.1860775970589655,Low
1,17,3,9853,1,1,133.1,1,12,1,4,0,134.8,1,0,0,1,0,0,18,0,0,6,12,0,0.0,0,0,6,12,0,0.0,0,7.6,2.6,0.32,Dropout,1,0.8252292178658833,High
1,1,1,171,1,1,145.0,1,3,1,4,3,149.9,1,0,0,0,0,0,19,0,0,0,0,0,0.0,0,0,0,0,0,0.0,0,16.2,0.3,-0.92,Graduate,0,0.2705030002323862,Low
1,1,1,9500,1,1,125.0,1,1,1,4,4,119.8,1,0,0,1,0,1,19,0,0,8,8,8,12.82875,0,0,8,8,8,12.82875,0,9.4,-0.8,-3.12,Graduate,0,0.02138769201275624,Low
1,43,1,9130,1,1,125.0,1,39,3,3,2,125.0,1,0,0,1,0,0,21,0,0,5,6,0,0.0,5,0,5,6,4,13.75,1,10.8,1.4,1.74,Graduate,0,0.14557522076362456,Low
1,1,3,9500,1,1,148.0,1,1,19,4,5,135.1,1,0,1,1,0,0,18,0,0,7,0,0,0.0,0,0,8,0,0,0.0,0,13.9,-0.3,0.79,Dropout,1,0.9777700912387358,High
1,1,4,9070,1,1,139.0,1,3,19,1,5,138.3,1,0,0,1,0,0,19,0,0,6,6,6,14.666666666666666,0,0,6,6,6,13.166666666666666,0,9.4,-0.8,-3.12,Graduate,0,0.07833816240263446,Low
1,17,2,9500,1,1,130.0,1,38,38,7,7,122.5,1,0,0,1,0,0,19,0,0,8,8,7,13.937142857142858,0,0,8,8,7,13.937142857142858,0,10.8,1.4,1.74,Graduate,0,0.03253456774726718,Low
1,1,1,9070,1,1,148.0,1,3,1,2,10,148.0,1,0,0,1,0,0,20,0,7,12,12,10,14.7,0,8,12,12,12,14.583333333333334,0,15.5,2.8,-4.06,Graduate,0,0.05380072612947755,Low
1,1,2,9773,1,1,130.0,1,1,1,9,4,126.2,1,0,0,1,0,0,18,0,0,6,6,6,11.666666666666666,0,0,6,6,5,12.2,0,12.7,3.7,-1.7,Graduate,0,0.1023028195927997,Low
1,43,4,9500,1,6,134.0,1,37,37,9,9,129.8,1,0,0,1,0,0,20,0,0,7,7,6,14.85,0,0,7,7,6,14.85,0,7.6,2.6,0.32,Graduate,0,0.045152856237820116,Low
1,39,1,9085,1,19,133.1,1,19,37,7,90,104.0,0,0,0,1,0,0,26,0,0,5,11,1,12.0,1,0,5,12,0,0.0,4,10.8,1.4,1.74,Dropout,1,0.9696010621694254,High
1,18,4,9500,1,1,137.0,1,3,1,3,4,126.7,1,0,0,1,0,0,18,0,0,7,8,7,13.6875,0,0,8,9,8,15.622222222222222,0,13.9,-0.3,0.79,Dropout,1,0.3437036402033554,Medium
1,39,1,8014,0,1,130.0,1,37,37,9,9,120.0,0,0,0,1,0,0,58,0,0,6,14,5,12.4,0,0,6,10,5,11.6,0,9.4,-0.8,-3.12,Graduate,0,0.24418912572744597,Low
1,1,2,9500,1,1,137.0,1,1,3,4,3,124.6,0,0,0,1,0,0,18,0,0,7,10,7,13.398,0,0,8,8,8,13.5425,0,15.5,2.8,-4.06,Graduate,0,0.05993441255294111,Low
1,44,1,9085,1,1,130.0,1,1,1,4,3,130.0,1,0,0,1,0,0,20,0,0,6,13,5,11.8,0,0,6,19,4,12.0,0,12.4,0.5,1.79,Enrolled,0,0.22547817476829488,Low
1,17,1,9991,0,1,140.0,1,38,37,6,7,127.3,0,0,0,1,0,0,20,0,0,5,0,0,0.0,0,0,5,0,0,0.0,0,11.1,0.6,2.02,Dropout,1,0.9844125343190114,High
1,2,1,9147,1,1,150.0,1,37,37,9,9,122.0,1,0,0,1,0,0,29,0,13,15,19,13,11.76923076923077,0,12,14,17,14,11.928571428571429,0,9.4,-0.8,-3.12,Graduate,0,0.28083199036444184,Low
1,7,1,9238,1,3,130.0,1,1,1,4,10,125.1,0,0,1,0,0,0,27,0,0,6,8,0,0.0,0,0,5,6,0,0.0,0,16.2,0.3,-0.92,Dropout,1,0.9754272737242944,High
1,1,1,9085,1,1,133.1,1,19,38,5,7,110.0,1,0,0,1,0,1,21,0,0,6,8,6,13.285714285714286,0,0,6,11,6,13.0,0,11.1,0.6,2.02,Graduate,0,0.04276572944827922,Low
1,1,1,9238,1,1,134.0,1,1,19,4,9,129.8,0,0,0,1,0,1,20,0,0,6,6,6,11.666666666666666,0,0,6,8,6,11.166666666666666,0,15.5,2.8,-4.06,Graduate,0,0.039936694680502934,Low
1,17,1,9238,1,1,125.0,1,19,38,3,7,114.9,0,0,0,1,0,1,19,0,0,6,13,6,11.5,0,0,6,9,5,12.2,0,11.1,0.6,2.02,Graduate,0,0.09882411022864832,Low
1,1,1,9500,1,1,141.0,1,37,38,6,6,125.6,1,0,0,1,0,1,22,0,0,7,9,6,13.081666666666669,0,0,8,12,6,13.15,0,11.1,0.6,2.02,Graduate,0,0.04053812290787268,Low
1,18,3,9070,1,1,138.0,1,38,37,9,7,125.1,1,0,0,1,0,1,19,0,0,6,6,6,12.666666666666666,0,0,6,6,6,13.0,0,15.5,2.8,-4.06,Graduate,0,0.0471036072818833,Low
1,17,1,9773,1,1,116.0,1,37,1,9,8,115.7,1,0,1,0,0,0,19,0,0,6,6,3,11.333333333333334,0,0,6,6,0,0.0,0,12.4,0.5,1.79,Dropout,1,0.97596867231835,High
1,1,3,9853,1,1,122.0,1,3,3,2,2,112.6,1,0,0,1,0,0,23,0,0,6,8,5,13.6,0,0,6,8,5,11.6,0,7.6,2.6,0.32,Enrolled,0,0.10744593271736716,Low
1,1,3,9773,1,1,131.0,1,1,1,4,4,127.2,1,0,0,1,0,1,18,0,0,6,6,6,13.166666666666666,0,0,6,7,5,13.2,0,12.4,0.5,1.79,Dropout,1,0.3998063375640491,Medium
1,44,1,9130,1,39,140.0,1,1,19,4,8,140.0,0,0,0,1,0,0,19,0,0,6,0,0,0.0,0,0,6,0,0,0.0,0,12.7,3.7,-1.7,Dropout,1,0.9793570451589748,High
1,44,1,9003,1,39,140.0,1,1,1,4,3,140.0,1,0,0,1,0,0,20,0,0,6,10,5,11.666666666666666,0,0,6,7,5,12.6,0,12.4,0.5,1.79,Graduate,0,0.0831905187692219,Low
1,1,4,9238,1,1,127.0,1,1,38,9,7,120.4,1,0,0,1,0,1,19,0,0,6,6,6,13.5,0,0,6,7,6,13.428571428571429,0,11.1,0.6,2.02,Graduate,0,0.03487568667145609,Low
1,39,1,9085,1,19,133.1,1,37,37,9,9,100.0,1,0,1,0,0,1,26,0,0,6,7,0,0.0,0,0,6,6,0,0.0,0,13.9,-0.3,0.79,Dropout,1,0.9457413276903471,High
1,1,1,9238,1,1,117.0,1,1,19,4,7,113.5,1,0,0,1,0,1,18,0,0,6,6,6,13.166666666666666,0,0,6,7,6,14.142857142857142,0,11.1,0.6,2.02,Graduate,0,0.03386103853138933,Low
1,1,1,9085,1,1,150.0,1,37,37,4,9,132.1,1,0,1,1,0,0,29,0,4,5,11,4,12.5,2,1,5,11,2,12.5,0,12.7,3.7,-1.7,Dropout,1,0.8301718302546338,High
1,44,1,9003,1,39,160.0,1,3,1,2,6,160.0,1,0,0,0,0,0,20,0,0,6,10,6,13.375,0,0,6,10,6,13.0,0,16.2,0.3,-0.92,Graduate,0,0.13423052831017626,Low
1,1,1,9070,1,1,128.0,1,19,2,7,3,126.3,1,0,0,1,0,0,19,0,0,6,6,6,13.166666666666666,0,0,6,6,6,12.666666666666666,0,15.5,2.8,-4.06,Graduate,0,0.052849597162504106,Low
1,44,1,9085,1,39,160.0,1,1,1,4,4,160.0,1,0,0,1,0,0,23,0,1,6,12,4,13.4,0,1,6,17,2,13.5,0,12.4,0.5,1.79,Enrolled,0,0.4590063535783236,Medium
1,43,1,9556,1,1,126.0,1,2,3,3,2,100.0,0,0,0,1,0,0,25,0,2,7,10,3,13.0,0,1,8,10,3,11.666666666666666,4,10.8,1.4,1.74,Enrolled,0,0.36839126046974735,Medium
1,18,1,9500,1,1,135.0,1,3,3,1,1,125.8,1,0,0,1,0,0,18,0,0,8,8,7,13.154285714285717,0,0,8,8,7,13.154285714285717,0,10.8,1.4,1.74,Graduate,0,0.07200162283656485,Low
1,1,3,9070,1,1,139.0,1,1,38,4,7,142.2,1,0,0,1,0,1,19,0,0,6,6,6,12.833333333333334,0,0,6,6,6,12.833333333333334,0,9.4,-0.8,-3.12,Graduate,0,0.08107212806788876,Low
1,17,2,9853,1,1,125.0,1,1,19,5,5,119.4,1,0,0,1,0,0,18,0,0,7,10,7,12.142857142857142,0,0,7,7,7,13.142857142857142,0,12.4,0.5,1.79,Graduate,0,0.1529264690544226,Low
1,1,2,9500,1,1,106.0,1,1,19,4,4,106.4,1,0,0,1,0,1,19,0,0,7,9,5,13.34,0,0,7,9,6,12.385714285714286,0,12.4,0.5,1.79,Enrolled,0,0.05097482320024861,Low
1,7,1,8014,0,40,120.0,1,37,19,9,3,120.0,0,0,0,1,0,0,36,0,6,10,15,4,13.0,0,5,9,10,4,13.75,0,8.9,1.4,3.51,Dropout,1,0.8087155296262734,High
1,44,1,9003,1,39,150.0,1,1,38,4,9,150.0,0,0,0,1,1,1,20,0,0,6,18,3,12.0,0,0,6,17,3,11.666666666666666,0,15.5,2.8,-4.06,Enrolled,0,0.2014828179140817,Low
1,17,2,171,1,1,130.0,41,1,1,2,3,148.6,1,0,0,1,1,0,20,1,0,0,0,0,0.0,0,0,0,0,0,0.0,0,11.1,0.6,2.02,Dropout,1,0.7371912207936624,High
1,1,1,9238,1,1,116.0,1,38,38,9,8,108.7,1,0,0,1,1,0,18,0,0,6,9,5,11.0,0,0,6,12,0,0.0,0,11.1,0.6,2.02,Dropout,1,0.834208918759315,High
1,44,1,9003,1,39,130.0,1,3,1,4,6,130.0,0,0,0,1,1,0,19,0,0,6,8,5,11.5,0,0,6,11,6,11.333333333333334,0,12.4,0.5,1.79,Enrolled,0,0.19566289136381973,Low
1,17,1,9238,1,1,140.0,1,1,44,4,2,124.6,1,0,1,0,1,0,20,0,3,9,9,3,13.333333333333334,0,2,6,6,2,12.5,0,8.9,1.4,3.51,Dropout,1,0.9415374150205169,High
1,1,2,9500,1,1,134.0,1,19,19,4,7,131.0,1,0,0,1,1,0,18,0,0,7,9,7,14.594444444444443,0,0,8,10,8,13.472,0,15.5,2.8,-4.06,Graduate,0,0.05750903718597221,Low
1,44,1,9130,1,39,130.0,1,3,1,3,6,130.0,1,0,1,1,1,0,20,0,2,6,9,4,11.0,0,1,6,13,3,10.666666666666666,0,12.4,0.5,1.79,Dropout,1,0.838771353698561,High
1,18,1,9119,1,1,122.0,1,19,1,90,3,116.1,1,0,1,0,1,0,24,0,0,5,8,0,0.0,0,0,5,5,0,0.0,0,9.4,-0.8,-3.12,Dropout,1,0.9654632245072453,High
1,17,1,9773,1,1,128.0,1,19,38,5,7,125.6,1,0,0,1,1,0,19,0,0,6,6,0,0.0,0,0,6,0,0,0.0,0,8.9,1.4,3.51,Dropout,1,0.9875857671317235,High
1,17,1,9119,1,1,130.0,1,19,19,7,9,121.3,1,0,0,1,1,0,18,0,0,5,9,1,12.0,0,0,5,10,2,12.0,3,7.6,2.6,0.32,Dropout,1,0.6626085794061619,High
1,1,3,9119,1,1,113.0,1,4,38,2,7,107.4,1,0,0,1,1,0,18,0,0,5,8,5,14.0,0,0,5,6,5,13.2,0,8.9,1.4,3.51,Graduate,0,0.06883810556851792,Low
1,1,1,9254,1,1,126.0,1,1,19,4,4,116.9,0,0,0,1,1,0,18,0,0,6,8,6,13.571428571428571,0,0,6,7,5,11.8,0,8.9,1.4,3.51,Graduate,0,0.04240408894078432,Low
1,43,2,9670,1,1,135.0,1,3,19,1,7,123.5,1,0,0,1,1,0,22,0,0,6,12,0,0.0,0,0,6,6,0,0.0,0,16.2,0.3,-0.92,Dropout,1,0.9747614302769319,High
1,1,1,9670,1,1,141.0,1,19,38,9,9,130.5,0,0,0,1,1,0,19,0,0,6,8,6,14.25,0,0,6,7,6,13.857142857142858,0,11.1,0.6,2.02,Graduate,0,0.04527100511588608,Low
2,39,1,9085,1,12,133.1,1,1,39,5,3,140.0,1,0,1,0,0,0,32,0,0,6,7,0,0.0,0,0,6,6,0,0.0,0,13.9,-0.3,0.79,Dropout,1,0.9835061676061522,High
1,17,1,9853,1,1,133.1,1,34,19,0,3,117.1,1,0,0,1,0,1,21,0,0,6,12,0,0.0,0,0,6,12,0,0.0,0,7.6,2.6,0.32,Dropout,1,0.9747771006469458,High
1,18,1,9500,1,1,144.0,1,37,37,6,6,127.5,1,0,0,1,0,1,19,0,0,8,8,7,13.542857142857144,0,0,8,8,7,13.542857142857144,0,12.7,3.7,-1.7,Graduate,0,0.015347851284837101,Low
4,43,1,8014,0,1,140.0,1,38,37,9,9,126.0,0,0,0,1,0,1,39,0,3,9,9,9,13.11111111111111,0,2,7,10,7,11.714285714285714,0,12.7,3.7,-1.7,Graduate,0,0.033466199618927786,Low
1,43,1,8014,0,10,100.0,1,34,34,0,0,113.0,1,0,0,1,0,0,30,0,3,9,11,9,12.666666666666666,0,2,7,7,7,12.142857142857142,0,7.6,2.6,0.32,Graduate,0,0.1880877954335427,Low
1,1,1,9147,1,1,135.0,1,1,19,5,5,130.1,1,0,0,1,0,0,18,0,0,5,10,4,10.75,1,0,5,13,2,10.0,0,9.4,-0.8,-3.12,Dropout,1,0.7884908575869448,High
2,43,1,9991,0,1,130.0,1,37,37,9,9,110.0,1,0,0,1,0,0,38,0,4,10,14,4,10.75,0,2,10,10,2,10.0,0,7.6,2.6,0.32,Dropout,1,0.9288169827553822,High
1,1,3,9070,1,1,147.0,1,34,37,5,7,135.8,1,0,0,1,0,0,20,0,0,6,6,6,13.666666666666666,0,0,6,6,6,13.333333333333334,0,9.4,-0.8,-3.12,Graduate,0,0.0672650272926966,Low
1,39,1,8014,0,19,149.0,1,34,34,0,0,126.3,0,0,0,1,0,0,55,0,0,6,6,6,13.833333333333334,0,1,6,6,6,12.833333333333334,0,7.6,2.6,0.32,Graduate,0,0.09769975436395023,Low
4,27,1,9070,1,2,130.0,1,34,34,0,0,130.0,0,0,0,1,0,0,53,0,15,18,18,17,13.176470588235292,0,13,18,18,16,13.0,0,7.6,2.6,0.32,Dropout,1,0.7467062057327888,High
2,39,1,8014,0,1,120.0,1,34,34,0,0,104.0,0,0,0,1,0,0,54,0,0,6,8,4,12.75,0,0,6,12,5,12.6,0,7.6,2.6,0.32,Dropout,1,0.6663152889359778,High
1,43,1,9500,1,1,125.0,1,37,37,9,7,123.6,1,0,0,1,0,1,18,0,0,7,8,5,12.86,0,0,7,8,5,12.86,0,7.6,2.6,0.32,Enrolled,0,0.050520306031218425,Low
1,39,1,8014,0,1,133.1,1,37,37,9,8,121.0,0,0,1,0,0,0,44,0,2,8,12,4,12.0,2,2,7,9,4,12.0,2,8.9,1.4,3.51,Dropout,1,0.9365447882712232,High
1,43,1,9238,1,1,149.0,1,37,37,9,6,130.5,1,0,0,1,0,0,28,0,8,11,11,9,11.666666666666666,0,8,11,13,9,12.555555555555555,0,10.8,1.4,1.74,Graduate,0,0.08045706366012166,Low
1,7,1,8014,0,43,180.0,1,19,19,9,4,180.0,0,0,0,1,0,0,37,0,12,14,14,14,16.5,0,8,11,11,11,16.90909090909091,0,8.9,1.4,3.51,Graduate,0,0.10656961829423413,Low
1,43,1,9238,1,1,110.0,1,14,14,90,90,112.5,1,0,0,1,0,0,20,0,8,10,14,9,12.333333333333334,0,3,7,10,7,11.77777777777778,0,7.6,2.6,0.32,Graduate,0,0.07118744999493762,Low
1,1,3,9500,1,1,131.0,1,19,3,3,2,126.1,1,0,0,1,0,0,18,0,0,7,8,7,12.59125,0,0,8,11,7,12.820000000000002,0,15.5,2.8,-4.06,Enrolled,0,0.08455298690563727,Low
1,1,1,9238,1,1,117.0,1,19,19,9,9,111.8,1,0,0,1,1,0,19,0,0,6,9,4,11.5,0,0,6,12,3,11.0,0,8.9,1.4,3.51,Dropout,1,0.693889999273299,High
1,17,1,9003,1,1,120.0,1,38,37,5,9,131.4,1,0,0,1,1,1,23,0,17,18,19,18,11.894736842105264,0,12,13,13,13,12.923076923076923,0,15.5,2.8,-4.06,Graduate,0,0.06375961203448886,Low
1,17,1,9238,1,1,160.0,1,19,37,6,6,144.3,0,0,0,1,1,0,22,0,0,6,0,0,0.0,0,0,6,0,0,0.0,0,13.9,-0.3,0.79,Dropout,1,0.9900819262153209,High
1,39,1,9254,1,1,100.0,1,3,19,3,5,115.0,0,0,0,0,1,0,24,0,0,6,0,0,0.0,0,0,6,0,0,0.0,0,11.1,0.6,2.02,Dropout,1,0.974648857892358,High
1,44,1,9003,1,39,140.0,1,4,4,4,2,120.0,1,0,0,1,1,0,22,0,0,6,13,5,13.0,0,0,6,13,2,11.5,0,12.4,0.5,1.79,Enrolled,0,0.2575414414687605,Low
1,39,1,9003,1,1,160.0,1,1,38,5,6,168.6,0,0,0,1,1,0,26,0,0,6,9,0,0.0,0,0,6,6,0,0.0,0,13.9,-0.3,0.79,Dropout,1,0.9353545863925812,High
1,17,6,9773,1,1,141.0,1,37,37,5,5,127.7,1,0,0,1,1,0,18,0,0,6,6,6,15.166666666666666,0,0,6,6,6,14.833333333333334,0,9.4,-0.8,-3.12,Graduate,0,0.0753608672859152,Low
1,44,1,9130,1,39,130.0,1,38,19,9,9,150.0,0,0,0,1,1,0,24,0,2,6,8,4,11.75,0,1,6,8,2,13.5,0,11.1,0.6,2.02,Dropout,1,0.6970478033267976,High
1,1,1,9119,1,1,142.0,1,1,38,4,3,129.8,1,0,0,1,1,0,18,0,0,5,5,0,0.0,0,0,5,6,1,15.0,0,10.8,1.4,1.74,Enrolled,0,0.30564954972218683,Medium
1,1,1,171,1,1,130.0,1,1,38,7,8,135.6,1,0,0,1,1,0,26,0,0,0,0,0,0.0,0,0,0,0,0,0.0,0,11.1,0.6,2.02,Dropout,1,0.807804180387339,High
1,39,1,9254,1,19,133.1,1,37,37,9,4,100.0,0,0,0,1,1,0,27,0,0,6,11,3,11.333333333333334,0,0,6,10,3,14.75,0,16.2,0.3,-0.92,Dropout,1,0.8633078275466244,High
1,44,1,9003,1,39,140.0,1,37,37,9,6,140.0,1,0,0,1,1,1,20,0,0,6,10,5,12.6,0,0,6,6,5,13.2,0,12.4,0.5,1.79,Graduate,0,0.10635564088523579,Low
1,1,1,9119,1,1,129.0,1,12,1,4,10,124.1,1,0,0,1,1,0,19,0,0,5,10,0,0.0,0,0,5,10,1,14.0,3,7.6,2.6,0.32,Dropout,1,0.858923757652668,High
1,1,1,9085,1,1,148.0,1,38,38,4,9,131.6,0,0,0,1,1,1,18,0,0,6,8,6,15.5,0,0,6,9,4,15.5,0,11.1,0.6,2.02,Dropout,1,0.5307615536076543,Medium
1,1,3,9500,1,1,143.0,1,1,1,4,4,129.0,1,0,0,1,1,0,18,0,0,8,8,7,12.365714285714288,0,0,8,8,7,12.365714285714288,0,10.8,1.4,1.74,Graduate,0,0.060963076567663574,Low
1,17,1,9670,1,1,128.0,1,37,37,9,9,135.7,1,0,0,1,1,0,19,0,0,6,7,5,13.2,0,0,6,10,5,13.25,0,10.8,1.4,1.74,Enrolled,0,0.13637166009642526,Low
1,43,1,9070,1,1,100.0,1,37,37,9,9,108.0,1,0,0,1,1,0,34,0,7,12,12,7,11.428571428571429,0,4,12,12,7,11.857142857142858,0,7.6,2.6,0.32,Enrolled,0,0.16979200317353435,Low
1,1,1,9238,1,1,116.0,1,38,19,8,10,110.8,1,0,0,1,1,0,19,0,0,6,0,0,0.0,0,0,6,0,0,0.0,0,16.2,0.3,-0.92,Dropout,1,0.9848194951674062,High
1,1,1,9773,1,1,128.0,1,1,19,4,4,124.5,0,0,0,1,1,1,19,0,0,6,10,4,14.0,0,0,6,9,6,12.333333333333334,0,9.4,-0.8,-3.12,Graduate,0,0.04979401298770485,Low
2,39,1,9003,1,1,120.0,1,2,2,1,4,100.0,0,0,0,1,1,0,30,0,3,12,12,3,12.0,0,5,12,16,5,11.8,0,15.5,2.8,-4.06,Dropout,1,0.8939427163165166,High
1,43,1,9773,1,1,121.0,1,1,3,9,3,123.8,0,0,0,0,1,0,22,0,0,4,4,0,0.0,4,0,5,8,3,12.0,0,10.8,1.4,1.74,Dropout,1,0.9063716481559989,High
1,17,1,9147,1,1,137.0,1,3,38,1,9,131.4,0,0,0,0,1,0,19,0,0,5,13,4,10.0,0,0,5,7,3,11.333333333333334,0,15.5,2.8,-4.06,Dropout,1,0.7105690225041459,High
1,1,1,9147,1,1,115.0,1,38,1,9,8,118.5,0,0,0,1,1,0,21,0,0,5,9,1,10.0,0,0,5,10,1,10.0,0,7.6,2.6,0.32,Dropout,1,0.8370460417643582,High
1,1,2,171,1,1,129.0,1,37,37,9,9,122.0,1,0,0,0,1,0,22,0,0,0,0,0,0.0,0,0,0,0,0,0.0,0,7.6,2.6,0.32,Dropout,1,0.8468600645605023,High
1,1,1,9254,1,1,125.0,1,37,37,9,9,122.9,0,0,0,1,1,1,19,0,0,6,7,6,11.166666666666666,0,0,6,12,3,11.666666666666666,0,10.8,1.4,1.74,Enrolled,0,0.1638746874258173,Low
1,1,1,9238,1,1,125.0,1,19,38,7,7,118.7,0,0,0,1,1,0,20,0,0,6,12,4,11.75,0,0,6,13,3,11.333333333333334,0,15.5,2.8,-4.06,Enrolled,0,0.470956421231946,Medium
1,39,1,9003,1,19,133.1,1,3,1,2,8,100.0,1,0,0,1,1,0,35,0,0,6,13,3,11.75,0,0,6,10,0,0.0,0,13.9,-0.3,0.79,Dropout,1,0.9291071295306373,High
1,16,2,9147,1,1,131.0,1,37,37,9,9,135.9,1,0,0,1,1,0,20,0,0,5,8,1,10.0,0,0,5,7,1,11.0,0,7.6,2.6,0.32,Dropout,1,0.8985325430968549,High
1,1,1,9130,1,1,133.1,1,6,11,4,5,138.4,0,0,0,1,1,0,21,0,0,5,8,3,14.0,0,0,5,5,5,12.8,0,7.6,2.6,0.32,Graduate,0,0.077318402397186,Low
1,39,1,9085,1,12,133.1,1,34,34,99,99,128.2,0,0,1,0,1,0,27,0,0,5,5,0,0.0,0,0,5,5,0,0.0,0,7.6,2.6,0.32,Dropout,1,0.983284616130856,High
1,43,1,9773,1,1,114.0,1,37,38,9,5,107.4,1,0,0,0,1,0,26,0,0,6,12,3,12.0,0,0,6,15,0,0.0,0,9.4,-0.8,-3.12,Dropout,1,0.9680926368843643,High
1,17,1,9773,1,1,127.0,1,1,33,3,3,129.8,0,0,0,0,1,0,20,0,0,6,10,0,0.0,0,0,5,10,0,0.0,0,10.8,1.4,1.74,Dropout,1,0.9735283150653508,High
1,39,1,9003,1,1,130.0,1,37,37,6,6,100.0,0,0,1,0,1,0,28,0,4,10,19,8,11.88888888888889,0,2,8,17,5,11.6,1,15.5,2.8,-4.06,Dropout,1,0.9039112507778384,High
1,1,3,9773,1,1,121.0,1,19,38,9,7,113.0,1,0,0,1,1,0,19,0,0,6,6,6,13.833333333333334,0,0,6,6,6,13.666666666666666,0,11.1,0.6,2.02,Graduate,0,0.03750092520418428,Low
1,43,1,9991,0,1,120.0,1,37,19,9,9,107.0,0,0,0,0,1,0,47,0,0,5,5,0,0.0,0,0,5,5,0,0.0,0,12.7,3.7,-1.7,Dropout,1,0.9950234475290125,High
4,39,1,9773,1,12,120.0,1,37,37,4,9,130.0,0,0,0,0,1,0,55,0,0,6,8,5,11.4,0,0,6,9,5,12.4,0,10.8,1.4,1.74,Dropout,1,0.8701829134689247,High
1,43,1,9003,1,1,120.0,1,37,37,5,9,120.0,1,0,0,1,1,0,39,0,0,6,8,0,0.0,0,1,6,8,2,11.0,0,16.2,0.3,-0.92,Dropout,1,0.9208682850174866,High
2,1,1,9003,1,1,120.0,1,37,37,9,9,120.5,1,0,1,1,1,0,35,0,14,17,17,14,10.642857142857142,1,12,12,12,12,10.666666666666666,0,15.5,2.8,-4.06,Dropout,1,0.3680520290369426,Medium
1,39,1,9238,1,1,133.1,1,37,29,0,4,120.5,0,0,0,0,1,0,32,0,0,6,10,2,11.0,0,0,6,12,0,0.0,0,7.6,2.6,0.32,Dropout,1,0.9946089949590591,High
1,1,4,9773,1,1,124.0,1,3,12,2,9,137.0,1,0,0,1,1,0,20,0,0,6,6,6,16.833333333333332,0,0,6,6,6,16.666666666666668,0,8.9,1.4,3.51,Graduate,0,0.08844384482433376,Low
1,39,1,9254,1,1,150.0,1,37,37,9,9,115.0,0,0,0,1,1,0,36,0,0,6,8,6,13.571428571428571,0,0,6,9,5,13.2,0,12.7,3.7,-1.7,Graduate,0,0.11581674826235547,Low
1,39,1,9991,0,19,133.1,1,38,19,9,10,142.7,0,0,1,1,1,1,34,0,0,5,11,5,14.714285714285714,0,0,5,14,5,14.375,5,16.2,0.3,-0.92,Graduate,0,0.15336154859267023,Low
1,1,1,9670,1,1,116.0,1,38,19,0,2,116.7,1,0,0,1,1,0,21,0,0,5,8,0,0.0,0,0,5,5,0,0.0,0,9.4,-0.8,-3.12,Dropout,1,0.9676010324965951,High
1,43,1,9991,0,1,133.1,1,37,19,3,10,136.1,0,0,0,1,1,1,42,0,0,5,14,1,10.0,0,0,5,14,1,11.0,0,13.9,-0.3,0.79,Dropout,1,0.745630045255334,High
1,39,1,9003,1,19,133.1,1,37,19,9,7,134.3,0,0,0,1,1,0,25,0,0,6,15,1,11.0,0,0,6,13,4,11.75,0,12.4,0.5,1.79,Dropout,1,0.7668078344363987,High
1,18,1,9773,1,1,167.0,1,38,38,6,7,153.0,1,0,0,1,1,1,18,0,0,6,6,1,11.0,0,0,6,0,0,0.0,0,8.9,1.4,3.51,Dropout,1,0.7780887973886247,High
1,1,1,9773,1,1,140.0,1,19,38,9,9,132.0,0,0,0,1,1,1,18,0,0,6,6,5,12.0,0,0,6,6,6,12.833333333333334,0,12.7,3.7,-1.7,Graduate,0,0.06084431097488097,Low
1,1,2,9238,1,1,124.0,1,38,19,9,7,129.6,1,0,0,1,1,0,19,0,0,6,10,6,11.125,0,0,6,7,6,11.857142857142858,0,7.6,2.6,0.32,Graduate,0,0.050138533475513454,Low
1,43,1,9085,1,1,110.0,1,3,19,4,6,105.0,0,0,1,0,1,0,34,0,2,6,13,3,11.333333333333334,0,0,6,8,2,11.5,0,13.9,-0.3,0.79,Dropout,1,0.9614453370259397,High
1,17,2,9773,1,1,150.0,1,1,1,4,5,130.8,0,0,0,1,1,0,20,0,0,6,15,2,12.0,0,0,6,12,0,0.0,0,10.8,1.4,1.74,Dropout,1,0.9418436654399774,High
1,1,1,9500,1,1,123.0,1,37,37,7,7,119.7,0,0,0,1,1,0,20,0,0,7,8,0,0.0,1,0,7,7,0,0.0,0,13.9,-0.3,0.79,Dropout,1,0.9899442005946044,High
1,17,1,9500,1,1,152.0,1,19,19,4,9,132.5,0,0,0,1,1,0,21,0,0,8,8,7,14.54,0,0,8,8,7,14.54,0,10.8,1.4,1.74,Graduate,0,0.05306322475968663,Low
1,44,1,9003,1,39,130.0,1,1,19,3,10,130.0,1,0,0,1,1,0,19,0,0,6,9,6,12.166666666666666,0,0,6,14,4,13.0,0,12.4,0.5,1.79,Graduate,0,0.22577673763050532,Low
1,39,1,9085,1,1,133.1,1,1,1,4,4,120.0,0,0,1,0,1,0,31,0,0,5,13,4,13.5,1,0,5,12,3,11.666666666666666,1,9.4,-0.8,-3.12,Dropout,1,0.92904526009902,High
1,17,1,9670,1,1,133.1,1,1,37,4,5,150.0,0,0,0,1,1,0,21,0,0,6,8,6,14.75,0,0,6,9,5,14.333333333333334,0,11.1,0.6,2.02,Graduate,0,0.10203998590467152,Low
1,1,1,9147,1,1,124.0,1,38,38,9,9,115.6,0,0,0,1,1,1,20,0,0,5,8,5,12.375,0,0,5,7,5,11.666666666666666,0,13.9,-0.3,0.79,Graduate,0,0.04931138198548973,Low
1,43,2,9500,1,6,119.1,1,1,19,4,10,119.1,0,0,0,1,1,0,22,0,0,7,7,6,12.733333333333334,0,0,7,7,6,12.733333333333334,0,7.6,2.6,0.32,Graduate,0,0.05250880804935114,Low
1,1,2,9070,1,1,128.0,1,19,19,3,3,123.5,1,1,0,0,1,0,19,0,0,6,9,4,12.5,0,0,6,6,0,0.0,0,9.4,-0.8,-3.12,Dropout,1,0.852464909674858,High
1,39,1,9130,1,1,133.1,1,1,1,90,1,120.0,1,0,1,0,1,0,41,0,0,5,5,0,0.0,1,0,5,5,0,0.0,5,12.7,3.7,-1.7,Dropout,1,0.9606208397614129,High
1,43,1,9500,1,19,133.1,1,34,34,0,0,110.0,1,0,0,1,1,0,27,0,0,7,7,0,0.0,6,0,7,7,0,0.0,6,7.6,2.6,0.32,Dropout,1,0.9421281263370335,High
1,17,1,9500,1,1,145.0,1,1,1,4,10,131.4,0,0,0,1,0,0,19,0,0,7,7,7,13.44285714285714,0,0,8,8,7,13.771428571428572,0,13.9,-0.3,0.79,Dropout,1,0.15795626187572004,Low
1,18,2,9500,1,1,141.0,24,1,1,4,3,126.8,1,0,0,1,0,1,20,1,0,8,8,8,14.2,0,0,8,8,8,14.2,0,9.4,-0.8,-3.12,Graduate,0,0.0354408650735467,Low
1,43,4,9500,1,6,118.9,1,38,37,5,9,118.9,1,0,0,1,0,1,19,0,0,7,7,6,13.55,0,0,7,7,6,13.55,0,7.6,2.6,0.32,Graduate,0,0.02395591538556467,Low
2,39,1,9991,0,1,160.0,1,37,37,9,9,160.0,0,0,0,1,0,0,35,0,0,5,5,5,11.6,0,0,5,6,5,11.166666666666666,0,15.5,2.8,-4.06,Graduate,0,0.08142383353768315,Low
1,17,5,9773,1,1,111.0,1,19,12,7,3,115.9,1,0,0,1,0,0,22,0,0,6,7,6,13.571428571428571,0,0,6,7,6,15.285714285714286,0,13.9,-0.3,0.79,Graduate,0,0.07567666937302822,Low
1,1,2,9254,1,1,111.0,1,1,19,5,7,109.3,1,0,0,1,0,1,20,0,0,6,6,6,13.833333333333334,0,0,6,6,6,15.0,0,11.1,0.6,2.02,Graduate,0,0.03727845474330556,Low
1,1,1,9670,1,1,123.0,1,37,38,9,9,113.9,1,0,1,0,0,0,18,0,0,6,7,4,11.25,0,0,6,9,4,10.857142857142858,0,10.8,1.4,1.74,Dropout,1,0.9378567650842795,High
1,1,1,9238,1,1,133.0,1,37,37,9,9,121.8,1,0,0,1,0,1,18,0,0,6,7,5,10.2,0,0,6,9,4,11.25,0,12.4,0.5,1.79,Graduate,0,0.1216451163103651,Low
1,7,1,9500,1,3,140.0,1,1,37,9,5,140.0,0,0,0,1,0,0,30,0,0,8,8,7,15.675714285714283,0,0,8,8,7,15.675714285714283,0,10.8,1.4,1.74,Graduate,0,0.08490318435478322,Low
1,18,1,9238,1,1,122.0,1,38,38,9,7,114.7,0,0,1,1,0,1,18,0,0,6,9,6,10.833333333333334,0,0,6,8,6,12.0,0,11.1,0.6,2.02,Graduate,0,0.04144550042563684,Low
1,1,1,9254,1,1,128.0,1,19,19,7,8,120.0,1,0,0,1,0,1,20,0,0,6,6,6,14.5,0,0,6,7,5,15.0,0,12.4,0.5,1.79,Enrolled,0,0.06371056372777448,Low
1,1,1,9238,1,1,108.0,1,19,38,9,9,107.3,0,1,0,1,0,1,19,0,0,6,12,4,10.4,0,0,6,11,4,10.75,0,12.4,0.5,1.79,Enrolled,0,0.13746850291994714,Low
1,17,1,9085,1,1,139.0,1,38,38,5,3,136.2,0,0,0,1,0,0,19,0,0,5,7,5,13.0,1,0,5,7,5,13.333333333333334,0,7.6,2.6,0.32,Graduate,0,0.04768205921596752,Low
1,1,2,9556,1,1,130.0,1,1,38,3,8,119.5,1,0,0,1,0,1,21,0,0,7,7,7,12.242857142857144,0,0,8,8,8,14.125,0,15.5,2.8,-4.06,Graduate,0,0.028731946980554892,Low
1,18,1,9853,1,1,133.1,1,1,19,141,182,106.0,1,0,1,1,0,0,21,0,0,7,7,7,13.0,0,0,7,8,6,12.5,0,8.9,1.4,3.51,Enrolled,0,0.0697721026357017,Low
1,1,4,9670,1,1,130.0,1,1,1,9,9,124.1,1,0,0,1,0,0,18,0,0,6,6,6,14.166666666666666,0,0,6,7,6,13.428571428571429,0,8.9,1.4,3.51,Enrolled,0,0.06384465475090981,Low
1,1,3,9147,1,1,143.0,1,1,1,5,7,133.2,1,0,0,1,0,1,18,0,0,5,11,4,14.25,0,0,5,7,4,12.5,0,12.7,3.7,-1.7,Graduate,0,0.08874877449325863,Low
4,39,1,9085,1,1,110.0,1,37,37,90,90,110.0,0,0,0,0,0,0,35,0,0,5,14,1,12.0,2,0,5,11,2,10.5,1,9.4,-0.8,-3.12,Dropout,1,0.9225484630321646,High
1,1,6,9500,1,1,120.0,41,1,1,9,6,114.8,1,0,0,1,0,0,21,1,0,7,11,4,13.25,0,0,7,9,5,13.82,0,11.1,0.6,2.02,Enrolled,0,0.11185655349908798,Low
1,1,1,9500,1,1,140.0,1,38,37,9,7,130.0,1,0,0,1,1,1,18,0,0,7,7,6,13.183333333333332,0,0,7,7,6,13.183333333333332,0,7.6,2.6,0.32,Graduate,0,0.01953840689995171,Low
1,17,5,9070,1,1,125.0,1,19,1,5,5,122.6,1,0,0,1,1,0,22,0,0,6,6,1,11.0,0,0,6,6,0,0.0,0,9.4,-0.8,-3.12,Enrolled,0,0.5564749243061521,Medium
1,17,1,9500,1,1,134.0,1,38,1,9,6,133.5,1,0,0,1,1,1,20,0,0,7,8,7,11.9725,0,0,8,8,8,12.65125,0,15.5,2.8,-4.06,Graduate,0,0.02875985585404674,Low
2,39,1,9254,1,1,130.0,1,37,37,4,7,120.0,1,0,0,1,0,0,34,0,0,6,7,5,12.4,0,0,6,8,5,12.8,0,9.4,-0.8,-3.12,Graduate,0,0.09342818786135386,Low
2,7,1,9147,1,3,120.0,1,37,37,9,9,120.0,0,0,0,1,0,0,33,0,3,8,9,5,12.6,2,2,7,13,5,11.25,0,10.8,1.4,1.74,Enrolled,0,0.19076215824557222,Low
1,1,3,9500,1,1,142.0,1,37,38,9,9,137.3,1,0,0,1,0,1,22,0,0,7,7,6,13.9,0,0,7,7,6,13.9,0,7.6,2.6,0.32,Graduate,0,0.017582276087992735,Low
1,17,3,9254,1,1,127.0,1,37,37,9,6,123.5,1,0,0,1,0,1,20,0,0,6,11,4,11.5,0,0,6,12,3,11.0,0,7.6,2.6,0.32,Enrolled,0,0.3906358336266086,Medium
2,39,1,9147,1,1,140.0,1,37,37,6,10,131.8,0,0,0,1,0,0,35,0,0,5,6,4,14.2,0,0,5,10,4,11.857142857142858,0,10.8,1.4,1.74,Enrolled,0,0.37324648207876654,Medium
2,39,1,9147,1,1,140.0,1,38,37,4,7,130.0,1,0,0,0,0,0,39,0,0,5,12,3,10.666666666666666,2,0,5,15,3,10.666666666666666,0,9.4,-0.8,-3.12,Dropout,1,0.9130343418960405,High
1,18,6,9500,1,1,142.0,1,38,37,9,5,128.0,1,0,0,0,0,0,19,0,0,7,14,0,0.0,0,0,8,0,0,0.0,0,11.1,0.6,2.02,Dropout,1,0.9609729109427563,High
4,39,1,9254,1,1,120.0,1,37,37,9,8,95.0,0,0,0,1,0,1,36,0,0,6,10,6,11.0,0,0,6,14,3,11.333333333333334,0,10.8,1.4,1.74,Graduate,0,0.18665878929462026,Low
1,1,2,9500,1,1,124.0,1,37,37,9,9,116.0,1,0,0,1,0,1,21,0,0,8,8,7,13.957142857142856,0,0,8,8,7,13.957142857142856,0,12.7,3.7,-1.7,Graduate,0,0.010360401639855082,Low
1,1,1,9238,1,1,157.0,1,3,38,1,5,136.7,1,0,0,1,0,0,22,0,0,6,11,4,12.5,1,0,6,13,3,13.666666666666666,0,9.4,-0.8,-3.12,Enrolled,0,0.2518707386876324,Low
2,39,1,9238,1,1,126.6,1,38,38,9,7,107.5,0,0,1,1,0,1,42,0,0,6,8,6,13.333333333333334,0,0,6,7,6,15.285714285714286,0,11.1,0.6,2.02,Graduate,0,0.03404111753733436,Low
1,39,1,9119,1,1,110.0,1,37,37,90,90,108.4,1,0,0,1,0,0,34,0,0,5,5,0,0.0,0,0,5,6,0,0.0,0,10.8,1.4,1.74,Dropout,1,0.9753600023882277,High
1,17,1,9773,1,1,144.0,1,19,19,4,4,130.7,1,0,0,1,0,0,20,0,0,6,9,6,11.666666666666666,0,0,6,8,5,11.6,0,7.6,2.6,0.32,Enrolled,0,0.12940665624641665,Low
2,44,1,8014,0,39,160.0,1,37,19,9,10,155.9,0,0,0,1,0,0,33,0,3,6,7,6,15.714285714285714,0,2,6,7,6,15.5,0,13.9,-0.3,0.79,Graduate,0,0.03901998163999351,Low
1,1,4,9254,1,1,105.0,1,1,19,9,6,106.1,1,0,0,1,0,0,20,0,0,6,8,5,11.0,0,0,6,9,5,11.4,0,13.9,-0.3,0.79,Graduate,0,0.05234128563400387,Low
1,1,2,9670,1,1,130.0,1,26,30,0,5,128.6,1,0,1,1,0,0,19,0,0,5,8,4,12.25,0,0,5,7,4,12.75,2,7.6,2.6,0.32,Graduate,0,0.17678027863334445,Low
2,43,1,9991,0,3,140.0,1,37,19,9,4,140.0,0,0,1,1,0,0,34,0,4,10,25,5,12.2,0,3,9,18,8,12.22222222222222,0,16.2,0.3,-0.92,Dropout,1,0.6326715783352254,High
1,1,1,9147,1,1,138.0,1,37,37,9,6,145.0,1,0,0,1,0,0,18,0,0,5,6,5,13.0,0,0,5,5,5,14.0,0,7.6,2.6,0.32,Graduate,0,0.03915996376837766,Low
1,17,1,8014,0,1,120.0,1,38,37,6,6,113.0,0,0,0,1,0,1,24,0,0,6,11,4,12.0,0,0,6,7,6,13.0,0,10.8,1.4,1.74,Graduate,0,0.06636119825872817,Low
1,1,1,9853,1,1,135.0,1,19,12,9,7,137.1,1,0,0,1,0,0,18,0,0,6,6,6,13.333333333333334,0,0,6,7,6,12.333333333333334,0,7.6,2.6,0.32,Graduate,0,0.05784799572889366,Low
1,1,1,9670,1,1,119.0,1,37,37,10,6,119.7,1,0,0,1,0,0,20,0,0,5,6,3,13.0,0,0,5,7,3,13.0,1,7.6,2.6,0.32,Enrolled,0,0.14342484896716592,Low
1,17,1,9500,1,1,121.0,1,1,1,4,3,120.5,1,0,0,1,0,0,21,0,0,8,8,7,12.91,0,0,8,8,7,12.91,0,10.8,1.4,1.74,Graduate,0,0.04141694221255965,Low
1,1,5,9238,1,1,126.0,1,38,1,9,5,125.7,1,0,0,1,0,1,19,0,0,6,8,6,11.0,0,0,6,13,3,11.0,0,9.4,-0.8,-3.12,Graduate,0,0.10765136983865219,Low
1,17,4,9500,1,1,132.0,1,38,19,5,7,125.5,0,0,0,1,0,1,19,0,0,7,8,6,13.579999999999998,0,0,8,8,8,12.93625,0,15.5,2.8,-4.06,Graduate,0,0.029179601328443917,Low
1,1,1,9238,1,1,128.0,1,19,19,5,5,124.5,1,0,0,1,0,1,18,0,0,6,10,4,12.4,0,0,6,8,6,12.5,0,12.4,0.5,1.79,Graduate,0,0.04081146293468098,Low
4,39,1,8014,0,1,160.0,1,37,37,5,5,126.0,0,0,0,1,0,1,38,0,4,9,13,8,12.88888888888889,0,2,7,9,7,13.0,0,13.9,-0.3,0.79,Graduate,0,0.051950842042114115,Low
1,1,1,171,1,1,125.0,1,19,19,5,4,136.2,1,0,1,1,1,0,21,0,6,12,12,11,11.545454545454543,0,4,11,18,9,11.7,1,8.9,1.4,3.51,Enrolled,0,0.10253092197174989,Low
1,43,1,9147,1,1,127.0,25,1,5,9,10,124.2,1,0,0,1,1,0,23,1,0,5,6,1,10.0,0,0,5,5,0,0.0,0,15.5,2.8,-4.06,Enrolled,0,0.5044342351083093,Medium
1,17,5,9500,1,1,147.0,1,19,1,4,3,138.5,1,0,0,1,0,0,19,0,0,8,8,8,14.34125,0,0,8,8,8,14.34125,0,9.4,-0.8,-3.12,Graduate,0,0.08103968453921499,Low
1,1,2,9773,1,1,130.0,1,38,37,5,3,122.3,1,0,1,0,0,0,18,0,0,6,8,6,14.142857142857142,0,0,6,6,5,12.0,0,13.9,-0.3,0.79,Dropout,1,0.8236392139314975,High
1,1,6,171,1,1,134.0,1,19,37,5,5,126.0,1,0,0,1,0,1,18,0,0,0,0,0,0.0,0,0,0,0,0,0.0,0,9.4,-0.8,-3.12,Graduate,0,0.1912607273263026,Low
1,39,1,9003,1,1,140.0,1,19,19,9,6,135.4,1,0,0,1,0,0,24,0,0,6,10,5,11.8,0,0,6,13,4,11.25,0,12.4,0.5,1.79,Enrolled,0,0.2363581814204018,Low
1,1,1,9773,1,1,151.0,2,1,1,5,9,146.5,0,0,0,1,0,1,18,1,0,6,6,6,13.333333333333334,0,0,6,6,6,14.166666666666666,0,12.7,3.7,-1.7,Graduate,0,0.0654661582140898,Low
1,1,1,9130,1,1,132.0,1,3,1,4,9,121.9,1,0,0,1,0,0,18,0,0,6,8,6,14.5,0,0,6,9,6,12.857142857142858,0,13.9,-0.3,0.79,Graduate,0,0.07512090087746981,Low
1,7,1,9991,0,40,130.0,1,19,19,7,3,130.0,0,0,0,1,0,0,26,0,5,10,13,8,12.666666666666666,0,5,10,12,10,13.4,0,11.1,0.6,2.02,Graduate,0,0.14690278992645583,Low
1,1,1,9147,1,1,126.0,1,19,19,9,9,115.2,0,0,1,1,0,0,19,0,0,5,13,1,10.0,0,0,5,8,2,10.0,0,12.4,0.5,1.79,Enrolled,0,0.38235150593292333,Medium
1,18,3,9670,1,1,119.0,1,38,38,9,9,115.2,1,0,0,1,0,1,19,0,0,6,10,0,0.0,0,0,6,6,0,0.0,0,12.7,3.7,-1.7,Dropout,1,0.8771473436351944,High
1,1,1,9254,1,1,123.0,1,38,37,5,5,125.1,0,0,0,1,0,0,19,0,0,6,12,4,11.0,0,0,6,6,4,12.5,0,16.2,0.3,-0.92,Enrolled,0,0.17536581592959585,Low
1,1,1,9130,1,1,106.0,1,37,37,9,9,108.0,1,0,1,1,0,0,20,0,0,5,10,2,12.0,2,0,5,9,4,11.0,0,9.4,-0.8,-3.12,Dropout,1,0.7506219823172031,High
1,1,3,9254,1,1,121.0,1,19,19,9,9,125.9,1,0,0,1,0,0,22,0,0,6,10,4,10.0,0,0,6,12,2,13.5,0,9.4,-0.8,-3.12,Enrolled,0,0.31632689686013193,Medium
1,1,2,9500,1,1,138.0,1,19,1,5,5,128.0,1,0,0,1,0,0,19,0,0,7,7,7,14.20857142857143,0,0,8,9,8,15.127777777777778,0,11.1,0.6,2.02,Graduate,0,0.07175047924005995,Low
1,1,5,9500,1,1,118.0,1,3,1,5,10,113.5,1,0,0,1,0,0,20,0,0,7,7,7,14.30714285714286,0,0,8,8,8,15.0125,0,12.4,0.5,1.79,Graduate,0,0.04146703321920843,Low
2,39,1,9147,1,1,120.0,1,37,37,5,5,124.6,0,0,0,1,0,0,36,0,0,5,8,3,11.0,0,0,5,12,4,13.375,0,10.8,1.4,1.74,Enrolled,0,0.37628363780630153,Medium
1,39,1,9853,1,19,133.1,1,19,4,9,4,116.0,1,0,0,1,0,0,29,0,0,7,14,0,0.0,0,0,6,6,0,0.0,0,11.1,0.6,2.02,Dropout,1,0.9891972717861328,High
1,17,3,9238,1,1,141.0,1,3,3,2,2,124.9,1,0,0,1,0,0,19,0,0,6,10,6,12.0,0,0,6,12,4,11.0,0,12.7,3.7,-1.7,Graduate,0,0.2074305445715753,Low
5,39,1,9147,1,1,180.0,1,1,1,4,8,140.5,0,0,1,0,0,0,24,0,0,5,0,0,0.0,0,0,5,0,0,0.0,0,13.9,-0.3,0.79,Dropout,1,0.9627073805465818,High
5,39,1,9003,1,1,180.0,1,1,1,4,8,179.6,0,0,1,0,0,0,27,0,0,6,6,0,0.0,0,0,6,7,0,0.0,0,8.9,1.4,3.51,Dropout,1,0.9148814519814187,High
1,17,1,9773,1,1,115.0,1,37,37,9,8,116.1,1,0,0,1,0,1,18,0,0,6,7,6,13.857142857142858,0,0,6,7,6,14.285714285714286,0,13.9,-0.3,0.79,Graduate,0,0.045340878185525874,Low
1,17,2,171,1,1,142.0,1,3,1,2,6,139.4,1,0,0,1,0,1,18,0,0,0,0,0,0.0,0,0,0,0,0,0.0,0,15.5,2.8,-4.06,Graduate,0,0.1499581503440199,Low
1,17,4,9556,1,1,135.0,1,38,37,3,7,129.0,1,0,0,1,0,0,21,0,0,7,0,0,0.0,0,0,7,0,0,0.0,0,12.7,3.7,-1.7,Dropout,1,0.9956740048004142,High
2,39,1,9670,1,1,150.0,1,37,19,9,4,135.6,0,0,0,1,0,1,43,0,0,6,8,5,11.0,0,0,6,9,5,13.0,0,12.4,0.5,1.79,Graduate,0,0.1895788197468363,Low
1,43,1,9147,1,1,153.0,1,1,19,9,10,147.8,0,0,0,1,0,1,18,0,0,5,9,5,13.2,0,0,5,13,5,14.4,5,16.2,0.3,-0.92,Graduate,0,0.08484314779286382,Low
1,18,1,9085,1,1,153.0,1,37,37,9,9,138.0,1,0,0,1,0,1,21,0,0,6,7,6,13.5,0,0,6,6,3,15.333333333333334,0,8.9,1.4,3.51,Dropout,1,0.5932647576707901,Medium
1,7,1,9147,1,3,150.0,1,6,27,1,7,150.0,0,0,0,1,0,0,26,0,0,5,5,0,0.0,0,0,5,0,0,0.0,0,9.4,-0.8,-3.12,Dropout,1,0.9898238317590055,High
1,1,6,9500,1,1,144.0,1,1,19,9,4,130.8,1,0,0,1,0,1,19,0,0,8,8,7,14.214285714285714,0,0,8,8,7,14.214285714285714,0,12.7,3.7,-1.7,Graduate,0,0.030856608844303312,Low
1,1,1,9085,1,1,130.0,1,37,11,90,90,122.6,0,0,0,1,0,0,18,0,0,5,5,5,13.0,0,0,5,5,5,12.4,0,7.6,2.6,0.32,Graduate,0,0.027817467678145295,Low
1,1,1,9773,1,1,125.0,1,3,2,2,1,119.1,1,0,0,1,0,0,22,0,0,6,13,2,12.0,0,0,6,14,1,10.0,0,9.4,-0.8,-3.12,Dropout,1,0.9098466093228988,High
1,39,1,9500,1,19,133.1,1,1,19,4,10,111.8,1,0,0,1,0,0,27,0,0,7,0,0,0.0,0,0,8,0,0,0.0,0,11.1,0.6,2.02,Dropout,1,0.9873852609502811,High
1,1,3,9147,1,1,133.0,1,38,19,9,10,125.0,1,0,0,1,0,0,18,0,0,5,6,5,12.8,1,0,5,6,5,12.6,0,9.4,-0.8,-3.12,Graduate,0,0.06454595324723969,Low
1,17,1,9085,1,1,140.0,1,37,38,7,9,129.9,0,0,0,1,0,0,19,0,0,5,11,4,13.6,2,0,5,9,4,12.2,0,9.4,-0.8,-3.12,Graduate,0,0.16488888468470508,Low
1,17,4,9500,1,1,133.0,1,19,19,3,10,131.1,1,0,0,1,0,0,18,0,0,7,7,7,13.971428571428572,0,0,8,8,8,15.75,0,13.9,-0.3,0.79,Graduate,0,0.12565770162758957,Low
1,1,1,9085,1,1,154.0,1,38,37,4,4,141.4,0,0,0,1,0,1,19,0,0,6,8,6,15.0,0,0,6,9,6,14.857142857142858,0,11.1,0.6,2.02,Graduate,0,0.07857649732897463,Low
1,39,1,9085,1,1,133.1,1,37,37,9,9,120.0,0,0,0,0,0,0,32,0,0,6,0,0,0.0,0,0,6,0,0,0.0,0,11.1,0.6,2.02,Dropout,1,0.9980731724411955,High
1,42,1,9500,1,1,168.0,1,37,1,9,4,133.4,1,0,0,1,0,0,23,0,20,26,27,26,15.07777777777778,0,14,17,17,17,15.023529411764704,0,15.5,2.8,-4.06,Graduate,0,0.06330196491505849,Low
1,17,3,9500,1,1,132.0,1,37,37,4,3,127.3,1,0,0,1,0,0,20,0,0,7,7,6,13.383333333333333,0,0,7,7,6,13.383333333333333,0,7.6,2.6,0.32,Graduate,0,0.05255120450745992,Low
1,1,1,171,1,1,133.1,1,19,38,5,5,131.8,1,0,1,1,0,0,20,0,6,12,12,12,13.25,0,4,11,16,10,13.090909090909092,0,8.9,1.4,3.51,Graduate,0,0.04702248248436579,Low
1,17,1,9238,1,1,120.0,1,19,19,4,5,114.8,1,0,1,0,0,0,19,0,0,6,10,5,11.714285714285714,0,0,6,13,2,10.666666666666666,0,16.2,0.3,-0.92,Dropout,1,0.8714060935159771,High
1,1,3,9500,1,1,150.0,1,19,19,5,5,132.8,1,0,0,1,0,1,18,0,0,8,8,8,13.01125,0,0,8,8,8,13.01125,0,9.4,-0.8,-3.12,Graduate,0,0.03075289743244985,Low
1,44,1,9003,1,39,140.0,1,19,19,9,4,140.0,0,0,0,1,0,0,21,0,0,6,12,3,10.666666666666666,2,0,6,12,4,12.0,0,15.5,2.8,-4.06,Dropout,1,0.6678712691777297,High
1,1,1,9500,1,1,103.0,1,1,19,9,9,108.3,0,0,0,1,0,1,20,0,0,7,14,0,0.0,0,0,7,15,0,0.0,0,11.1,0.6,2.02,Enrolled,0,0.3661339065090632,Medium
1,44,1,9085,1,39,150.0,1,3,19,2,4,150.0,1,0,0,1,0,0,22,0,1,6,9,6,13.0,0,1,6,18,3,12.666666666666666,0,12.4,0.5,1.79,Graduate,0,0.17942905490419414,Low
1,44,1,9991,0,39,160.0,1,37,37,9,9,160.0,0,0,0,1,0,0,26,0,0,5,5,5,12.0,0,0,5,7,5,11.4,0,12.7,3.7,-1.7,Graduate,0,0.07735978091508484,Low
1,1,1,9070,1,1,131.0,1,37,37,3,3,131.7,1,0,0,1,0,0,20,0,0,6,6,6,12.166666666666666,0,0,6,7,5,13.8,0,12.7,3.7,-1.7,Graduate,0,0.08728562073848317,Low
1,1,1,9500,1,1,114.0,1,19,38,5,3,112.6,1,0,0,1,0,0,19,0,0,7,10,6,11.85,0,0,8,10,7,13.65,0,16.2,0.3,-0.92,Graduate,0,0.0658057742060258,Low
1,39,1,9991,0,1,120.0,1,37,37,9,9,111.1,0,0,0,1,0,0,31,0,0,5,8,4,11.0,0,0,5,6,5,11.2,0,7.6,2.6,0.32,Graduate,0,0.1355868563505698,Low
1,43,3,9500,1,1,140.0,1,1,19,9,7,127.5,1,0,1,1,0,1,20,0,0,7,9,7,12.327777777777778,0,0,8,10,8,11.736,0,15.5,2.8,-4.06,Graduate,0,0.13287238296717802,Low
1,43,1,9085,1,1,130.0,1,19,38,7,7,120.2,1,0,0,1,0,0,20,0,0,5,9,4,12.0,0,0,5,10,5,13.428571428571429,1,10.8,1.4,1.74,Graduate,0,0.12122689731775609,Low
1,17,4,9500,1,1,121.0,1,37,37,5,5,118.9,1,0,0,1,0,0,21,0,0,7,7,7,14.428571428571429,0,0,8,9,8,14.511111111111113,0,16.2,0.3,-0.92,Graduate,0,0.07390923222710004,Low
1,1,4,9500,1,1,130.0,1,19,19,9,7,119.9,1,0,0,1,0,0,18,0,0,7,7,7,13.78,0,0,8,8,8,12.6125,0,12.4,0.5,1.79,Graduate,0,0.036467544939935426,Low
1,17,2,9500,1,1,141.0,1,37,1,9,4,127.3,1,0,0,1,0,1,19,0,0,7,7,6,13.8,0,0,7,7,6,13.8,0,7.6,2.6,0.32,Graduate,0,0.028640944413007886,Low
1,1,1,9853,1,1,131.0,1,19,19,3,7,127.9,1,0,0,1,0,1,18,0,0,7,7,7,14.857142857142858,0,0,7,7,7,15.142857142857142,0,13.9,-0.3,0.79,Graduate,0,0.06007159041921631,Low
4,39,1,9773,1,38,133.1,1,19,19,7,9,133.0,0,0,0,1,0,0,40,0,0,6,8,5,13.0,0,0,6,7,5,12.6,0,16.2,0.3,-0.92,Enrolled,0,0.12889414675082064,Low
1,17,6,9238,1,1,117.0,1,1,38,4,7,114.6,0,0,0,1,0,1,18,0,0,6,7,6,12.142857142857142,0,0,6,6,6,13.333333333333334,0,13.9,-0.3,0.79,Graduate,0,0.05467370708196639,Low
1,1,2,9085,1,1,151.0,1,40,4,2,2,144.5,1,0,0,1,0,0,18,0,0,6,7,6,15.666666666666666,0,0,6,6,6,14.833333333333334,0,8.9,1.4,3.51,Graduate,0,0.14049007059625826,Low
1,17,1,9500,1,1,131.0,1,1,19,4,3,125.4,1,0,0,1,0,0,19,0,0,7,13,5,12.5,0,0,8,14,7,12.166666666666666,0,15.5,2.8,-4.06,Graduate,0,0.09804214756726616,Low
1,17,1,9238,1,1,145.0,1,38,38,9,7,145.0,0,0,0,1,0,1,19,0,0,6,7,6,12.833333333333334,0,0,6,6,6,13.166666666666666,0,12.4,0.5,1.79,Graduate,0,0.029675999706192915,Low
1,39,1,9003,1,1,135.0,1,38,38,9,6,138.1,0,0,1,0,0,0,28,0,0,6,6,0,0.0,0,0,6,7,0,0.0,0,8.9,1.4,3.51,Dropout,1,0.9392978489293284,High
1,17,1,9070,1,1,119.0,1,37,38,9,8,124.6,1,0,0,1,0,0,20,0,0,6,6,6,12.5,0,0,6,6,6,12.666666666666666,0,7.6,2.6,0.32,Graduate,0,0.027699287078492514,Low
1,1,2,9773,1,1,122.0,1,37,37,9,9,130.8,1,0,0,1,0,0,18,0,0,6,14,4,11.25,0,0,6,9,5,13.0,0,9.4,-0.8,-3.12,Graduate,0,0.15498755597253552,Low
1,1,2,9500,1,1,155.0,1,1,1,4,3,140.5,1,0,0,1,0,0,18,0,0,7,7,6,15.25,0,0,7,7,6,15.25,0,7.6,2.6,0.32,Graduate,0,0.055793757100183944,Low
1,1,1,9085,1,1,123.0,1,19,37,9,9,124.1,1,0,0,1,0,1,20,0,0,5,13,5,14.0,2,0,5,10,3,12.0,1,9.4,-0.8,-3.12,Graduate,0,0.10864507184658637,Low
1,43,1,9238,1,1,130.0,1,38,19,9,4,118.4,0,0,1,1,0,0,28,0,15,16,16,13,12.076923076923077,0,13,13,13,11,12.090909090909092,0,16.2,0.3,-0.92,Graduate,0,0.13059124115145787,Low
1,15,1,9853,1,1,133.1,41,43,1,153,135,128.2,0,0,0,1,0,0,23,1,11,16,17,16,14.625,0,6,10,12,9,14.88888888888889,0,8.9,1.4,3.51,Graduate,0,0.1258484893384667,Low
1,1,1,9853,1,1,114.0,1,19,37,5,5,109.5,1,0,0,1,0,0,19,0,0,7,10,4,10.5,0,0,7,7,2,10.5,0,16.2,0.3,-0.92,Dropout,1,0.8697076827377586,High
1,17,1,9238,1,1,137.0,1,38,19,152,171,131.1,1,0,0,1,0,1,18,0,0,6,8,6,12.833333333333334,0,0,6,6,6,12.166666666666666,0,8.9,1.4,3.51,Graduate,0,0.04260190016843206,Low
1,1,3,9773,1,1,161.0,22,37,37,9,9,137.9,0,0,1,0,0,1,20,1,0,6,6,6,12.5,0,0,6,7,5,11.8,0,10.8,1.4,1.74,Graduate,0,0.21265186354811838,Low
1,1,1,171,1,1,133.1,1,3,1,2,4,128.2,1,0,0,1,0,0,20,0,5,12,13,12,11.23076923076923,0,3,11,18,9,12.77777777777778,0,11.1,0.6,2.02,Graduate,0,0.14330718982490864,Low
2,39,1,9991,0,1,133.1,1,37,37,9,9,126.5,0,0,0,1,0,0,27,0,0,5,5,2,10.5,0,0,5,5,0,0.0,0,7.6,2.6,0.32,Dropout,1,0.9727452713186411,High
1,1,1,9853,1,1,128.0,1,1,1,9,9,120.0,1,0,0,1,0,0,18,0,0,6,11,3,12.0,0,0,6,13,2,12.0,0,12.7,3.7,-1.7,Dropout,1,0.6105395754580042,High
4,39,2,9556,1,19,133.1,1,19,19,4,6,123.0,0,0,0,1,0,1,37,0,0,7,10,7,10.985714285714286,0,0,8,11,8,12.3,0,10.8,1.4,1.74,Graduate,0,0.08390644640407384,Low
4,7,1,9500,1,40,130.0,1,19,19,4,6,130.0,0,0,0,0,0,0,42,0,2,7,10,5,12.62,0,3,7,11,3,14.166666666666666,0,12.4,0.5,1.79,Dropout,1,0.8647867257731499,High
1,17,6,9500,1,1,147.0,1,1,38,4,8,141.1,1,0,0,1,0,0,20,0,0,7,9,6,13.0,0,0,8,8,8,14.2125,0,13.9,-0.3,0.79,Dropout,1,0.10754677531387974,Low
2,39,1,9119,1,1,140.0,1,34,34,9,9,140.0,0,0,0,0,1,0,34,0,0,5,5,0,0.0,0,0,5,5,0,0.0,0,15.5,2.8,-4.06,Dropout,1,0.9854471810991408,High
1,42,1,9119,1,1,140.0,1,3,3,3,2,133.6,1,0,0,1,1,0,22,0,0,5,0,0,0.0,0,0,5,0,0,0.0,0,10.8,1.4,1.74,Dropout,1,0.9784555305841637,High
2,39,2,9254,1,19,133.1,1,19,19,9,5,123.5,0,0,0,1,1,0,39,0,0,6,6,6,13.5,0,0,6,6,6,13.333333333333334,0,12.4,0.5,1.79,Graduate,0,0.05128732199808468,Low
1,1,1,9500,1,1,141.0,1,37,37,9,9,136.3,1,0,0,1,1,1,18,0,0,7,7,6,13.516666666666666,0,0,7,7,6,13.516666666666666,0,7.6,2.6,0.32,Graduate,0,0.020589130958654566,Low
1,1,2,9070,1,1,128.0,1,37,37,9,9,123.5,1,0,0,1,1,1,21,0,0,6,6,6,13.166666666666666,0,0,6,8,6,13.285714285714286,0,8.9,1.4,3.51,Graduate,0,0.019152735020348814,Low
2,39,1,9085,1,1,150.0,1,37,37,90,10,112.0,0,0,0,1,1,0,34,0,0,6,0,0,0.0,0,0,6,0,0,0.0,0,10.8,1.4,1.74,Dropout,1,0.9916827841295971,High
1,44,1,9003,1,39,160.0,1,37,37,9,9,160.0,0,0,0,1,1,1,22,0,0,6,8,6,13.125,0,0,6,10,6,13.0,0,16.2,0.3,-0.92,Graduate,0,0.03155537240411332,Low
1,39,1,9003,1,1,133.1,1,1,37,4,7,110.0,0,0,0,1,1,0,31,0,0,6,15,3,14.4,0,0,6,20,0,0.0,0,16.2,0.3,-0.92,Dropout,1,0.943651782612557,High
1,18,3,9853,1,1,128.0,1,38,37,5,9,116.8,1,0,0,0,1,0,19,0,0,6,10,4,12.0,0,0,6,12,0,0.0,0,10.8,1.4,1.74,Dropout,1,0.9834311717888417,High
1,17,5,9254,1,1,114.0,1,38,1,5,9,109.5,0,0,0,1,1,0,19,0,0,5,5,0,0.0,0,0,5,10,0,0.0,0,10.8,1.4,1.74,Dropout,1,0.9582499688570191,High
1,39,1,9556,1,19,133.1,1,37,37,9,10,100.0,0,0,0,1,1,0,31,0,0,7,7,0,0.0,0,0,7,7,0,0.0,0,15.5,2.8,-4.06,Dropout,1,0.9763534049681588,High
1,5,1,9147,1,1,126.0,1,19,38,5,6,117.3,1,0,0,1,0,0,19,0,0,5,15,3,10.8,0,0,5,6,3,10.5,0,13.9,-0.3,0.79,Enrolled,0,0.22105894785984267,Low
2,39,2,9670,1,1,133.1,41,37,19,9,9,130.0,0,0,0,1,0,0,30,1,0,6,0,0,0.0,0,0,6,0,0,0.0,0,9.4,-0.8,-3.12,Dropout,1,0.9746557085734143,High
1,51,1,9500,1,1,129.0,1,37,38,3,3,137.8,1,0,0,1,0,1,20,0,2,7,7,7,16.13142857142857,0,0,8,9,8,15.52222222222222,0,11.1,0.6,2.02,Graduate,0,0.08487225104064823,Low
1,17,1,9500,1,1,140.0,1,19,38,7,7,136.5,1,0,0,1,0,1,18,0,0,7,7,7,14.838571428571427,0,0,8,9,8,14.8,0,12.4,0.5,1.79,Graduate,0,0.036667901440691,Low
4,39,1,9991,0,1,133.1,1,37,37,5,5,138.7,0,0,0,1,0,0,31,0,0,5,7,3,10.333333333333334,0,0,5,6,3,12.0,0,10.8,1.4,1.74,Dropout,1,0.7974380738455454,High
1,17,1,9254,1,1,134.0,1,19,1,9,4,124.9,1,0,0,1,0,0,19,0,0,6,11,3,12.0,0,0,6,11,4,11.25,0,7.6,2.6,0.32,Dropout,1,0.6956596883480184,High
4,39,1,8014,0,1,133.1,1,37,37,9,7,140.0,0,0,0,1,0,1,43,0,0,6,6,0,0.0,0,0,5,5,0,0.0,0,8.9,1.4,3.51,Dropout,1,0.8833216010929754,High
1,17,2,9254,1,1,132.0,1,38,38,9,8,122.6,1,0,0,1,0,1,20,0,0,6,6,6,13.166666666666666,0,0,6,6,6,14.0,0,13.9,-0.3,0.79,Graduate,0,0.03136367687131991,Low
1,1,2,9500,1,1,131.0,1,1,1,5,9,129.5,1,0,0,1,0,1,19,0,0,8,8,8,13.9475,0,0,8,8,8,13.9475,0,9.4,-0.8,-3.12,Graduate,0,0.03507810671089259,Low
1,1,1,9670,1,1,133.1,1,3,1,1,7,155.0,0,0,0,1,0,0,22,0,0,5,6,3,11.333333333333334,0,0,5,5,0,0.0,0,9.4,-0.8,-3.12,Dropout,1,0.7687849501344713,High
1,1,1,8014,0,1,133.1,1,3,1,1,7,100.0,0,0,0,1,0,0,26,0,2,8,11,7,12.75,0,2,7,7,7,12.285714285714286,0,16.2,0.3,-0.92,Graduate,0,0.12220529912514043,Low
1,18,1,9147,1,1,160.0,1,19,19,5,8,137.6,1,0,0,1,0,1,19,0,0,5,6,5,12.6,0,0,5,8,5,11.25,0,10.8,1.4,1.74,Graduate,0,0.05201582420564368,Low
1,7,1,9500,1,3,120.0,1,19,3,4,2,120.0,1,0,0,1,0,0,29,0,0,8,8,6,12.25,1,0,8,8,6,12.25,1,12.7,3.7,-1.7,Dropout,1,0.2623556061882096,Low
1,15,1,9556,1,1,114.0,26,3,19,122,144,114.0,0,0,0,1,0,0,20,1,0,7,14,0,0.0,6,0,7,12,2,11.666666666666666,0,8.9,1.4,3.51,Enrolled,0,0.21246592209200665,Low
4,1,1,9991,0,1,140.0,1,37,37,9,7,139.0,0,0,0,1,0,1,38,0,0,5,8,5,11.0,0,0,5,7,5,11.4,0,9.4,-0.8,-3.12,Enrolled,0,0.061683655734231665,Low
1,39,1,9003,1,1,100.0,1,37,37,9,5,110.0,0,0,0,1,0,0,41,0,8,12,17,12,11.833333333333334,0,3,12,22,9,12.7,0,15.5,2.8,-4.06,Graduate,0,0.08800805504615444,Low
1,1,6,9500,1,1,139.0,1,19,38,4,9,128.5,1,0,0,1,0,0,19,0,0,8,10,6,13.066666666666668,0,0,8,10,6,13.066666666666668,0,12.7,3.7,-1.7,Dropout,1,0.08569098996476862,Low
1,1,1,9070,1,1,136.0,1,1,38,4,5,132.2,0,0,1,1,0,0,19,0,0,6,6,6,13.833333333333334,0,0,6,8,6,13.875,0,10.8,1.4,1.74,Graduate,0,0.05980754255997092,Low
4,7,1,9500,1,3,130.0,1,3,19,2,3,130.0,0,0,0,1,0,0,43,0,0,7,7,3,13.833333333333334,1,0,7,7,0,0.0,0,16.2,0.3,-0.92,Dropout,1,0.9666693727632636,High
1,17,1,9130,1,1,145.0,1,38,37,9,7,129.3,1,0,0,1,0,0,19,0,0,5,5,5,11.8,0,0,5,5,5,13.2,0,10.8,1.4,1.74,Graduate,0,0.04700593700071939,Low
1,1,1,171,1,1,133.1,1,19,38,9,8,128.2,1,0,0,1,1,1,19,0,6,12,12,12,13.333333333333334,0,4,11,15,10,12.818181818181818,0,8.9,1.4,3.51,Enrolled,0,0.025998265825404935,Low
1,1,6,9500,1,1,146.0,1,2,19,3,9,130.3,1,0,0,1,1,0,18,0,0,8,8,8,13.74625,0,0,8,8,8,13.74625,0,9.4,-0.8,-3.12,Graduate,0,0.07932495312453265,Low
1,1,1,171,1,1,159.0,1,3,3,2,2,162.5,1,0,0,1,1,0,19,0,0,0,0,0,0.0,0,0,0,0,0,0.0,0,16.2,0.3,-0.92,Dropout,1,0.6928282059046579,High
2,39,1,8014,0,19,133.1,1,34,34,0,0,130.0,0,0,0,1,1,0,38,0,0,6,0,0,0.0,0,0,6,0,0,0.0,0,9.4,-0.8,-3.12,Dropout,1,0.9819523789327312,High
2,7,1,9130,1,2,110.0,1,19,19,4,8,110.0,1,0,0,1,1,0,37,0,0,6,9,0,0.0,0,0,6,6,0,0.0,0,16.2,0.3,-0.92,Dropout,1,0.9917071555236985,High
1,39,1,9670,1,1,120.0,1,1,19,4,10,142.3,1,0,0,1,0,1,26,0,0,6,6,6,13.333333333333334,0,0,6,10,5,14.5,0,10.8,1.4,1.74,Graduate,0,0.09604648022519416,Low
1,17,1,9238,1,1,130.0,1,37,37,9,9,122.0,1,0,0,1,0,1,21,0,0,6,8,1,10.0,0,0,6,13,5,11.4,0,12.7,3.7,-1.7,Enrolled,0,0.11691796895695837,Low
1,1,3,9085,1,1,158.0,1,1,19,9,9,153.6,1,0,0,1,0,1,18,0,0,6,7,6,15.666666666666666,0,0,6,8,6,15.285714285714286,0,8.9,1.4,3.51,Graduate,0,0.08268346990511151,Low
1,1,1,9853,1,1,122.0,1,3,19,2,3,112.9,0,0,0,1,0,0,18,0,0,7,9,7,11.857142857142858,0,0,7,7,7,11.857142857142858,0,16.2,0.3,-0.92,Graduate,0,0.06105895889380103,Low
1,1,1,9085,1,1,140.0,1,3,1,2,4,124.1,0,0,0,1,0,0,18,0,0,5,12,5,14.5,2,0,5,5,5,13.6,0,9.4,-0.8,-3.12,Graduate,0,0.06510966470279127,Low
1,17,1,9238,1,1,136.0,1,38,1,9,4,129.7,0,0,0,1,0,0,19,0,0,6,6,6,12.166666666666666,0,0,6,7,6,13.714285714285714,0,15.5,2.8,-4.06,Graduate,0,0.048767598791152694,Low
1,1,1,9773,1,1,111.0,1,19,19,9,9,110.0,1,0,0,1,0,0,18,0,0,6,6,5,12.6,0,0,6,8,6,12.0,0,11.1,0.6,2.02,Graduate,0,0.06838540783531176,Low
1,17,2,9500,1,1,145.0,1,2,38,3,8,136.3,1,0,0,1,0,0,18,0,0,8,12,7,12.285714285714286,0,0,8,12,7,12.285714285714286,0,12.7,3.7,-1.7,Enrolled,0,0.05637907057281294,Low
1,17,1,9238,1,1,133.1,1,38,38,191,193,146.0,0,0,1,1,0,1,19,0,0,6,6,6,12.666666666666666,0,0,6,7,6,13.0,0,8.9,1.4,3.51,Graduate,0,0.034536295775407656,Low
1,1,1,9500,1,1,140.0,1,19,38,7,8,129.9,0,0,0,1,0,0,19,0,0,7,0,0,0.0,0,0,8,0,0,0.0,0,16.2,0.3,-0.92,Dropout,1,0.9838419660900742,High
1,1,1,9254,1,1,140.0,1,19,1,9,8,140.9,1,0,0,1,0,1,18,0,0,6,7,6,12.857142857142858,0,0,6,10,4,13.0,0,12.7,3.7,-1.7,Graduate,0,0.09895523638758653,Low
2,1,1,9500,1,1,156.0,1,1,1,9,10,135.5,0,0,0,1,0,0,18,0,0,8,8,7,13.9,0,0,8,8,7,13.9,0,12.7,3.7,-1.7,Graduate,0,0.04142636607991239,Low
1,1,1,9500,1,1,132.0,1,38,37,9,7,122.0,1,0,0,1,0,1,20,0,0,8,8,7,13.817142857142857,0,0,8,8,7,13.817142857142857,0,10.8,1.4,1.74,Graduate,0,0.01428073999039419,Low
1,53,1,9556,1,42,140.0,1,1,19,4,5,140.0,0,0,0,1,0,1,22,0,1,7,10,6,13.314285714285717,0,2,8,10,7,12.875,0,8.9,1.4,3.51,Graduate,0,0.06980622159228617,Low
1,1,1,9130,1,1,164.0,1,34,1,0,0,163.0,0,0,0,1,0,0,18,0,0,6,0,0,0.0,0,0,6,0,0,0.0,0,7.6,2.6,0.32,Dropout,1,0.9633482702130972,High
1,17,4,9254,1,1,113.0,1,38,19,7,7,107.4,1,0,0,1,0,1,19,0,0,6,6,6,12.166666666666666,0,0,6,6,6,12.166666666666666,0,12.4,0.5,1.79,Graduate,0,0.031943308697337705,Low
1,1,1,9254,1,1,122.0,1,37,37,9,9,114.3,1,0,0,0,0,1,20,0,0,6,12,4,11.25,0,0,6,12,3,11.333333333333334,0,7.6,2.6,0.32,Dropout,1,0.8152334397206189,High
1,43,1,9070,1,1,150.0,1,2,3,3,2,140.8,0,0,0,1,0,0,19,0,1,6,6,5,12.4,0,0,6,8,6,12.75,0,10.8,1.4,1.74,Enrolled,0,0.05841872558349625,Low
1,1,2,9773,1,1,135.0,1,37,37,5,5,126.3,1,1,0,1,0,1,20,0,0,6,6,6,14.666666666666666,0,0,6,7,6,14.571428571428571,0,8.9,1.4,3.51,Graduate,0,0.09439355644335544,Low
1,39,1,9085,1,1,133.1,1,3,19,2,9,110.0,0,0,0,1,0,0,28,0,0,6,15,4,12.0,0,0,6,14,4,12.0,0,11.1,0.6,2.02,Dropout,1,0.6848302807950694,High
1,1,2,9085,1,1,122.0,1,1,1,193,101,126.2,0,0,0,1,0,0,19,0,0,6,8,6,14.0,0,0,6,18,3,12.666666666666666,0,12.4,0.5,1.79,Graduate,0,0.11103883466005658,Low
1,42,1,9003,1,39,140.0,1,19,1,5,5,140.0,0,0,0,1,0,0,22,0,0,6,10,6,12.571428571428571,0,0,6,12,4,13.666666666666666,0,15.5,2.8,-4.06,Enrolled,0,0.13892209227284313,Low
1,1,1,9085,1,1,138.0,1,1,3,9,1,123.0,1,0,0,1,0,0,19,0,1,6,14,6,15.538461538461538,0,0,6,9,6,12.625,0,15.5,2.8,-4.06,Graduate,0,0.05285861616849734,Low
1,1,3,9773,1,1,130.0,1,19,19,5,5,157.0,1,0,0,0,0,0,18,0,0,6,0,0,0.0,0,0,6,0,0,0.0,0,13.9,-0.3,0.79,Dropout,1,0.9860924619545528,High
1,5,1,9130,1,1,157.0,1,5,43,2,2,149.7,1,0,0,1,0,0,18,0,0,6,6,6,15.0,0,0,6,6,6,14.833333333333334,0,8.9,1.4,3.51,Graduate,0,0.1613759814180551,Low
1,43,1,9130,1,1,140.0,1,2,1,2,3,140.0,1,0,0,1,0,0,22,0,0,5,11,4,12.25,0,0,5,9,5,13.285714285714286,0,12.7,3.7,-1.7,Graduate,0,0.1755249584244111,Low
1,53,1,9085,1,42,170.0,1,1,19,4,7,170.0,0,0,0,1,0,0,20,0,7,11,13,11,15.692307692307692,0,4,9,9,9,15.555555555555555,0,8.9,1.4,3.51,Graduate,0,0.051975038311459144,Low
1,39,1,9991,0,1,150.0,1,1,37,9,7,130.2,0,0,0,1,0,1,24,0,0,5,7,5,12.285714285714286,0,0,5,9,5,12.75,1,16.2,0.3,-0.92,Graduate,0,0.07373580108445395,Low
1,17,1,171,1,1,146.0,1,1,38,9,9,135.5,1,0,1,1,0,0,22,0,12,17,19,12,11.833333333333334,0,10,17,22,11,11.25,0,11.1,0.6,2.02,Enrolled,0,0.09451577753075686,Low
1,43,1,8014,0,1,120.0,1,38,19,5,4,118.3,0,0,0,1,0,0,20,0,2,6,6,6,12.166666666666666,0,0,6,7,5,14.0,0,12.7,3.7,-1.7,Enrolled,0,0.06105392591463411,Low
1,1,1,9556,1,1,118.0,1,19,38,9,9,116.3,1,0,0,1,0,1,20,0,0,7,10,7,11.88888888888889,0,0,8,10,8,11.95625,0,12.7,3.7,-1.7,Graduate,0,0.027900783749070557,Low
2,7,1,8014,0,3,120.0,1,38,1,9,9,120.0,0,0,0,0,0,0,35,0,0,6,0,0,0.0,0,0,6,0,0,0.0,0,10.8,1.4,1.74,Dropout,1,0.9928233954307158,High
1,1,1,9670,1,1,154.0,1,1,1,5,7,154.7,0,0,0,1,0,1,18,0,0,5,6,5,11.8,0,0,5,5,5,12.6,0,9.4,-0.8,-3.12,Graduate,0,0.08815014581640351,Low
1,17,2,9238,1,1,139.0,1,2,3,3,3,132.7,1,0,0,1,0,0,19,0,0,6,7,6,11.166666666666666,0,0,6,9,6,11.666666666666666,0,9.4,-0.8,-3.12,Graduate,0,0.09169778430232337,Low
1,18,1,9500,1,1,136.0,1,3,3,3,3,130.8,0,0,0,1,0,0,18,0,0,7,7,7,14.05714285714286,0,0,8,9,8,14.6,0,16.2,0.3,-0.92,Graduate,0,0.09142959770811285,Low
1,1,2,9254,1,1,130.0,1,1,38,4,9,122.7,1,0,0,1,0,0,18,0,0,6,10,4,11.75,0,0,6,13,4,10.0,0,7.6,2.6,0.32,Dropout,1,0.6991352117766395,High
2,39,1,9238,1,19,133.1,1,1,2,4,6,130.0,0,0,0,1,0,0,31,0,0,6,6,6,13.166666666666666,0,0,6,8,6,13.0,0,9.4,-0.8,-3.12,Enrolled,0,0.05970710740390772,Low
1,17,1,9238,1,1,133.0,1,19,19,5,7,123.6,0,0,0,1,0,1,19,0,0,6,7,6,13.5,0,0,6,7,6,14.0,0,15.5,2.8,-4.06,Graduate,0,0.02731222398354941,Low
1,18,1,9500,1,1,143.0,1,38,37,4,9,116.5,1,0,0,1,0,1,20,0,0,7,10,7,12.625,0,0,8,8,8,13.0625,0,15.5,2.8,-4.06,Graduate,0,0.02253546441881018,Low
1,17,3,9085,1,1,117.0,1,19,38,5,7,111.1,0,0,0,1,0,0,21,0,0,6,0,0,0.0,0,0,6,0,0,0.0,0,15.5,2.8,-4.06,Dropout,1,0.9780765068775182,High
1,1,3,9500,1,1,145.0,1,19,38,9,7,136.3,1,0,0,1,0,1,18,0,0,8,8,7,13.971428571428572,0,0,8,8,7,13.971428571428572,0,12.7,3.7,-1.7,Graduate,0,0.019208506181376,Low
1,1,5,9070,1,1,134.0,1,34,1,5,7,129.8,1,0,0,1,0,0,18,0,0,6,7,2,11.0,0,0,6,0,0,0.0,0,9.4,-0.8,-3.12,Dropout,1,0.8436008235487614,High
2,39,1,9991,0,1,170.0,1,38,19,4,8,134.7,0,0,0,1,0,0,33,0,0,5,5,5,12.8,0,0,5,6,5,15.333333333333334,0,10.8,1.4,1.74,Graduate,0,0.12705363560965616,Low
1,1,2,9670,1,1,143.0,1,37,37,9,7,131.8,1,0,0,1,0,1,18,0,0,6,8,6,13.571428571428571,0,0,6,6,5,12.8,0,12.4,0.5,1.79,Enrolled,0,0.10115614425742313,Low
1,1,1,171,1,1,140.0,1,37,37,7,9,126.8,1,0,0,0,0,1,18,0,0,0,0,0,0.0,0,0,0,0,0,0.0,0,12.7,3.7,-1.7,Dropout,1,0.756965965847186,High
1,1,1,9085,1,1,131.0,1,37,37,9,6,130.7,0,0,1,1,0,0,21,0,0,5,9,2,11.5,0,0,5,13,4,11.0,1,10.8,1.4,1.74,Enrolled,0,0.4254618185579055,Medium
1,17,3,9254,1,1,115.0,1,37,19,5,5,109.8,1,0,0,1,0,0,19,0,0,6,8,4,11.25,0,0,6,8,4,12.0,0,10.8,1.4,1.74,Enrolled,0,0.2817049347316318,Low
1,7,1,9991,0,3,130.0,1,3,19,2,3,133.9,0,0,0,1,0,0,28,0,0,5,7,5,13.714285714285714,0,0,5,7,5,13.142857142857142,0,16.2,0.3,-0.92,Graduate,0,0.10390537062115857,Low
2,39,1,9147,1,1,130.0,1,1,19,9,9,109.9,0,0,0,0,0,0,29,0,0,4,4,0,0.0,0,0,5,0,0,0.0,0,12.7,3.7,-1.7,Dropout,1,0.9821387288031701,High
1,44,1,9130,1,39,160.0,1,1,37,3,3,160.0,1,0,1,0,0,0,36,0,2,6,9,6,12.0,0,1,6,8,3,14.666666666666666,0,12.4,0.5,1.79,Dropout,1,0.9158824946718938,High
1,39,1,8014,0,19,133.1,1,37,37,9,7,106.5,0,0,0,1,0,1,32,0,0,6,7,6,12.666666666666666,0,0,6,7,6,13.333333333333334,0,12.7,3.7,-1.7,Graduate,0,0.013379921300122402,Low
1,39,1,9500,1,1,130.0,1,38,37,5,7,120.0,1,0,0,1,0,1,25,0,0,8,11,7,13.29,3,0,8,11,7,13.29,3,9.4,-0.8,-3.12,Enrolled,0,0.07979504119322334,Low
2,43,1,9991,0,1,140.0,1,37,37,3,10,107.8,0,0,0,1,0,0,33,0,8,10,15,8,10.375,0,7,10,13,9,10.444444444444445,0,7.6,2.6,0.32,Enrolled,0,0.15104965996967604,Low
2,43,1,8014,0,14,133.1,1,34,34,0,0,100.0,0,0,0,0,0,0,34,0,3,7,13,3,12.0,0,2,7,15,1,13.0,1,9.4,-0.8,-3.12,Dropout,1,0.8698615833450096,High
2,39,1,8014,0,1,150.0,1,34,34,0,0,112.5,0,0,0,1,0,0,33,0,0,6,10,5,11.4,0,1,6,7,6,11.166666666666666,0,7.6,2.6,0.32,Graduate,0,0.1660213986043748,Low
1,43,1,9991,0,1,140.0,1,37,38,9,8,135.5,0,0,1,0,0,0,29,0,0,5,15,2,13.25,0,0,5,12,3,12.6,3,16.2,0.3,-0.92,Dropout,1,0.9265827475903302,High
1,1,1,9500,1,1,145.0,1,1,1,4,10,145.0,0,0,0,1,0,0,18,0,0,7,7,6,13.861666666666666,0,0,8,16,0,0.0,1,12.4,0.5,1.79,Dropout,1,0.8830891318258645,High
1,1,1,9773,1,1,126.0,1,37,38,7,7,119.0,0,0,0,1,0,1,18,0,0,6,6,6,12.166666666666666,0,0,6,7,6,12.142857142857142,0,15.5,2.8,-4.06,Graduate,0,0.051417727449629504,Low
2,7,1,9238,1,3,130.0,1,37,19,4,5,130.0,0,0,0,1,0,0,38,0,0,6,17,4,13.75,0,0,6,15,6,14.5,0,16.2,0.3,-0.92,Graduate,0,0.1752926480208964,Low
1,1,4,9500,1,1,135.0,1,38,37,9,8,126.3,1,0,0,1,0,1,19,0,0,7,7,6,15.433333333333332,0,0,7,7,6,15.433333333333332,0,7.6,2.6,0.32,Graduate,0,0.014912199613634106,Low
4,39,1,8014,0,19,133.1,1,37,37,9,9,113.5,0,0,0,1,0,1,39,0,0,6,6,6,13.833333333333334,0,0,6,6,6,15.5,0,11.1,0.6,2.02,Graduate,0,0.03824212529886312,Low
1,43,1,9991,0,3,120.0,1,37,37,9,9,120.0,0,0,0,1,0,0,37,0,7,14,21,12,11.833333333333334,0,11,12,15,11,11.363636363636363,0,12.7,3.7,-1.7,Graduate,0,0.16390027193522308,Low
1,17,2,9556,1,1,120.0,1,37,37,5,5,111.3,1,0,0,1,0,0,32,0,0,7,7,0,0.0,0,0,8,8,0,0.0,0,16.2,0.3,-0.92,Dropout,1,0.9727819147725412,High
1,18,1,9238,1,1,147.0,1,38,34,4,0,130.2,0,0,0,1,0,0,18,0,0,1,1,0,0.0,1,0,6,0,0,0.0,0,10.8,1.4,1.74,Dropout,1,0.9348965077477489,High
1,43,1,9556,1,1,149.0,1,1,1,4,8,140.2,1,1,0,1,0,0,20,0,1,7,9,7,12.333333333333334,0,0,8,8,8,12.625,0,12.7,3.7,-1.7,Enrolled,0,0.07805073628481984,Low
1,1,5,9070,1,1,124.0,1,37,37,9,9,113.9,1,0,0,1,0,0,20,0,0,6,6,6,11.166666666666666,0,0,6,6,6,12.166666666666666,0,7.6,2.6,0.32,Graduate,0,0.05085987057708792,Low
1,17,1,9085,1,1,133.1,1,37,37,9,9,99.0,1,0,0,1,0,1,23,0,0,6,6,6,14.666666666666666,0,0,6,8,6,12.428571428571429,0,8.9,1.4,3.51,Graduate,0,0.022661424314662736,Low
1,1,2,9147,1,1,125.0,1,1,19,4,9,124.0,1,0,0,1,0,0,19,0,0,5,5,5,11.2,0,0,5,11,4,11.75,0,10.8,1.4,1.74,Enrolled,0,0.12056508460859647,Low
1,1,1,9238,1,1,141.0,1,37,38,9,10,138.9,0,0,0,1,0,0,18,0,0,6,9,6,13.714285714285714,0,0,6,6,6,14.166666666666666,0,13.9,-0.3,0.79,Graduate,0,0.04408029579928779,Low
1,1,1,9147,1,1,131.0,1,38,19,9,9,130.0,1,0,0,1,1,0,19,0,0,5,5,5,12.8,0,0,5,10,5,11.444444444444445,0,10.8,1.4,1.74,Graduate,0,0.10181793700214513,Low
1,17,4,9773,1,1,118.0,1,1,38,5,7,120.8,1,0,0,1,0,0,20,0,0,6,9,4,13.25,0,0,6,11,5,11.8,0,12.4,0.5,1.79,Graduate,0,0.1335732488810316,Low
1,1,6,9500,1,1,129.0,1,37,19,9,7,127.8,1,0,0,1,0,0,19,0,0,8,10,6,13.78,1,0,8,10,6,13.78,1,9.4,-0.8,-3.12,Dropout,1,0.672457882985097,High
1,17,3,9500,1,1,136.0,1,37,38,4,5,126.0,1,0,0,1,0,0,19,0,0,8,8,7,15.11,0,0,8,8,7,15.11,0,10.8,1.4,1.74,Graduate,0,0.04579968992031059,Low
1,1,2,9238,1,1,134.0,1,1,19,4,5,126.0,0,0,0,1,0,0,18,0,0,6,10,4,11.0,0,0,6,8,5,11.2,0,10.8,1.4,1.74,Graduate,0,0.06395353200677963,Low
1,1,1,9500,1,1,153.0,1,38,19,9,5,138.5,1,0,0,1,0,1,20,0,0,8,8,7,15.798571428571426,0,0,8,8,7,15.798571428571426,0,10.8,1.4,1.74,Graduate,0,0.030795528145071915,Low
1,1,3,9500,1,1,119.0,1,19,37,9,9,119.4,1,0,0,1,0,0,20,0,0,7,7,7,13.775714285714288,0,0,8,8,8,15.599999999999998,0,12.4,0.5,1.79,Graduate,0,0.029572923429324133,Low
4,39,1,9500,1,1,140.0,1,38,37,7,7,101.5,1,0,0,1,0,0,24,0,0,8,11,7,12.16,0,0,8,11,7,12.16,0,10.8,1.4,1.74,Graduate,0,0.09647790457001326,Low
4,39,2,9556,1,1,133.1,1,38,37,7,7,101.5,1,0,0,1,0,0,24,0,0,7,0,0,0.0,0,0,7,0,0,0.0,0,10.8,1.4,1.74,Dropout,1,0.989176635050207,High
1,17,2,9773,1,1,130.0,1,2,1,2,7,126.2,1,0,0,1,0,0,20,0,0,6,6,6,14.333333333333334,0,0,6,6,6,15.5,0,12.4,0.5,1.79,Graduate,0,0.11313456807211555,Low
1,1,3,9070,1,1,128.0,1,19,19,3,3,129.8,1,0,0,1,0,0,20,0,0,6,6,6,11.833333333333334,0,0,6,6,3,13.333333333333334,0,9.4,-0.8,-3.12,Enrolled,0,0.10591422450677963,Low
1,1,1,9085,1,1,145.0,1,38,37,3,9,138.4,1,0,0,0,0,0,18,0,0,6,7,6,14.833333333333334,0,0,6,8,6,12.5,0,8.9,1.4,3.51,Enrolled,0,0.09510065870523025,Low
1,1,1,9500,1,1,146.0,1,1,37,9,9,129.3,0,0,0,1,0,0,18,0,0,8,8,7,14.2,0,0,8,8,7,14.2,0,12.7,3.7,-1.7,Graduate,0,0.027696566916981163,Low
1,1,1,9085,1,1,119.0,1,2,1,4,3,113.1,1,0,0,1,0,0,21,0,0,5,6,5,12.2,0,0,5,5,5,13.2,0,10.8,1.4,1.74,Graduate,0,0.03478563957371745,Low
1,17,1,9853,1,1,160.0,1,1,38,4,10,144.3,1,0,0,1,0,0,18,0,0,6,10,4,13.0,0,0,6,9,5,13.666666666666666,0,9.4,-0.8,-3.12,Graduate,0,0.19885810269717077,Low
1,17,5,9500,1,1,144.0,1,19,1,5,3,141.0,1,0,0,1,0,1,19,0,0,8,8,7,12.485714285714286,0,0,8,8,7,12.485714285714286,0,12.7,3.7,-1.7,Graduate,0,0.03815650731747565,Low
1,7,1,9085,1,40,130.0,1,1,1,4,4,130.0,1,0,0,1,0,0,22,0,0,6,7,6,17.0,0,0,6,7,6,16.285714285714285,0,11.1,0.6,2.02,Graduate,0,0.101487528210334,Low
1,17,3,9238,1,1,122.0,1,19,19,7,7,117.5,1,0,0,1,0,0,19,0,0,6,7,5,10.8,0,0,6,9,6,10.166666666666666,0,8.9,1.4,3.51,Graduate,0,0.09921507443257196,Low
1,1,3,9500,1,1,153.0,6,37,37,9,9,131.8,1,0,0,1,0,0,18,1,0,7,7,6,14.716666666666669,0,0,7,7,6,14.716666666666669,0,7.6,2.6,0.32,Graduate,0,0.03285589980570571,Low
1,1,1,9085,1,1,147.0,1,37,19,9,5,133.7,1,0,0,1,0,1,19,0,0,5,10,2,13.5,0,0,5,11,5,11.4,1,10.8,1.4,1.74,Enrolled,0,0.09881237740152846,Low
1,43,1,9500,1,1,121.0,1,38,19,5,5,115.4,1,0,0,1,0,1,24,0,0,8,8,7,11.971428571428572,0,0,8,8,7,11.971428571428572,0,12.7,3.7,-1.7,Enrolled,0,0.0445650683694083,Low
1,1,3,9085,1,1,134.0,1,38,19,9,5,129.1,0,0,0,1,0,0,19,0,0,5,7,3,12.0,0,0,5,7,4,13.5,0,7.6,2.6,0.32,Enrolled,0,0.10030710627370433,Low
1,1,1,8014,0,1,133.0,1,38,38,5,2,135.5,0,0,0,1,0,0,34,0,0,6,7,6,12.333333333333334,0,0,6,6,6,11.666666666666666,0,10.8,1.4,1.74,Graduate,0,0.03795575089059374,Low
1,17,5,9085,1,1,118.0,1,38,38,9,9,112.4,1,0,0,1,0,0,19,0,0,12,22,6,15.307692307692308,0,0,10,13,6,13.875,0,15.5,2.8,-4.06,Graduate,0,0.11860805807852867,Low
1,1,1,9500,1,1,137.0,1,37,37,7,9,130.8,1,0,0,1,0,1,18,0,0,7,7,6,12.666666666666666,0,0,7,7,6,12.666666666666666,0,7.6,2.6,0.32,Graduate,0,0.01834805512093007,Low
1,1,5,9500,1,1,143.0,1,37,37,9,5,131.6,1,0,0,1,0,1,19,0,0,7,10,7,14.368,0,0,8,8,8,14.44875,0,15.5,2.8,-4.06,Graduate,0,0.024357307903084765,Low
1,39,1,9500,1,1,123.0,1,19,1,1,1,140.8,0,0,0,1,0,0,25,0,0,8,8,7,12.084285714285716,0,0,8,8,7,12.084285714285716,0,10.8,1.4,1.74,Graduate,0,0.08135663464838008,Low
1,44,1,9085,1,39,140.0,1,3,38,2,9,140.0,1,0,0,1,0,0,21,0,7,12,18,8,12.25,0,4,12,27,8,12.2,0,12.4,0.5,1.79,Enrolled,0,0.08835062826506179,Low
1,1,1,9254,1,1,118.0,1,37,37,7,7,114.2,0,0,0,1,0,0,18,0,0,6,10,5,12.2,0,0,6,10,5,11.6,0,16.2,0.3,-0.92,Enrolled,0,0.101270814948671,Low
1,1,1,9238,1,1,142.0,1,34,38,4,7,127.3,0,0,0,1,0,1,18,0,0,6,12,4,11.0,0,0,6,9,6,11.5,0,9.4,-0.8,-3.12,Graduate,0,0.041100257391198006,Low
1,1,1,8014,0,1,115.0,1,38,38,9,7,115.0,1,0,0,1,0,0,28,0,0,6,8,5,12.8,0,0,6,8,5,11.0,0,9.4,-0.8,-3.12,Graduate,0,0.0841769307420851,Low
5,43,1,9500,1,1,131.0,1,1,38,5,5,118.8,0,0,0,1,0,1,18,0,0,8,8,7,11.857142857142858,0,0,8,8,7,11.857142857142858,0,12.7,3.7,-1.7,Graduate,0,0.02368651408626614,Low
2,39,1,9254,1,1,130.0,1,37,37,9,9,125.0,0,0,0,1,0,0,41,0,0,6,8,6,12.285714285714286,0,0,6,10,5,13.0,0,8.9,1.4,3.51,Graduate,0,0.12904331857360943,Low
1,17,2,9853,1,1,133.1,1,37,37,5,0,111.5,0,0,0,1,0,0,18,0,0,6,11,3,12.333333333333334,0,0,6,11,4,13.5,0,7.6,2.6,0.32,Dropout,1,0.745206566938092,High
1,17,1,9238,1,1,134.0,1,38,19,7,7,124.2,0,0,0,1,0,1,21,0,0,6,11,4,11.25,0,0,6,12,4,11.4,0,15.5,2.8,-4.06,Graduate,0,0.1993116432393585,Low
4,7,1,9238,1,40,130.0,1,34,34,99,99,130.0,0,0,1,1,0,0,41,0,0,6,0,0,0.0,0,0,6,0,0,0.0,0,11.1,0.6,2.02,Dropout,1,0.9564195351597109,High
1,7,1,9070,1,3,133.1,1,3,5,2,2,120.0,1,0,0,1,0,0,32,0,0,3,3,2,16.0,0,0,3,3,1,16.0,0,7.6,2.6,0.32,Dropout,1,0.8895715755333515,High
1,43,1,8014,0,12,114.0,1,34,34,0,99,110.0,0,0,0,1,0,0,29,0,0,6,10,6,11.666666666666666,0,0,6,7,6,11.0,0,7.6,2.6,0.32,Graduate,0,0.09674702714282364,Low
1,39,1,9556,1,1,130.0,1,19,38,9,8,113.3,0,0,0,1,0,0,24,0,0,7,15,5,12.4,0,0,8,14,7,12.15,0,12.4,0.5,1.79,Enrolled,0,0.1803822393928931,Low
1,43,1,9556,1,1,128.0,1,38,38,7,8,123.5,1,0,0,1,0,0,22,0,0,7,14,6,10.744444444444444,1,0,8,10,8,11.8375,0,12.7,3.7,-1.7,Enrolled,0,0.10707549831067303,Low
1,1,1,9238,1,1,133.1,1,19,1,1,3,101.0,0,0,0,1,0,0,21,0,0,6,0,0,0.0,0,0,6,0,0,0.0,0,15.5,2.8,-4.06,Dropout,1,0.9939085257594309,High
2,39,1,9500,1,19,133.1,1,37,38,9,10,120.9,1,0,0,1,0,0,39,0,0,7,12,4,12.0,0,0,7,13,4,12.5625,0,11.1,0.6,2.02,Dropout,1,0.6237514864913479,High
4,39,1,9085,1,1,140.0,1,37,37,9,9,154.6,0,0,0,0,0,1,44,0,0,6,12,4,12.75,0,0,6,15,2,10.0,0,8.9,1.4,3.51,Enrolled,0,0.30894854455578535,Medium
1,1,1,9147,1,1,117.0,1,37,37,9,9,120.2,1,0,0,1,0,0,20,0,0,5,9,2,10.0,0,0,5,10,2,11.0,0,7.6,2.6,0.32,Enrolled,0,0.43625329563134235,Medium
1,43,3,9500,1,1,139.0,1,38,37,9,8,146.5,0,0,0,1,0,0,21,0,11,14,26,12,13.417391304347827,1,11,14,26,12,13.417391304347827,1,7.6,2.6,0.32,Graduate,0,0.1486433262943796,Low
1,1,1,9773,1,1,159.0,1,34,26,0,6,160.1,1,0,0,1,0,0,18,0,0,6,6,6,15.166666666666666,0,0,6,7,6,14.857142857142858,0,7.6,2.6,0.32,Graduate,0,0.12037133606319114,Low
1,39,1,9003,1,1,140.0,1,37,37,5,5,150.0,0,0,1,1,0,0,34,0,0,6,10,5,13.833333333333334,0,0,6,13,5,12.5,0,16.2,0.3,-0.92,Graduate,0,0.1143260228027048,Low
1,1,3,9085,1,1,140.0,1,10,19,90,90,135.8,1,0,0,1,0,0,18,0,0,5,6,5,13.333333333333334,0,0,5,7,4,14.8,0,7.6,2.6,0.32,Graduate,0,0.12176622661646173,Low
1,1,1,171,1,1,135.0,1,19,4,9,2,143.8,1,0,1,1,0,0,19,0,0,0,0,0,0.0,0,0,0,0,0,0.0,0,12.7,3.7,-1.7,Enrolled,0,0.19623083818169929,Low
1,1,1,9853,1,1,121.0,1,37,19,6,7,116.8,1,0,0,1,0,0,18,0,0,6,11,3,11.666666666666666,0,0,6,11,3,10.666666666666666,0,9.4,-0.8,-3.12,Dropout,1,0.7103095553208297,High
1,1,5,9085,1,1,124.0,1,3,19,2,3,113.9,1,0,0,1,0,0,19,0,0,6,12,5,15.0,0,0,6,9,6,13.428571428571429,0,16.2,0.3,-0.92,Graduate,0,0.07692350664572589,Low
1,1,3,9500,1,1,131.0,1,37,37,9,9,118.0,1,0,0,1,0,1,18,0,0,8,8,7,13.242857142857144,0,0,8,8,7,13.242857142857144,0,12.7,3.7,-1.7,Enrolled,0,0.013073380189276632,Low
1,1,5,9130,1,1,160.0,1,3,1,2,9,150.2,1,0,0,1,0,0,19,0,0,5,13,1,13.0,0,0,5,7,2,12.5,0,12.7,3.7,-1.7,Dropout,1,0.7617440933890346,High
1,1,2,9500,1,1,120.0,1,3,37,4,7,115.1,1,0,0,1,0,1,19,0,0,7,8,6,13.075,0,0,8,10,7,12.05,0,12.4,0.5,1.79,Graduate,0,0.0334662263554004,Low
1,1,1,9670,1,1,140.0,1,19,19,5,9,131.3,1,0,0,1,0,1,18,0,0,6,6,6,13.5,0,0,6,9,6,13.666666666666666,0,10.8,1.4,1.74,Graduate,0,0.10508605376859466,Low
1,44,1,9991,0,39,120.0,1,37,37,7,7,120.0,1,0,0,1,0,1,23,0,2,6,8,5,11.8,0,2,6,8,6,12.333333333333334,0,9.4,-0.8,-3.12,Graduate,0,0.06333233044571625,Low
1,17,2,9254,1,1,118.0,22,19,37,9,9,110.3,1,0,0,0,0,0,18,1,0,6,7,5,12.6,0,0,6,6,5,11.8,0,11.1,0.6,2.02,Enrolled,0,0.3376724508275455,Medium
4,43,1,9853,1,1,133.1,100,19,22,90,90,100.0,0,0,0,1,0,0,33,1,0,6,6,6,12.166666666666666,0,0,6,9,3,11.0,0,7.6,2.6,0.32,Dropout,1,0.7966585179428549,High
1,17,2,9238,1,1,111.0,1,19,38,9,9,110.7,1,0,0,1,0,0,19,0,0,6,9,6,12.166666666666666,0,0,6,9,6,11.0,0,8.9,1.4,3.51,Graduate,0,0.12864729178691797,Low
1,43,3,171,1,1,140.0,1,37,38,7,7,143.4,1,0,0,1,0,0,21,0,0,0,0,0,0.0,0,0,0,0,0,0.0,0,9.4,-0.8,-3.12,Dropout,1,0.8091884294881362,High
1,1,6,9500,1,1,125.0,1,19,19,9,9,115.9,0,0,0,1,0,0,18,0,0,7,7,7,13.557142857142855,0,0,8,9,8,13.2,0,12.4,0.5,1.79,Graduate,0,0.07458932522698973,Low
1,18,1,9991,0,1,133.1,1,38,38,5,5,145.0,0,0,0,1,0,1,21,0,0,5,6,4,12.25,0,0,5,8,4,11.8,0,10.8,1.4,1.74,Enrolled,0,0.08875416001729428,Low
1,17,2,9070,1,1,136.0,1,19,38,4,7,140.9,1,0,0,1,0,0,19,0,0,6,6,6,14.333333333333334,0,0,6,6,6,13.5,0,9.4,-0.8,-3.12,Graduate,0,0.036067011523024,Low
1,1,2,9773,1,1,115.0,1,34,38,0,5,108.4,1,0,0,1,0,0,20,0,0,6,10,4,10.5,0,0,6,8,4,11.75,0,7.6,2.6,0.32,Graduate,0,0.1891925116455348,Low
1,1,1,9773,1,1,116.0,1,37,37,0,5,114.3,1,0,0,1,0,0,20,0,0,4,8,0,0.0,0,0,4,8,0,0.0,0,7.6,2.6,0.32,Dropout,1,0.9457974750182991,High
1,18,5,9853,1,1,110.0,1,19,37,7,7,110.0,1,0,0,1,0,0,20,0,0,6,10,4,12.75,0,0,6,14,3,11.333333333333334,0,10.8,1.4,1.74,Enrolled,0,0.4403348739478103,Medium
1,1,1,9238,1,1,135.0,1,38,38,4,7,121.7,1,0,0,1,0,1,18,0,0,6,14,0,0.0,0,0,6,9,4,11.0,0,7.6,2.6,0.32,Enrolled,0,0.12929118149339844,Low
1,43,2,9147,1,1,131.0,1,19,37,5,9,123.7,1,0,0,1,0,0,18,0,0,5,10,1,14.0,0,0,5,10,1,14.0,0,7.6,2.6,0.32,Enrolled,0,0.2937605793738657,Low
1,1,2,9500,1,1,124.0,1,37,37,7,7,116.5,1,0,0,1,0,1,20,0,0,7,9,7,14.093333333333332,0,0,8,8,8,15.0,0,11.1,0.6,2.02,Graduate,0,0.023414787831950345,Low
1,1,1,9238,1,1,163.0,1,37,37,5,6,155.0,0,0,0,1,0,1,21,0,0,6,6,6,13.333333333333334,0,0,6,8,6,13.166666666666666,0,9.4,-0.8,-3.12,Graduate,0,0.018503309707401893,Low
1,43,1,9500,1,1,137.0,1,38,19,9,5,129.3,1,0,0,1,0,0,19,0,0,8,12,7,12.071428571428571,0,0,8,12,7,12.071428571428571,0,12.7,3.7,-1.7,Graduate,0,0.049941372450058655,Low
1,1,3,9254,1,1,128.0,1,19,1,7,9,121.7,1,0,0,1,0,1,18,0,0,6,6,6,12.666666666666666,0,0,6,6,6,12.5,0,12.4,0.5,1.79,Graduate,0,0.06516104383785462,Low
1,39,1,9085,1,1,133.1,1,37,37,9,9,148.2,1,0,1,1,0,0,27,0,0,6,11,6,12.125,0,0,6,16,5,12.0,0,12.4,0.5,1.79,Enrolled,0,0.2430792703024295,Low
1,1,2,9500,1,1,133.1,1,19,38,7,9,125.5,1,0,0,1,0,1,21,0,0,7,9,7,13.2,0,0,8,9,7,13.2575,0,15.5,2.8,-4.06,Graduate,0,0.019243880234297288,Low
1,17,4,9500,1,1,148.0,1,3,19,4,7,131.9,1,0,0,1,0,1,18,0,0,7,8,7,14.15,0,0,8,8,8,14.51125,0,15.5,2.8,-4.06,Graduate,0,0.046952400862039986,Low
1,17,1,9853,1,1,127.0,1,38,37,5,7,121.8,1,0,1,1,0,0,18,0,0,6,12,4,13.5,0,0,6,14,3,10.666666666666666,0,10.8,1.4,1.74,Enrolled,0,0.4373459770069659,Medium
1,43,1,9853,1,1,110.0,1,37,37,9,9,107.7,0,0,1,0,0,0,28,0,0,6,0,0,0.0,0,0,5,10,0,0.0,0,10.8,1.4,1.74,Dropout,1,0.9860204697093019,High
1,39,1,9556,1,1,133.1,1,44,40,2,2,115.5,0,0,0,1,0,0,36,0,0,7,13,5,12.2,0,0,7,14,3,11.4,0,11.1,0.6,2.02,Dropout,1,0.8396095279319391,High
1,1,1,9085,1,1,145.0,1,38,38,9,10,139.8,1,0,0,1,0,0,20,0,0,5,6,5,14.8,1,0,5,6,5,14.0,0,12.7,3.7,-1.7,Graduate,0,0.04226942666099951,Low
1,1,1,9238,1,1,136.0,1,38,38,0,7,133.2,1,0,0,1,0,0,19,0,0,6,8,5,11.0,0,0,6,13,5,11.4,0,7.6,2.6,0.32,Graduate,0,0.1454906495532752,Low
1,1,1,9991,0,1,131.0,1,19,37,9,9,118.4,1,0,0,1,0,0,20,0,0,5,10,0,0.0,0,0,5,10,0,0.0,3,7.6,2.6,0.32,Enrolled,0,0.501599216098672,Medium
1,17,2,9085,1,1,138.0,1,37,37,9,7,123.3,1,0,0,1,0,0,19,0,0,5,15,3,14.0,3,0,5,10,4,11.75,1,9.4,-0.8,-3.12,Enrolled,0,0.14391111522199768,Low
2,39,1,8014,0,1,150.0,1,37,38,3,7,134.5,0,0,0,1,0,0,28,0,0,6,8,5,11.833333333333334,0,0,6,6,6,13.0,0,16.2,0.3,-0.92,Graduate,0,0.05530163057977335,Low
1,1,1,9670,1,1,112.0,1,37,1,7,0,110.6,0,0,0,1,0,0,20,0,0,5,7,4,11.75,0,0,5,7,5,11.8,1,7.6,2.6,0.32,Graduate,0,0.20071111049613238,Low
1,42,1,9254,1,1,154.0,1,38,37,1,1,154.0,1,0,0,1,0,0,28,0,8,14,22,12,12.333333333333334,0,3,12,20,8,12.0,0,9.4,-0.8,-3.12,Graduate,0,0.2507336197067229,Low
1,43,1,9991,0,39,160.0,1,37,37,9,9,160.0,0,0,0,1,0,0,24,0,3,10,16,3,11.666666666666666,0,3,10,24,6,11.833333333333334,0,9.4,-0.8,-3.12,Dropout,1,0.753776653336022,High
1,44,1,9085,1,39,140.0,1,1,39,3,9,140.0,1,0,0,1,0,0,20,0,1,6,9,6,12.666666666666666,0,1,6,10,4,11.5,0,13.9,-0.3,0.79,Enrolled,0,0.13116976748684694,Low
1,17,2,9853,1,1,150.0,1,37,37,5,6,132.5,1,0,0,1,0,0,22,0,0,6,9,4,12.25,0,0,6,8,5,11.6,0,10.8,1.4,1.74,Enrolled,0,0.21539689936118311,Low
1,17,2,9254,1,1,141.0,1,1,4,4,4,127.7,0,0,0,1,0,1,18,0,0,6,7,6,11.285714285714286,0,0,6,9,4,13.5,0,16.2,0.3,-0.92,Graduate,0,0.12654410967156265,Low
1,1,5,9147,1,1,122.0,1,38,38,9,9,117.5,1,0,1,0,0,0,22,0,0,5,12,2,11.5,0,0,5,12,0,0.0,0,12.7,3.7,-1.7,Dropout,1,0.9548622636678155,High
1,1,5,9254,1,1,120.0,1,37,37,9,7,127.0,1,0,0,1,0,1,18,0,0,6,10,6,11.666666666666666,0,0,6,10,4,12.25,0,9.4,-0.8,-3.12,Graduate,0,0.17531103473872411,Low
1,1,1,9500,1,1,139.0,1,19,37,5,5,125.5,0,0,0,1,0,1,21,0,0,8,8,7,13.514285714285714,0,0,8,8,7,13.514285714285714,0,12.7,3.7,-1.7,Graduate,0,0.016043404856407817,Low
1,17,6,9773,1,1,138.0,1,1,1,4,2,140.5,1,0,0,1,0,0,19,0,0,6,7,6,13.0,0,0,6,9,6,13.714285714285714,0,7.6,2.6,0.32,Graduate,0,0.10624754127941197,Low
1,5,1,9853,1,1,119.0,1,1,38,5,8,118.3,1,0,0,1,0,0,22,0,0,6,11,3,15.0,0,0,6,11,4,10.25,0,9.4,-0.8,-3.12,Enrolled,0,0.2958072627504576,Low
1,1,1,9500,1,1,129.0,1,38,38,5,5,120.8,1,0,0,1,0,1,20,0,0,8,8,7,12.744285714285716,0,0,8,8,7,12.744285714285716,0,10.8,1.4,1.74,Graduate,0,0.012833326224734402,Low
1,1,1,9147,1,1,133.1,1,37,37,191,154,95.0,0,0,0,1,0,0,20,0,0,5,10,4,11.75,0,0,5,8,5,11.8,0,11.1,0.6,2.02,Graduate,0,0.0582902504458859,Low
1,17,1,8014,0,1,125.0,1,37,37,5,6,122.2,1,0,1,1,0,0,19,0,0,6,6,6,12.166666666666666,0,0,6,7,6,11.666666666666666,0,10.8,1.4,1.74,Graduate,0,0.06781835955212219,Low
1,17,1,171,1,1,125.0,1,1,1,7,3,143.9,1,0,0,1,0,0,20,0,0,0,0,0,0.0,0,0,0,0,0,0.0,0,15.5,2.8,-4.06,Enrolled,0,0.2606363885221664,Low
1,1,2,9070,1,1,137.0,1,19,38,9,9,127.2,1,0,0,1,0,1,20,0,1,6,9,5,13.4,1,0,6,9,6,12.375,0,13.9,-0.3,0.79,Graduate,0,0.0682359629062393,Low
1,1,1,9238,1,1,123.0,1,34,38,0,7,120.2,1,0,0,1,0,0,20,0,0,6,9,5,11.8,0,0,6,10,4,11.5,0,7.6,2.6,0.32,Dropout,1,0.5801602674210603,Medium
1,1,3,9500,1,1,154.0,1,1,37,4,9,134.8,1,0,0,1,0,0,19,0,0,7,7,6,13.533333333333331,0,0,7,7,6,13.533333333333331,0,7.6,2.6,0.32,Graduate,0,0.037593299261980934,Low
1,1,1,9254,1,1,144.0,1,19,19,9,9,142.6,1,0,0,1,0,1,18,0,0,6,7,6,14.166666666666666,0,0,6,10,4,14.0,0,15.5,2.8,-4.06,Graduate,0,0.1748675088963709,Low
1,1,1,9500,1,1,153.0,1,38,37,7,8,147.9,0,0,0,1,0,1,18,0,0,7,7,7,14.652857142857142,0,0,8,9,8,14.755555555555556,0,12.4,0.5,1.79,Graduate,0,0.024253166548942707,Low
1,1,1,171,1,1,152.0,1,1,38,4,9,160.4,1,0,0,0,0,0,19,0,0,0,0,0,0.0,0,0,0,0,0,0.0,0,7.6,2.6,0.32,Dropout,1,0.4697708724024513,Medium
1,1,1,9147,1,1,150.0,103,37,37,9,9,134.6,0,0,0,1,1,0,20,1,0,5,5,5,13.6,0,0,5,7,5,13.0,0,9.4,-0.8,-3.12,Graduate,0,0.05315290245598299,Low
1,1,1,9254,1,1,129.0,1,19,1,3,7,121.0,0,0,0,1,0,1,22,0,0,6,9,6,12.833333333333334,0,0,6,6,4,13.25,0,16.2,0.3,-0.92,Graduate,0,0.08224755673036904,Low
1,1,1,9238,1,1,150.0,1,19,37,5,4,142.7,1,0,0,1,0,1,18,0,0,6,6,6,14.666666666666666,0,0,6,6,6,15.166666666666666,0,9.4,-0.8,-3.12,Graduate,0,0.030142674420858905,Low
1,17,2,9773,1,1,125.0,1,1,1,4,8,115.6,1,0,0,1,0,0,19,0,0,6,6,6,13.333333333333334,0,0,6,6,6,14.666666666666666,0,12.4,0.5,1.79,Graduate,0,0.06610065657610886,Low
1,1,1,9238,1,1,133.1,1,19,37,9,9,130.0,0,0,0,0,0,1,20,0,0,6,10,5,13.4,0,0,6,9,5,11.4,0,10.8,1.4,1.74,Graduate,0,0.19387869019274337,Low
1,1,2,9500,1,1,140.0,1,38,37,5,6,124.3,1,0,0,1,0,1,19,0,0,7,9,7,13.3125,0,0,8,8,8,15.6375,0,13.9,-0.3,0.79,Graduate,0,0.05564421412598759,Low
1,1,1,171,1,1,140.0,1,19,37,5,6,137.9,1,0,1,0,0,0,18,0,0,0,0,0,0.0,0,0,0,0,0,0.0,0,8.9,1.4,3.51,Dropout,1,0.6716825304654437,High
1,1,6,9773,1,1,133.1,1,1,37,3,3,100.0,1,0,1,0,0,0,20,0,0,4,4,0,0.0,0,0,5,5,0,0.0,0,12.4,0.5,1.79,Dropout,1,0.9861278623295219,High
1,1,2,9773,1,1,132.0,1,1,2,9,3,128.2,1,0,0,1,0,1,19,0,0,6,7,6,12.333333333333334,0,0,6,6,6,13.5,0,9.4,-0.8,-3.12,Graduate,0,0.08941230188877508,Low
1,17,3,9773,1,1,135.0,1,1,19,5,7,135.0,0,0,0,1,0,0,18,0,0,6,6,6,13.5,0,0,6,6,6,13.333333333333334,0,12.4,0.5,1.79,Enrolled,0,0.10769493736523351,Low
1,16,4,9238,1,1,135.0,1,37,37,9,9,121.0,1,0,0,1,0,0,18,0,0,6,8,5,13.0,0,0,6,7,6,11.833333333333334,0,10.8,1.4,1.74,Graduate,0,0.06332694882812996,Low
1,1,1,9670,1,1,133.1,1,34,38,0,4,147.0,0,0,0,1,0,0,22,0,0,5,6,2,12.5,0,0,5,5,0,0.0,0,9.4,-0.8,-3.12,Dropout,1,0.8142482036711959,High
1,1,1,9238,1,1,168.0,1,37,37,9,9,149.5,0,0,0,1,0,0,18,0,0,6,10,6,17.0,0,0,6,11,6,16.0,0,12.4,0.5,1.79,Graduate,0,0.12212400388626096,Low
1,1,1,9238,1,1,143.0,1,19,1,9,9,144.4,1,0,0,1,0,0,20,0,0,6,7,6,13.5,0,0,6,6,6,13.0,0,10.8,1.4,1.74,Graduate,0,0.05731899337590975,Low
1,17,2,9254,1,1,116.0,1,19,38,5,5,116.0,1,0,0,1,0,0,19,0,0,6,7,6,12.714285714285714,0,0,6,6,6,11.833333333333334,0,8.9,1.4,3.51,Graduate,0,0.03439372211181113,Low
1,43,1,9500,1,1,134.0,1,38,19,5,8,120.7,0,0,0,1,0,1,19,0,0,7,9,6,13.0,0,0,8,11,8,13.927272727272726,0,16.2,0.3,-0.92,Graduate,0,0.052840092435134794,Low
1,44,1,9238,1,39,140.0,1,38,19,5,0,141.8,0,0,0,1,0,0,21,0,3,6,7,6,12.571428571428571,0,2,6,6,6,13.5,0,12.4,0.5,1.79,Graduate,0,0.055410482790890954,Low
1,17,2,8014,0,1,133.0,1,19,1,5,5,119.7,1,0,0,1,0,1,19,0,0,6,10,4,11.5,0,0,6,11,6,11.5,0,9.4,-0.8,-3.12,Dropout,1,0.1563527393901475,Low
1,1,6,9238,1,1,125.0,1,38,1,7,4,118.4,1,0,0,1,0,1,19,0,0,6,6,6,13.5,0,0,6,7,6,13.285714285714286,0,11.1,0.6,2.02,Graduate,0,0.04461637105790599,Low
2,39,1,8014,0,1,133.1,1,37,37,5,4,134.5,0,0,0,1,0,0,45,0,0,6,8,5,13.6,0,0,6,7,5,13.0,0,15.5,2.8,-4.06,Enrolled,0,0.09118924181972062,Low
2,39,1,9085,1,1,133.1,1,36,36,99,5,128.2,0,0,0,0,0,1,28,0,0,5,14,1,12.0,3,0,5,5,0,0.0,5,9.4,-0.8,-3.12,Dropout,1,0.9387243620350438,High
2,43,1,9500,1,1,137.0,1,3,3,2,2,115.0,0,0,0,1,0,0,28,0,0,7,8,7,14.95,0,0,8,8,8,14.7375,0,13.9,-0.3,0.79,Graduate,0,0.07617557439392908,Low
1,39,1,9991,0,1,140.0,1,38,19,9,5,130.0,0,0,1,1,0,0,25,0,0,5,10,4,11.25,0,0,5,9,4,12.0,0,12.7,3.7,-1.7,Enrolled,0,0.24043454515028476,Low
1,43,1,9670,1,1,134.0,1,1,38,4,4,120.7,0,0,1,0,0,0,19,0,0,6,13,3,10.666666666666666,0,0,6,6,4,12.25,0,15.5,2.8,-4.06,Dropout,1,0.9360935011029626,High
1,1,5,9500,1,1,139.0,1,38,38,9,5,130.5,1,0,0,1,0,0,19,0,0,8,8,7,14.992857142857142,0,0,8,8,7,14.992857142857142,0,10.8,1.4,1.74,Graduate,0,0.0400148696611549,Low
1,1,2,9147,1,1,113.0,1,38,38,9,5,107.4,1,0,0,1,1,0,20,0,0,5,12,3,10.5,0,0,5,10,4,11.25,0,12.4,0.5,1.79,Enrolled,0,0.18492735686970552,Low
1,1,3,9238,1,1,133.1,1,1,1,9,9,100.0,1,0,0,1,1,0,22,0,0,6,6,4,11.25,0,0,6,7,3,11.0,0,8.9,1.4,3.51,Enrolled,0,0.5106869445898319,Medium
1,43,1,9773,1,1,132.0,1,38,19,9,9,125.0,1,0,0,1,1,1,20,0,0,6,6,6,12.333333333333334,0,0,6,7,6,14.0,0,12.4,0.5,1.79,Graduate,0,0.060472715594538456,Low
1,1,4,9500,1,1,127.0,1,19,37,7,7,121.5,1,0,0,1,1,0,20,0,0,7,7,6,13.016666666666666,0,0,7,7,6,13.016666666666666,0,7.6,2.6,0.32,Enrolled,0,0.024412163858564827,Low
1,1,1,9085,1,1,123.0,1,38,19,4,90,127.2,0,0,1,0,1,0,20,0,0,5,7,3,11.333333333333334,0,0,5,8,2,11.5,0,7.6,2.6,0.32,Dropout,1,0.926583156624638,High
1,39,1,9085,1,40,130.0,1,3,2,3,2,160.0,1,0,0,1,0,0,27,0,0,6,7,6,16.142857142857142,0,0,6,7,6,14.666666666666666,0,13.9,-0.3,0.79,Graduate,0,0.15112948027345754,Low
1,51,1,9085,1,1,125.0,1,1,1,9,4,120.0,0,0,0,1,0,0,22,0,0,6,8,6,14.833333333333334,0,0,6,10,5,13.833333333333334,0,11.1,0.6,2.02,Graduate,0,0.08872831859240768,Low
1,1,3,9500,1,1,140.0,1,37,37,9,9,141.5,1,0,1,0,0,0,19,0,0,8,8,7,13.327142857142857,0,0,8,8,7,13.327142857142857,0,10.8,1.4,1.74,Dropout,1,0.7654263835374503,High
1,17,1,9238,1,1,111.0,1,19,38,3,3,111.4,1,0,0,0,0,0,19,0,0,6,13,4,11.0,0,0,6,13,2,11.5,0,12.7,3.7,-1.7,Dropout,1,0.7877500001260519,High
1,1,1,9070,1,1,132.0,1,4,39,2,2,136.6,1,0,0,1,0,0,18,0,1,6,10,6,11.714285714285714,1,0,6,15,6,10.375,0,13.9,-0.3,0.79,Enrolled,0,0.15298292297712693,Low
1,1,1,171,1,1,150.0,1,3,3,2,5,154.6,1,0,0,1,0,0,19,0,6,12,13,12,12.333333333333334,0,4,11,12,10,12.727272727272728,0,8.9,1.4,3.51,Dropout,1,0.1339273165143627,Low
1,18,4,9853,1,1,118.0,1,19,37,9,6,111.4,1,0,1,0,0,0,20,0,0,7,9,0,0.0,0,0,6,6,0,0.0,0,11.1,0.6,2.02,Dropout,1,0.9830079572195711,High
2,43,1,9991,0,1,150.0,1,38,19,3,3,120.1,0,0,0,0,0,0,39,0,11,15,15,12,11.916666666666666,0,8,13,14,8,11.25,0,10.8,1.4,1.74,Dropout,1,0.6087839805377792,High
2,39,2,8014,0,19,100.0,1,37,37,4,7,100.0,0,0,1,1,0,0,37,0,0,6,9,6,11.833333333333334,0,0,6,7,6,11.0,0,7.6,2.6,0.32,Graduate,0,0.09615803605593706,Low
2,39,1,9500,1,3,130.0,1,1,1,4,6,140.0,0,0,1,0,0,0,30,0,3,7,11,3,12.333333333333334,0,3,7,9,3,11.666666666666666,0,13.9,-0.3,0.79,Dropout,1,0.9578223461059423,High
2,43,1,9991,0,3,130.0,1,37,37,9,9,130.0,0,0,0,1,0,0,41,0,5,10,11,10,14.3,0,5,10,10,10,14.2,0,12.7,3.7,-1.7,Graduate,0,0.07655163341207546,Low
4,39,1,9500,1,19,133.1,1,37,37,5,7,100.0,0,0,0,0,0,0,40,0,0,8,11,5,11.832,4,0,8,11,5,11.832,4,9.4,-0.8,-3.12,Dropout,1,0.8837371299823306,High
1,1,1,9147,1,1,112.0,1,9,22,4,3,106.1,0,0,0,1,0,0,20,0,0,5,13,2,10.0,1,0,5,10,0,0.0,0,9.4,-0.8,-3.12,Dropout,1,0.8984728902351713,High
2,1,1,9991,0,1,144.0,1,19,19,9,9,151.4,0,0,0,1,0,0,28,0,0,5,5,5,12.0,0,0,5,6,5,11.6,0,7.6,2.6,0.32,Graduate,0,0.04669874334270754,Low
1,18,2,9853,1,1,120.0,1,19,37,9,4,113.7,1,0,1,0,0,0,19,0,0,7,11,5,12.2,0,0,7,13,0,0.0,0,12.4,0.5,1.79,Dropout,1,0.9796964403208981,High
1,1,1,9670,1,1,121.0,1,37,37,5,9,116.5,1,0,0,1,0,0,23,0,0,5,7,3,11.333333333333334,0,0,5,5,4,11.25,0,7.6,2.6,0.32,Dropout,1,0.6435298015108687,High
1,7,1,8014,0,4,120.0,1,2,3,2,2,120.0,0,0,0,1,0,0,18,0,10,16,24,13,13.846153846153848,0,7,11,15,9,12.555555555555555,0,15.5,2.8,-4.06,Dropout,1,0.5930602788607003,Medium
1,39,1,9500,1,1,100.0,1,1,19,4,8,122.0,0,0,0,1,0,0,24,0,0,8,8,7,12.412857142857144,0,0,8,8,7,12.412857142857144,0,10.8,1.4,1.74,Graduate,0,0.03487334563560089,Low
1,17,5,9670,1,1,115.0,1,1,19,5,5,117.1,0,0,0,1,0,0,21,0,0,5,7,3,12.666666666666666,0,0,5,6,4,12.75,1,7.6,2.6,0.32,Enrolled,0,0.2105135031886142,Low
1,1,2,9500,1,1,123.0,1,19,19,7,7,120.8,1,0,0,1,0,0,19,0,0,8,11,7,12.545714285714286,0,0,8,11,7,12.545714285714286,0,10.8,1.4,1.74,Graduate,0,0.04116749048354728,Low
1,1,1,9773,1,1,134.0,1,37,19,9,10,141.4,1,0,0,1,0,0,19,0,0,6,12,3,13.0,0,0,6,13,2,14.0,0,9.4,-0.8,-3.12,Dropout,1,0.8002931107506259,High
1,39,1,9003,1,1,123.0,1,37,37,9,9,110.0,0,0,1,0,0,0,48,0,0,6,6,0,0.0,0,0,6,6,0,0.0,0,11.1,0.6,2.02,Dropout,1,0.9878798417629873,High
2,43,1,9991,0,2,120.0,1,37,37,9,9,120.0,0,0,0,0,0,0,38,0,9,12,12,9,12.22222222222222,2,9,12,12,9,13.0,0,9.4,-0.8,-3.12,Dropout,1,0.5756378156092625,Medium
1,17,1,9147,1,1,131.0,1,1,37,3,7,120.2,0,0,0,1,0,0,19,0,0,5,10,5,13.285714285714286,0,0,5,8,5,13.0,0,12.7,3.7,-1.7,Graduate,0,0.05591428222698231,Low
2,39,1,9991,0,12,133.1,1,37,1,9,4,138.4,0,0,0,1,1,0,30,0,0,5,7,3,11.666666666666666,0,0,5,8,1,11.0,0,7.6,2.6,0.32,Dropout,1,0.8229724185726736,High
1,44,1,9003,1,39,150.0,1,37,19,9,9,150.0,0,0,0,1,1,1,24,0,0,6,9,6,13.555555555555555,0,0,6,7,6,12.666666666666666,0,13.9,-0.3,0.79,Graduate,0,0.027185456103236215,Low
1,17,5,9773,1,1,134.0,1,1,19,9,5,121.8,1,0,0,1,1,0,19,0,0,6,6,6,13.166666666666666,0,0,6,8,6,12.428571428571429,0,16.2,0.3,-0.92,Graduate,0,0.09726450118803234,Low
1,44,1,171,1,39,140.0,1,1,1,9,9,140.0,0,0,0,1,1,0,21,0,0,0,0,0,0.0,0,0,0,0,0,0.0,0,15.5,2.8,-4.06,Enrolled,0,0.17628014537606934,Low
1,1,1,9254,1,1,117.0,1,1,1,5,5,116.3,1,0,0,1,1,1,21,0,0,6,6,6,11.666666666666666,0,0,6,7,5,12.2,0,10.8,1.4,1.74,Graduate,0,0.05266799151839977,Low
1,1,2,9991,0,1,143.0,1,5,1,4,4,131.5,0,0,0,1,1,0,19,0,0,5,11,4,11.0,0,0,5,8,4,12.25,0,15.5,2.8,-4.06,Dropout,1,0.26219707930370834,Low
1,17,2,9070,1,1,142.0,1,3,1,2,4,141.0,1,0,0,1,1,0,18,0,0,6,6,6,13.0,0,0,6,8,1,10.0,0,10.8,1.4,1.74,Enrolled,0,0.23217379261719065,Low
1,17,1,9070,1,1,132.0,1,37,38,9,7,138.0,0,0,0,1,1,1,18,0,0,6,6,6,13.666666666666666,0,0,6,6,6,12.0,0,12.4,0.5,1.79,Graduate,0,0.03292021011840594,Low
1,17,4,9119,1,1,138.0,1,1,3,1,4,127.5,1,0,0,1,1,0,19,0,0,5,6,5,14.6,0,0,5,5,5,15.2,0,8.9,1.4,3.51,Dropout,1,0.42737214568900694,Medium
1,1,1,9500,1,1,131.0,1,1,19,9,9,127.0,0,0,0,1,1,1,19,0,0,8,8,7,12.514285714285714,0,0,8,8,7,12.514285714285714,0,12.7,3.7,-1.7,Graduate,0,0.017286020110929532,Low
1,17,2,9085,1,1,123.0,1,3,19,2,9,118.9,0,0,0,1,1,0,18,0,0,5,5,3,14.0,0,0,5,7,3,12.666666666666666,0,7.6,2.6,0.32,Enrolled,0,0.19832078470875236,Low
1,1,1,9254,1,1,131.0,1,37,19,9,9,134.5,1,0,0,1,1,0,25,0,0,6,8,6,13.166666666666666,0,0,6,8,5,12.6,0,7.6,2.6,0.32,Enrolled,0,0.06408380287727436,Low
1,17,1,9119,1,1,141.0,1,37,1,9,2,133.0,1,0,0,1,1,0,18,0,0,5,10,4,13.0,0,0,5,10,3,12.333333333333334,3,7.6,2.6,0.32,Enrolled,0,0.22672154907044348,Low
5,39,1,9147,1,1,133.1,1,1,19,4,7,114.0,0,0,0,0,1,0,29,0,0,5,5,1,13.0,0,0,5,5,0,0.0,0,8.9,1.4,3.51,Dropout,1,0.9260772202858762,High
1,17,1,9119,1,1,116.0,1,19,37,90,5,116.7,1,0,0,1,1,0,21,0,0,5,10,1,10.0,0,0,5,8,3,13.666666666666666,3,7.6,2.6,0.32,Dropout,1,0.7403601950037589,High
1,1,3,9773,1,1,123.0,1,1,1,4,7,125.1,1,0,1,1,1,1,18,0,0,6,6,6,14.333333333333334,0,0,6,6,6,15.333333333333334,0,11.1,0.6,2.02,Graduate,0,0.1552215763902359,Low
1,17,1,9254,1,1,133.0,1,19,1,9,9,137.2,0,0,0,1,1,1,20,0,0,6,6,0,0.0,0,0,6,12,0,0.0,0,10.8,1.4,1.74,Dropout,1,0.9727839924243665,High
1,39,1,9991,0,1,133.1,1,19,37,9,7,111.4,0,0,0,1,1,0,27,0,0,5,7,1,11.0,0,0,5,7,0,0.0,0,13.9,-0.3,0.79,Dropout,1,0.9894187090231557,High
1,1,1,9085,1,1,133.1,1,3,1,4,9,105.0,1,0,0,1,1,0,21,0,0,6,15,3,11.25,0,0,6,9,0,0.0,0,12.4,0.5,1.79,Enrolled,0,0.5265467618306843,Medium
1,18,2,9147,1,1,140.0,1,37,37,5,9,124.3,1,0,0,1,1,0,20,0,0,5,7,4,10.75,0,0,5,12,3,10.571428571428571,0,10.8,1.4,1.74,Dropout,1,0.7128185934035293,High
1,39,1,9147,1,19,100.0,1,38,19,7,9,132.0,0,0,1,0,1,0,28,0,0,5,7,1,11.0,0,0,5,9,0,0.0,0,10.8,1.4,1.74,Dropout,1,0.9389568061993915,High
1,39,2,9556,1,1,130.0,1,37,19,9,8,110.0,0,0,0,1,1,1,24,0,0,7,13,6,10.857142857142858,0,0,7,7,7,11.857142857142858,0,12.7,3.7,-1.7,Enrolled,0,0.15067012204677105,Low
1,1,5,9147,1,1,134.0,1,3,2,2,2,134.7,0,0,0,1,1,0,22,0,1,5,10,4,11.75,0,0,5,10,3,11.0,0,7.6,2.6,0.32,Enrolled,0,0.2531474356627184,Low
1,1,1,9085,1,1,134.0,1,37,19,9,9,136.8,1,0,0,1,1,0,20,0,0,5,8,5,12.8,0,0,5,9,4,13.666666666666666,1,10.8,1.4,1.74,Graduate,0,0.22760494034673698,Low
1,44,1,9085,1,39,160.0,1,1,1,4,4,160.0,0,0,0,1,1,0,21,0,1,5,15,3,12.333333333333334,2,0,5,7,5,11.4,0,9.4,-0.8,-3.12,Graduate,0,0.13148684275684383,Low
1,44,1,9003,1,39,130.0,1,1,3,9,2,130.0,1,0,1,0,1,0,23,0,0,6,12,2,11.333333333333334,0,0,6,8,2,13.0,0,13.9,-0.3,0.79,Dropout,1,0.8319811099248674,High
1,1,1,9238,1,1,141.0,1,19,1,7,3,128.8,1,0,0,1,1,0,18,0,0,6,10,5,11.6,0,0,6,6,6,11.166666666666666,0,10.8,1.4,1.74,Graduate,0,0.12856769186094516,Low
1,1,1,171,1,1,147.0,1,1,12,4,4,148.4,1,0,0,1,1,1,20,0,8,14,15,12,10.923076923076923,0,7,13,14,11,12.181818181818182,0,11.1,0.6,2.02,Graduate,0,0.1762877762709558,Low
1,1,1,171,1,1,137.0,1,1,38,4,5,130.4,1,0,0,1,1,0,19,0,0,0,0,0,0.0,0,0,0,0,0,0.0,0,15.5,2.8,-4.06,Graduate,0,0.1631158173162415,Low
2,39,1,9500,1,3,130.0,1,1,1,4,6,126.0,0,0,0,1,1,0,32,0,0,7,7,7,13.62857142857143,0,0,8,8,8,13.9125,0,13.9,-0.3,0.79,Graduate,0,0.13767126717477451,Low
1,1,6,9254,1,1,119.0,1,19,19,9,9,118.7,1,0,0,1,1,0,20,0,0,6,16,3,10.333333333333334,0,0,6,16,1,11.0,0,10.8,1.4,1.74,Dropout,1,0.8759995103871815,High
1,39,1,9003,1,1,130.0,1,38,37,7,7,120.0,0,0,0,1,1,0,32,0,12,18,25,18,13.736842105263158,0,10,13,15,12,13.75,1,15.5,2.8,-4.06,Graduate,0,0.09483227952516639,Low
1,39,1,9003,1,1,130.0,1,38,19,9,6,120.0,1,0,0,1,1,0,28,0,7,13,19,8,11.625,0,5,10,17,6,11.0,0,15.5,2.8,-4.06,Enrolled,0,0.22429768744536294,Low
1,44,1,9070,1,39,120.0,1,1,38,5,5,116.3,1,1,0,1,1,1,21,0,2,7,7,4,11.5,0,5,9,10,7,12.142857142857142,0,12.4,0.5,1.79,Graduate,0,0.17975913239101649,Low
1,1,1,9773,1,1,130.0,1,38,37,9,6,133.9,0,0,0,1,1,1,19,0,0,6,8,5,14.0,0,0,6,8,6,13.0,0,10.8,1.4,1.74,Graduate,0,0.10069978935068613,Low
1,39,1,9991,0,39,150.0,1,19,19,9,9,150.3,0,0,0,1,1,0,24,0,0,5,7,3,11.333333333333334,0,0,5,6,0,0.0,0,10.8,1.4,1.74,Dropout,1,0.9360938065482853,High
1,17,1,9147,1,1,120.0,1,38,38,9,8,118.3,0,0,0,1,1,0,18,0,0,5,13,1,10.0,0,0,5,5,1,10.0,0,12.7,3.7,-1.7,Dropout,1,0.7039756372064935,High
1,44,1,9003,1,39,130.0,1,1,37,6,6,130.0,1,0,0,1,1,0,20,0,0,6,14,5,11.714285714285714,0,0,6,15,5,12.0,0,16.2,0.3,-0.92,Graduate,0,0.10738361693906977,Low
1,43,1,171,1,39,140.0,1,38,37,9,7,140.0,0,0,0,0,1,0,25,0,0,0,0,0,0.0,0,0,0,0,0,0.0,0,15.5,2.8,-4.06,Dropout,1,0.7137034608107458,High
1,17,6,9147,1,1,130.0,1,37,37,9,9,110.4,1,0,0,1,1,0,25,0,13,15,15,13,10.76923076923077,0,11,14,15,12,11.833333333333334,0,7.6,2.6,0.32,Dropout,1,0.7528027499556105,High
1,17,4,9773,1,1,147.0,1,1,1,4,5,139.7,1,0,0,1,1,0,18,0,0,6,10,5,11.6,0,0,6,6,6,12.0,0,9.4,-0.8,-3.12,Dropout,1,0.49663772313351784,Medium
1,1,1,9147,1,1,148.0,1,19,1,7,5,138.3,1,0,0,1,1,0,19,0,0,5,6,4,13.75,0,0,5,5,0,0.0,0,12.4,0.5,1.79,Dropout,1,0.9243725051192491,High
1,1,5,9147,1,1,133.0,1,19,3,9,9,123.2,1,0,0,1,1,0,18,0,0,5,14,4,11.0,0,0,5,9,5,10.5,0,13.9,-0.3,0.79,Dropout,1,0.24802979761899802,Low
1,42,1,9147,1,1,135.0,1,19,1,4,4,120.0,0,0,0,0,1,0,25,0,0,5,6,0,0.0,0,0,5,5,0,0.0,0,15.5,2.8,-4.06,Dropout,1,0.9945181286296757,High
1,39,1,171,1,1,116.0,1,34,34,0,0,127.0,1,0,0,1,1,0,38,0,0,0,0,0,0.0,0,0,0,0,0,0.0,0,7.6,2.6,0.32,Dropout,1,0.8315059493526314,High
1,44,1,171,1,39,110.0,1,1,1,1,7,114.2,0,0,0,1,1,0,19,0,0,0,0,0,0.0,0,0,0,0,0,0.0,0,12.4,0.5,1.79,Dropout,1,0.5970838853295678,Medium
1,1,4,9773,1,1,133.0,1,1,19,9,9,119.7,1,0,0,1,1,0,19,0,0,6,7,6,12.333333333333334,0,0,6,10,5,13.2,0,16.2,0.3,-0.92,Graduate,0,0.07806216845398053,Low
1,44,1,9085,1,39,150.0,1,38,37,9,4,150.0,1,0,0,1,1,1,22,0,0,6,9,6,13.428571428571429,0,1,6,12,6,13.625,0,12.4,0.5,1.79,Graduate,0,0.04716281977977754,Low
1,1,6,9119,1,1,135.0,1,2,1,3,5,123.5,1,0,0,1,1,0,18,0,0,5,10,0,0.0,0,0,5,10,1,10.0,3,7.6,2.6,0.32,Enrolled,0,0.7546496643018878,High
1,7,1,9991,0,3,130.0,1,19,19,3,9,130.0,0,0,0,0,1,0,32,0,0,5,12,4,14.75,0,0,5,9,2,15.0,0,16.2,0.3,-0.92,Dropout,1,0.9191431798351357,High
1,43,1,9853,1,1,130.0,1,2,39,2,5,124.6,0,0,0,1,1,0,37,0,19,21,21,21,12.476190476190476,0,13,19,19,19,12.210526315789474,0,12.4,0.5,1.79,Graduate,0,0.14685412745067283,Low
1,17,1,9119,1,1,132.0,1,37,37,9,6,119.4,1,0,0,1,1,0,21,0,0,5,8,0,0.0,0,0,5,5,0,0.0,0,7.6,2.6,0.32,Dropout,1,0.9786353988558606,High
1,1,1,9254,1,1,125.0,1,1,3,4,1,121.9,1,0,0,1,1,0,18,0,0,6,15,3,11.666666666666666,0,0,6,14,2,12.5,0,10.8,1.4,1.74,Dropout,1,0.8630136531478553,High
1,1,3,9070,1,1,118.0,1,43,3,123,123,110.0,1,0,1,1,1,0,19,0,0,6,6,6,12.0,0,0,6,7,6,13.571428571428571,0,8.9,1.4,3.51,Graduate,0,0.07415874788509577,Low
1,17,1,9670,1,1,118.0,1,1,19,4,8,118.7,0,0,0,1,1,1,19,0,0,6,7,6,12.0,0,0,6,6,6,14.0,0,12.4,0.5,1.79,Graduate,0,0.055509903422468615,Low
1,1,1,171,1,1,161.0,41,1,1,9,7,163.1,1,0,0,0,0,0,19,1,6,12,12,12,15.25,0,4,11,12,11,15.0,0,8.9,1.4,3.51,Graduate,0,0.28064886309545667,Low
1,17,1,9773,1,1,136.0,1,19,38,9,9,121.7,1,0,0,1,1,1,19,0,0,6,9,5,12.4,0,0,6,6,6,13.166666666666666,0,12.7,3.7,-1.7,Graduate,0,0.10567942108831711,Low
1,15,1,9147,1,1,135.0,26,1,1,9,7,135.0,0,0,1,1,1,0,21,1,0,5,9,3,12.333333333333334,0,0,5,8,4,11.25,0,8.9,1.4,3.51,Enrolled,0,0.25742687848066265,Low
4,39,1,9991,0,1,147.0,1,19,19,7,8,147.9,0,0,0,1,0,0,28,0,0,5,8,4,11.5,0,0,5,7,4,12.0,0,10.8,1.4,1.74,Enrolled,0,0.23902518555108074,Low
1,1,1,9773,1,1,124.0,17,1,1,3,5,118.1,1,0,1,0,0,0,19,1,0,6,8,5,12.2,0,0,6,6,4,11.75,0,16.2,0.3,-0.92,Dropout,1,0.9187747160633937,High
1,39,1,9991,0,19,133.1,1,37,37,9,6,105.3,0,0,1,1,0,0,28,0,0,5,14,2,10.5,0,0,5,6,0,0.0,0,12.4,0.5,1.79,Dropout,1,0.9616794503382073,High
1,1,1,9500,1,1,141.0,1,19,19,7,9,139.8,0,0,0,1,0,1,19,0,0,8,8,7,14.4,0,0,8,8,7,14.4,0,12.7,3.7,-1.7,Graduate,0,0.01592801399997044,Low
2,7,1,8014,0,3,130.0,1,19,38,3,7,130.0,0,0,0,1,0,0,32,0,8,14,18,13,12.846153846153848,0,7,11,19,10,12.8,0,10.8,1.4,1.74,Graduate,0,0.10895270277774025,Low
1,39,1,8014,0,39,110.0,1,19,37,9,8,127.5,0,0,1,0,0,0,26,0,0,6,13,4,12.0,0,0,6,7,5,13.2,0,16.2,0.3,-0.92,Dropout,1,0.7414453753496973,High
2,39,1,9147,1,12,133.1,1,37,37,9,9,120.0,0,0,0,1,0,0,25,0,0,5,0,0,0.0,0,0,5,0,0,0.0,0,9.4,-0.8,-3.12,Dropout,1,0.9819359031647944,High
2,43,2,9853,1,1,130.0,1,38,31,4,1,124.2,0,0,0,1,0,0,31,0,3,7,8,6,13.666666666666666,0,1,6,8,5,13.5,0,9.4,-0.8,-3.12,Dropout,1,0.5669844576817944,Medium
1,17,1,9238,1,1,120.0,1,37,1,9,5,113.4,1,0,0,1,0,1,20,0,0,6,10,5,11.857142857142858,0,0,6,8,6,11.666666666666666,0,12.7,3.7,-1.7,Graduate,0,0.05604494403531798,Low
1,1,4,9238,1,1,133.1,1,1,37,8,9,118.0,1,0,0,1,0,0,19,0,0,6,0,0,0.0,0,0,6,0,0,0.0,0,12.7,3.7,-1.7,Dropout,1,0.9907307419420351,High
1,17,1,171,1,1,145.0,1,37,19,5,9,130.0,1,0,0,1,0,0,23,0,0,0,0,0,0.0,0,0,0,0,0,0.0,0,11.1,0.6,2.02,Dropout,1,0.9173528518811426,High
1,1,1,9238,1,1,131.0,1,37,1,9,9,135.9,1,0,0,1,0,0,18,0,0,6,8,5,13.2,0,0,6,6,6,11.333333333333334,0,9.4,-0.8,-3.12,Graduate,0,0.0656107049129794,Low
1,1,2,9238,1,1,147.0,1,19,38,9,8,135.8,1,0,0,1,0,1,19,0,0,6,8,6,12.714285714285714,0,0,6,12,5,11.0,0,13.9,-0.3,0.79,Dropout,1,0.337470084731016,Medium
1,1,1,9254,1,1,138.0,1,38,19,9,10,133.1,0,0,0,1,0,0,18,0,0,6,6,6,12.5,0,0,6,6,6,12.666666666666666,0,15.5,2.8,-4.06,Graduate,0,0.04036856880002642,Low
1,1,1,9147,1,1,123.0,1,1,1,4,6,118.8,1,0,0,1,0,0,21,0,0,5,9,3,10.666666666666666,0,0,5,13,2,12.5,0,7.6,2.6,0.32,Enrolled,0,0.3525277317158263,Medium
1,1,2,9773,1,1,129.0,1,37,37,9,7,117.1,1,0,0,1,0,0,20,0,0,6,12,1,17.0,0,0,6,12,1,17.0,0,9.4,-0.8,-3.12,Enrolled,0,0.6369217278338664,High
1,1,1,9085,1,1,125.0,1,1,19,4,9,114.5,1,0,0,1,0,0,24,0,0,5,6,5,13.0,1,0,5,9,4,13.25,0,12.7,3.7,-1.7,Graduate,0,0.23257536914830926,Low
1,1,1,9670,1,1,131.0,1,37,37,9,6,127.2,0,0,0,1,0,1,18,0,0,5,7,3,12.666666666666666,0,0,5,5,4,12.5,0,9.4,-0.8,-3.12,Enrolled,0,0.17824335641481373,Low
1,42,1,9500,1,1,100.0,1,3,37,2,6,130.0,1,0,0,1,0,0,25,0,0,14,14,12,13.291666666666666,1,0,14,14,12,13.291666666666666,1,7.6,2.6,0.32,Graduate,0,0.1188795392173396,Low
1,17,1,9085,1,1,120.0,1,2,3,2,2,116.1,0,0,0,1,0,0,20,0,0,5,12,3,11.666666666666666,2,0,5,11,4,11.5,1,9.4,-0.8,-3.12,Graduate,0,0.1521437347096055,Low
1,17,2,9500,1,1,145.0,1,19,37,5,9,130.5,1,0,0,1,0,0,18,0,0,8,8,7,14.24,0,0,8,8,7,14.24,0,10.8,1.4,1.74,Graduate,0,0.04537318566592494,Low
1,39,1,9670,1,1,120.0,1,34,34,0,0,104.0,1,0,0,1,0,0,24,0,0,5,10,3,13.0,0,0,5,11,3,11.333333333333334,0,7.6,2.6,0.32,Dropout,1,0.7546737866619302,High
1,17,2,9500,1,1,140.0,1,1,1,5,10,128.5,1,0,0,1,0,0,18,0,0,7,9,5,14.06,0,0,7,9,6,12.571428571428571,0,12.4,0.5,1.79,Enrolled,0,0.1667207455704689,Low
1,17,5,9238,1,1,134.0,1,38,37,9,9,126.0,0,0,1,0,0,0,21,0,0,6,10,5,11.833333333333334,0,0,6,10,5,13.2,0,13.9,-0.3,0.79,Dropout,1,0.8302000273358521,High
1,1,1,9773,1,1,140.0,1,1,19,5,10,141.1,1,0,0,1,0,0,18,0,0,6,6,6,12.833333333333334,0,0,6,6,6,13.333333333333334,0,9.4,-0.8,-3.12,Graduate,0,0.0906013035346714,Low
1,17,2,9254,1,1,107.0,1,12,19,5,5,102.8,1,0,0,1,0,0,20,0,0,6,16,1,10.0,0,0,6,12,0,0.0,0,10.8,1.4,1.74,Dropout,1,0.960994472048789,High
1,17,5,9147,1,1,133.0,1,1,1,4,4,129.2,1,0,0,1,0,0,19,0,0,5,9,2,11.0,0,0,5,12,2,10.0,0,7.6,2.6,0.32,Dropout,1,0.7764875420611707,High
1,1,1,9500,1,1,127.0,1,3,1,2,9,119.3,1,0,0,1,0,0,20,0,0,7,7,7,14.105714285714289,0,0,8,8,8,13.6625,0,11.1,0.6,2.02,Graduate,0,0.03574615460623894,Low
1,1,5,9500,1,1,141.0,1,38,19,9,6,126.3,1,0,0,1,0,0,20,0,0,8,12,7,12.471428571428572,0,0,8,12,7,12.471428571428572,0,12.7,3.7,-1.7,Graduate,0,0.05132590891400271,Low
1,44,1,9085,1,39,140.0,1,3,1,4,3,140.0,1,0,0,1,0,1,20,0,2,6,11,6,11.833333333333334,0,1,6,17,5,11.857142857142858,0,12.4,0.5,1.79,Graduate,0,0.07924492440387228,Low
1,1,3,9070,1,1,150.0,1,1,1,4,8,131.5,1,0,0,1,0,0,20,0,0,6,6,6,12.5,0,0,6,6,6,12.833333333333334,0,7.6,2.6,0.32,Graduate,0,0.0516652371893744,Low
1,1,6,9853,1,1,140.0,1,38,38,9,7,137.6,1,0,0,1,0,0,18,0,0,6,7,6,11.666666666666666,0,0,6,7,6,12.333333333333334,0,10.8,1.4,1.74,Dropout,1,0.41539566569993575,Medium
1,1,1,171,1,1,141.0,1,3,1,4,4,142.8,1,0,0,1,0,0,18,0,0,0,0,0,0.0,0,0,0,0,0,0.0,0,12.4,0.5,1.79,Graduate,0,0.06968152680895472,Low
4,39,1,9991,0,1,150.0,1,37,38,9,9,146.2,0,0,0,1,0,0,30,0,0,5,11,3,10.333333333333334,0,0,5,10,4,12.8,0,12.4,0.5,1.79,Enrolled,0,0.4237632445635161,Medium
1,1,2,9085,1,1,160.0,1,4,19,2,5,162.1,1,0,0,1,0,0,18,0,0,5,8,5,16.166666666666668,2,0,5,9,5,14.285714285714286,1,9.4,-0.8,-3.12,Graduate,0,0.11176457668473698,Low
1,39,1,9085,1,19,133.1,1,37,37,4,8,140.0,0,0,0,1,0,0,35,0,0,6,11,3,12.666666666666666,0,0,6,7,0,0.0,0,11.1,0.6,2.02,Dropout,1,0.950242878700164,High
1,39,1,8014,0,1,133.1,1,19,37,7,8,120.0,0,0,1,0,0,0,31,0,0,6,14,2,10.5,0,0,6,6,3,12.333333333333334,0,11.1,0.6,2.02,Dropout,1,0.8909547995224345,High
1,43,1,9254,1,1,134.0,1,37,37,9,9,133.3,1,0,1,1,0,0,19,0,0,6,13,2,11.5,0,0,6,13,1,11.0,0,7.6,2.6,0.32,Dropout,1,0.9187317010970404,High
1,1,4,9238,1,1,130.0,1,1,19,4,5,124.8,1,0,0,1,0,0,19,0,0,6,6,6,13.0,0,0,6,8,5,13.4,0,8.9,1.4,3.51,Graduate,0,0.07722218284820573,Low
1,17,4,9500,1,1,140.0,1,19,37,4,8,133.3,1,0,0,1,0,0,19,0,0,7,7,6,11.966666666666669,0,0,7,7,6,11.966666666666669,0,7.6,2.6,0.32,Graduate,0,0.04756988668984065,Low
1,17,1,9500,1,1,145.0,1,3,3,2,3,141.8,0,0,0,1,0,0,19,0,0,8,8,8,13.3475,0,0,8,8,8,13.3475,0,9.4,-0.8,-3.12,Graduate,0,0.04837348302624615,Low
1,1,3,9085,1,1,133.0,1,1,38,9,90,128.2,0,0,0,1,0,0,21,0,0,5,7,5,12.0,0,0,5,7,4,12.5,0,7.6,2.6,0.32,Graduate,0,0.040673854685219585,Low
1,17,3,9853,1,1,133.1,1,34,34,0,0,115.0,0,0,0,1,0,0,18,0,0,6,10,2,10.5,0,0,6,13,0,0.0,0,7.6,2.6,0.32,Dropout,1,0.9656543351393435,High
1,17,1,9238,1,1,132.0,1,37,37,9,9,123.6,1,0,0,1,0,0,18,0,0,6,9,4,11.5,0,0,6,10,4,10.75,0,7.6,2.6,0.32,Enrolled,0,0.4217713637068025,Medium
1,1,2,171,1,1,117.0,1,38,38,4,9,120.2,1,0,0,1,1,0,19,0,0,0,0,0,0.0,0,0,0,0,0,0.0,0,7.6,2.6,0.32,Graduate,0,0.22102863993454613,Low
1,1,1,9670,1,1,127.0,1,3,19,3,9,127.0,1,0,0,1,1,0,18,0,0,6,9,6,13.571428571428571,0,0,6,11,4,14.0,0,12.4,0.5,1.79,Graduate,0,0.24468323106470669,Low
1,17,1,9085,1,1,134.0,1,19,19,1,1,120.4,1,0,0,1,1,0,18,0,0,6,10,6,14.7,0,0,6,10,6,12.0,0,16.2,0.3,-0.92,Graduate,0,0.11065838607898262,Low
1,39,1,9991,0,1,120.0,1,37,37,9,9,120.0,1,0,0,0,1,0,25,0,0,5,5,0,0.0,0,0,5,5,0,0.0,0,9.4,-0.8,-3.12,Dropout,1,0.9653369107191533,High
1,1,1,9500,1,1,136.0,1,2,2,3,3,120.0,1,0,0,1,1,0,18,0,0,7,8,6,11.833333333333334,0,0,7,8,6,11.833333333333334,0,7.6,2.6,0.32,Enrolled,0,0.05577611022751121,Low
1,1,3,171,1,1,137.0,1,1,3,5,2,133.9,1,0,0,1,1,0,19,0,0,0,0,0,0.0,0,0,0,0,0,0.0,0,12.7,3.7,-1.7,Graduate,0,0.20132801391992117,Low
1,1,6,9500,1,1,118.0,1,38,19,3,3,113.5,1,0,0,1,1,0,18,0,0,7,7,7,13.175714285714289,0,0,8,8,8,14.925,0,12.4,0.5,1.79,Graduate,0,0.05111540723643662,Low
1,39,1,9003,1,1,130.0,1,12,12,9,9,126.1,0,0,0,1,1,0,24,0,0,6,7,0,0.0,0,0,6,10,0,0.0,0,12.4,0.5,1.79,Dropout,1,0.9851711340969685,High
1,1,1,9238,1,1,124.0,1,37,37,7,9,121.2,0,0,0,1,0,0,19,0,0,6,12,2,13.0,0,0,6,9,6,10.833333333333334,0,7.6,2.6,0.32,Enrolled,0,0.12408766256110287,Low
5,7,1,9500,1,40,150.0,1,37,37,4,9,150.0,0,0,0,1,0,0,29,0,1,8,11,7,13.742857142857144,0,1,8,11,7,13.742857142857144,0,12.7,3.7,-1.7,Graduate,0,0.06306952160827181,Low
1,43,1,9991,0,1,161.0,1,37,37,9,9,100.0,1,0,0,1,0,0,27,0,0,5,5,0,0.0,0,0,5,5,0,0.0,0,7.6,2.6,0.32,Dropout,1,0.9086591793164954,High
1,17,6,9500,1,1,143.0,1,38,1,9,10,127.3,1,0,0,1,0,0,18,0,0,7,8,7,12.217142857142855,0,0,8,11,7,12.11875,0,11.1,0.6,2.02,Graduate,0,0.13987454898672153,Low
2,43,1,9991,0,1,130.0,1,37,37,9,9,103.8,0,0,0,1,0,0,28,0,14,15,15,14,11.071428571428571,0,12,14,16,12,11.333333333333334,1,9.4,-0.8,-3.12,Dropout,1,0.5295130351262206,Medium
2,39,1,9853,1,19,133.1,1,37,37,9,9,131.0,0,0,0,1,0,1,32,0,0,7,10,7,13.428571428571429,0,2,8,8,8,13.25,0,13.9,-0.3,0.79,Graduate,0,0.055647868943854206,Low
1,39,1,9991,0,1,110.0,1,37,37,7,7,133.9,0,0,0,1,0,0,30,0,0,5,7,5,11.4,0,0,5,6,5,13.666666666666666,0,10.8,1.4,1.74,Dropout,1,0.4549624800128431,Medium
1,7,1,9500,1,2,140.0,1,38,37,7,8,140.0,0,0,0,1,0,0,29,0,0,8,14,4,11.325,1,0,8,14,4,11.325,1,12.7,3.7,-1.7,Dropout,1,0.8549504695817437,High
1,1,2,9238,1,1,145.0,1,1,19,4,8,121.4,0,0,0,1,0,0,20,0,0,6,13,0,0.0,0,0,5,11,0,0.0,0,9.4,-0.8,-3.12,Enrolled,0,0.4173882964660379,Medium
1,1,1,9500,1,1,131.0,1,1,1,9,9,122.0,0,0,0,1,0,0,19,0,0,8,8,7,15.0,0,0,8,8,7,15.0,0,12.7,3.7,-1.7,Graduate,0,0.023494916100165707,Low
1,39,2,8014,0,1,141.0,1,37,37,9,9,150.5,0,0,0,1,0,0,29,0,0,6,7,6,13.166666666666666,0,0,6,8,6,15.625,0,12.4,0.5,1.79,Graduate,0,0.06045455061333975,Low
2,1,1,9238,1,1,145.0,1,37,34,9,7,139.4,0,0,0,0,0,0,27,0,0,6,12,2,11.0,0,0,6,14,4,10.5,0,9.4,-0.8,-3.12,Dropout,1,0.9214913629371428,High
1,1,1,9238,1,1,122.0,1,19,19,193,194,112.6,0,0,0,1,0,0,19,0,0,6,0,0,0.0,0,0,6,0,0,0.0,0,12.4,0.5,1.79,Dropout,1,0.9793466451785319,High
1,17,1,9670,1,1,118.0,1,37,38,8,7,115.2,1,0,0,1,0,1,21,0,0,5,7,3,12.333333333333334,0,0,5,5,2,12.5,0,7.6,2.6,0.32,Dropout,1,0.720816847956933,High
2,1,1,9991,0,1,150.0,1,37,37,9,9,131.8,0,0,0,0,0,0,29,0,0,5,6,4,12.25,0,0,5,6,5,10.166666666666666,0,10.8,1.4,1.74,Dropout,1,0.650659518055486,High
2,43,1,9147,1,2,120.0,1,37,37,9,9,122.8,0,0,1,0,0,0,42,0,13,13,13,13,11.923076923076923,0,12,12,12,12,12.5,0,15.5,2.8,-4.06,Dropout,1,0.8541317265572701,High
1,1,1,9238,1,1,167.0,1,19,19,9,7,156.2,0,0,0,1,0,1,18,0,0,6,6,6,14.333333333333334,0,0,6,7,6,14.142857142857142,0,15.5,2.8,-4.06,Graduate,0,0.017794094665179724,Low
1,39,1,9085,1,1,150.0,1,38,38,9,9,132.0,1,0,0,1,0,0,24,0,0,5,6,5,12.0,0,0,5,5,5,13.0,0,10.8,1.4,1.74,Graduate,0,0.04612905070346777,Low
2,7,1,9500,1,3,130.0,1,37,37,9,5,130.0,0,0,0,1,0,0,32,0,0,7,9,7,13.761111111111113,0,1,8,11,7,12.06375,0,15.5,2.8,-4.06,Enrolled,0,0.11402815226252938,Low
1,1,1,9147,1,1,151.0,1,37,1,4,10,138.4,0,0,0,1,0,0,18,0,0,5,6,4,11.25,0,0,5,8,5,11.0,0,10.8,1.4,1.74,Enrolled,0,0.13157717576053718,Low
1,39,1,9991,0,1,120.0,1,38,38,5,7,146.2,0,0,0,1,0,0,27,0,0,5,10,3,12.333333333333334,0,0,5,10,3,10.666666666666666,0,11.1,0.6,2.02,Graduate,0,0.3654990370103825,Medium
1,1,4,9500,1,1,168.0,1,38,1,9,10,166.0,1,0,0,1,0,0,18,0,0,8,8,8,14.88875,0,0,8,8,8,14.88875,0,9.4,-0.8,-3.12,Graduate,0,0.07717075299773134,Low
1,17,3,9773,1,1,153.0,1,34,34,99,99,133.1,1,0,1,1,0,1,19,0,0,6,8,6,12.166666666666666,0,0,6,8,5,12.4,0,9.4,-0.8,-3.12,Dropout,1,0.5989701716531312,Medium
1,1,2,9773,1,1,131.0,1,19,37,9,10,121.9,1,0,0,1,0,1,18,0,0,6,7,6,12.666666666666666,0,0,6,6,6,13.333333333333334,0,11.1,0.6,2.02,Graduate,0,0.0738318847523942,Low
1,5,4,9853,1,1,116.0,1,3,38,3,8,110.4,1,0,0,1,0,0,21,0,0,6,9,5,12.6,0,0,6,9,3,11.666666666666666,0,9.4,-0.8,-3.12,Enrolled,0,0.22943530269580653,Low
1,39,1,9147,1,1,160.0,1,38,38,7,9,121.4,0,1,0,1,0,1,26,0,0,5,8,4,13.0,0,0,5,10,4,12.25,2,16.2,0.3,-0.92,Graduate,0,0.14863763939112984,Low
1,1,1,9254,1,1,152.0,1,37,19,9,9,137.0,1,0,0,1,0,1,22,0,0,6,9,6,13.875,0,0,6,6,6,14.333333333333334,0,9.4,-0.8,-3.12,Graduate,0,0.034366795069549955,Low
2,39,1,9991,0,1,133.1,1,37,37,6,3,140.0,0,0,1,1,1,0,37,0,0,5,10,4,10.75,0,0,5,12,3,13.333333333333334,0,9.4,-0.8,-3.12,Dropout,1,0.8558600301557224,High
1,7,1,9085,1,3,150.0,1,19,37,90,90,140.0,0,0,0,1,1,0,24,0,3,5,10,3,14.666666666666666,1,0,5,5,0,0.0,0,7.6,2.6,0.32,Dropout,1,0.9357173271798284,High
1,18,2,9853,1,1,168.0,1,1,19,3,9,126.8,1,0,0,1,1,0,18,0,0,6,7,5,12.6,0,0,6,6,6,13.0,0,10.8,1.4,1.74,Enrolled,0,0.13466093230761259,Low
1,17,3,9500,1,1,137.0,1,1,1,4,10,124.8,1,0,0,1,1,1,19,0,0,7,11,6,12.4125,0,0,8,12,7,11.2625,0,15.5,2.8,-4.06,Graduate,0,0.04988315397852007,Low
2,39,1,9130,1,19,133.1,1,2,1,8,8,120.0,1,0,1,0,1,0,28,0,0,6,12,1,11.0,0,0,6,9,2,10.5,0,16.2,0.3,-0.92,Dropout,1,0.9650913894223487,High
1,1,4,9500,1,1,160.0,1,37,37,7,7,133.0,1,0,0,1,1,1,18,0,0,8,8,7,14.314285714285717,0,0,8,8,7,14.314285714285717,0,12.7,3.7,-1.7,Graduate,0,0.021081937570027104,Low
1,1,1,9070,1,1,145.0,1,1,38,5,7,127.5,1,0,0,1,1,0,20,0,0,6,6,4,12.0,0,0,6,8,2,11.333333333333334,0,10.8,1.4,1.74,Enrolled,0,0.2525473275193739,Low
1,1,1,9773,1,1,138.0,1,1,19,4,4,131.7,1,0,0,1,1,0,18,0,0,6,6,6,12.833333333333334,0,0,6,7,6,13.285714285714286,0,15.5,2.8,-4.06,Graduate,0,0.09927005188895424,Low
2,39,1,9773,1,1,100.0,1,37,37,9,9,133.0,0,0,0,1,1,0,47,0,0,6,8,5,11.4,0,0,6,10,6,11.666666666666666,0,12.7,3.7,-1.7,Dropout,1,0.6184029045349108,High
2,43,1,9991,0,1,140.0,1,37,37,4,1,122.7,0,0,0,1,1,0,38,0,0,5,5,5,14.6,0,0,5,6,5,14.333333333333334,0,13.9,-0.3,0.79,Graduate,0,0.05304325935894704,Low
1,1,1,9070,1,1,124.0,1,37,19,9,4,121.2,0,0,0,1,1,1,20,0,1,6,7,6,13.5,0,1,6,9,5,12.5,0,10.8,1.4,1.74,Graduate,0,0.0690118324907024,Low
1,44,1,9130,1,39,150.0,1,37,37,9,3,150.0,1,0,0,1,1,0,21,0,1,6,8,6,12.5,0,0,6,11,3,13.333333333333334,0,13.9,-0.3,0.79,Dropout,1,0.6027817437428302,High
1,43,1,9070,1,1,125.0,1,19,19,7,8,133.4,1,0,0,1,1,1,19,0,4,6,6,4,13.0,0,2,6,7,5,12.2,0,13.9,-0.3,0.79,Enrolled,0,0.12965226786903428,Low
1,43,1,33,1,1,143.0,1,37,1,9,10,121.2,1,0,0,1,1,0,25,0,5,10,13,5,11.6,0,2,8,10,2,13.0,0,12.4,0.5,1.79,Enrolled,0,0.6359535915271126,High
1,1,1,9130,1,1,137.0,1,3,38,3,5,129.3,1,0,0,1,0,0,18,0,0,5,6,5,11.8,1,0,5,8,5,11.6,0,9.4,-0.8,-3.12,Graduate,0,0.04320986578292707,Low
4,39,1,9500,1,19,133.1,1,37,37,6,6,117.8,0,0,1,0,0,0,46,0,0,7,14,3,12.333333333333334,0,0,7,12,3,11.083333333333334,0,11.1,0.6,2.02,Dropout,1,0.9318904182076962,High
1,43,2,9500,1,1,136.0,1,38,38,9,5,131.3,0,0,0,1,0,0,23,0,11,14,15,12,12.625,1,11,14,15,12,12.625,1,7.6,2.6,0.32,Graduate,0,0.09928119817497748,Low
1,1,1,9070,1,1,132.0,1,1,1,9,9,133.8,1,0,0,1,0,1,20,0,0,6,6,6,13.833333333333334,0,0,6,6,6,13.5,0,16.2,0.3,-0.92,Graduate,0,0.06078279222291811,Low
1,44,1,9070,1,39,120.0,1,3,38,3,9,120.0,0,0,0,1,1,0,20,0,2,7,7,6,12.5,0,5,9,10,7,13.142857142857142,1,16.2,0.3,-0.92,Graduate,0,0.1427725259112028,Low
1,1,6,9773,1,1,125.0,1,1,1,5,4,122.2,0,0,0,1,1,0,19,0,0,6,7,5,13.6,0,0,6,8,5,12.666666666666666,0,15.5,2.8,-4.06,Graduate,0,0.10716842530902772,Low
1,1,2,9773,1,1,120.0,105,1,1,9,9,119.0,1,0,1,0,0,0,18,1,0,6,6,6,12.0,0,0,6,6,2,11.0,0,11.1,0.6,2.02,Dropout,1,0.9189048150211166,High
1,1,1,9500,1,1,154.0,1,37,37,9,9,149.5,1,0,0,1,0,1,30,0,0,7,8,7,14.9125,0,0,8,9,1,13.5,0,13.9,-0.3,0.79,Dropout,1,0.7985531137351078,High
1,1,1,9147,1,1,180.0,1,37,37,7,4,153.8,1,0,0,1,0,1,20,0,0,5,5,5,13.8,0,0,5,6,5,12.0,0,9.4,-0.8,-3.12,Graduate,0,0.04707890435259954,Low
1,10,1,9773,1,1,152.0,22,38,37,5,9,152.0,1,0,0,1,0,0,22,1,0,6,8,6,11.666666666666666,0,0,6,6,6,13.0,0,12.7,3.7,-1.7,Graduate,0,0.09865076032609542,Low
